name,lat,lon,category
"""Betsy"" Wallis Reserve",-33.6414697,151.3219467,park
"""Park with No Name""",-33.8519709,151.1776108,park
18th Brigade Remembrance Drive Reserve,-33.9053797,151.0111971,park
18th Brigade Remembrance Drive Reserve,-33.9050986,151.0089707,park
3 Star Spices And Groceries,-34.0677873,150.8135216,supermarket
36th Battalion Park,-33.8807755,151.1609396,park
A E Watson Reserve,-33.9538089,151.1251869,park
A J supermarket,-33.8611247,151.0452928,supermarket
AB Crofts Playground,-33.9140211,151.1398085,park
ABILITY Education,-33.8819559,151.2036667,school
AC Charlie Moore Reserve,-33.7515218,151.0262826,park
ALDI,-34.2254291,150.5918265,supermarket
ALDI,-34.0685245,150.8104863,supermarket
ALDI,-34.0631859,150.8070023,supermarket
ALDI,-34.0497462,150.7573343,supermarket
ALDI,-34.0326914,151.0739521,supermarket
ALDI,-34.0180019,151.0108014,supermarket
ALDI,-33.9621833,151.1329508,supermarket
ALDI,-33.957756,151.138544,supermarket
ALDI,-33.9514891,151.2308608,supermarket
ALDI,-33.9442003,151.2233551,supermarket
ALDI,-33.9299232,151.1525331,supermarket
ALDI,-33.9282494,150.9811762,supermarket
ALDI,-33.8937596,151.0610814,supermarket
ALDI,-33.8900018,151.1248879,supermarket
ALDI,-33.8851142,151.1494127,supermarket
ALDI,-33.8830311,151.1943353,supermarket
ALDI,-33.8788576,151.2135219,supermarket
ALDI,-33.8558213,151.1634046,supermarket
ALDI,-33.8138914,151.1690286,supermarket
ALDI,-33.8038796,150.8050391,supermarket
ALDI,-33.7951496,151.1883297,supermarket
ALDI,-33.7875241,150.6689626,supermarket
ALDI,-33.7725474,150.9681496,supermarket
ALDI,-33.7689648,151.0299572,supermarket
ALDI,-33.7663683,151.2673418,supermarket
ALDI,-33.7549618,151.2848787,supermarket
ALDI,-33.7545651,150.706153,supermarket
ALDI,-33.7523025,150.659185,supermarket
ALDI,-33.7499745,151.2239906,supermarket
ALDI,-33.7386178,151.2107779,supermarket
ALDI,-33.7197855,150.7103192,supermarket
ALDI,-33.7173548,150.8407332,supermarket
ALDI,-33.6525321,151.0463207,supermarket
ALDI,-33.623517,150.8364678,supermarket
ALDI,-33.4515842,151.3601353,supermarket
ALDI Corner Store,-33.8982656,151.1787524,supermarket
ALDI Point Clare,-33.4455176,151.3274361,supermarket
ALG Mini Mart,-33.9242449,151.1874259,supermarket
AM Mart,-33.8859374,151.1584372,supermarket
AS Tanner Reserve,-33.9710661,151.1460359,park
AV Henry Reserve,-33.8786908,151.1766266,park
Abbie May Bush Reserve,-33.9606913,150.9010703,park
Abbotsford Public School,-33.8527297,151.1308929,school
Abbotsholme Glen,-33.764035,151.1614373,park
Abbotsleigh Junior School,-33.715927,151.1129009,school
Abbotsleigh Senior,-33.7203784,151.1132889,school
Abbott Road Reserve,-34.0831436,151.0014587,park
Abel Reserve,-33.9520634,151.0163612,park
Abercrombie Park,-33.8946945,150.9194744,park
Aberdeen Park,-33.8694431,150.8908462,park
Aberdour Village Reserve,-33.6809744,150.9192616,park
Abingdon Road Reserve,-33.7863203,151.161744,park
About Life,-33.8813765,151.2144295,supermarket
Abu Salim,-33.9081906,151.0286141,supermarket
Abu Salim Supermarket,-33.9082865,151.0574334,supermarket
Acacia Park,-33.9475578,150.888779,park
Acacia Park,-33.7940477,151.0493849,park
Acacia Park,-33.7922672,151.1005393,park
Acacia Reserve,-33.976281,151.0751386,park
Acacia Road Reserve,-34.030237,151.0668251,park
Academy Park,-33.732091,150.4744644,park
Academy of Interactive Entertainment,-33.882321,151.195893,school
Ace Reserve,-33.8627877,150.9590517,park
Achilles Reserve,-34.0581167,151.0103392,park
Ada Place Reserve,-33.8757901,151.1966958,park
Ada Street Reserve,-33.8833528,150.9533301,park
Adams Park,-33.8852236,150.9394869,park
Adams Reserve,-33.7685838,150.8347925,park
Adare Reserve,-33.7730928,151.2123505,park
Adelaide Street Reserve,-33.8870263,151.2117554,park
Adelaide Street Reserve,-33.769366,150.7843881,park
Adler Parade Reserve,-33.8287116,150.9599664,park
Admin block,-34.0462739,151.1128862,school
Adventure Park,-33.8049252,151.1056402,park
Airds High School,-34.086837,150.8271237,school
Airey Park,-33.867456,151.0731847,park
Airmans Park,-33.7893362,151.1508518,park
Airmount Courtyard,-33.8975065,151.2551449,school
Aitken Reserve,-33.7839501,151.2842619,park
Ajax Reserve,-33.9349743,151.1517088,park
Ajuga School,-33.969521,150.878033,school
Akora Reserve,-33.7526022,151.2283178,park
Akuna Reserve,-34.0925769,150.8179697,park
Al Amanah College,-33.9302355,150.9210307,school
Al Hikma College,-33.9261851,151.0812666,school
Al Noori Muslim School,-33.9108448,151.0500873,school
Al Sadiq College,-33.9098456,151.0560049,school
Al Sadiq College Yagoona Campus,-33.9067421,151.0251869,school
Al-Faisal College,-33.8562877,151.0310728,school
Al-Faisal College Campbelltown Campus,-34.0225494,150.857837,school
Al-Faisal College Lakemba Campus,-33.92365,151.0769656,school
Al-Faisal College Liverpool Campus,-33.9102046,150.8103953,school
Alan Ashton Foreshore Reserve,-33.9806488,150.9957201,park
Alan Benn Reserve,-34.134683,150.9901122,park
Alan Davidson Park,-33.4015299,151.3541856,park
Alan Pearce Reserve,-33.6977648,150.968028,park
Albatross Circuit Reserve,-34.0357955,151.0308894,park
Albatross Park,-33.4039219,151.4677802,park
Albert Brown Park,-33.797578,151.0630107,park
Albert De Lardes Reserve,-33.993634,151.0442407,park
Albert Hutchinson Reserve,-34.0302317,151.0560974,park
Albert Parade Reserve,-33.8828204,151.122973,park
Albert Park,-33.9279451,151.1324699,park
Albert Scheinberg Reserve,-33.6540391,150.8851519,park
Albert Sloss Reserve,-33.878143,151.2161119,park
Albert Street Park,-33.8444021,150.9636413,park
Albion Street Reserve,-33.516629,151.3226886,park
Alby Smith Memorial Reserve,-33.9178282,151.2511063,park
Alby Smith Memorial Reserve,-33.9175745,151.2494151,park
Alcheringa Reserve,-34.0446748,151.0960619,park
Alder Ave Playground,-33.807934,151.1514709,park
Alderson Park,-33.8227481,150.9771897,park
Aldi,-34.0853256,150.8009167,supermarket
Aldi,-34.065619,151.0144536,supermarket
Aldi,-34.0412488,150.7346059,supermarket
Aldi,-34.0383693,151.1420651,supermarket
Aldi,-34.0347234,151.1029029,supermarket
Aldi,-34.0331618,151.0994054,supermarket
Aldi,-34.0285778,150.8491152,supermarket
Aldi,-34.0265111,150.7787551,supermarket
Aldi,-33.9963476,150.7923122,supermarket
Aldi,-33.9946629,150.7245064,supermarket
Aldi,-33.984893,150.892112,supermarket
Aldi,-33.9768323,151.1245081,supermarket
Aldi,-33.9663598,151.1061192,supermarket
Aldi,-33.9543732,150.8582646,supermarket
Aldi,-33.95218,151.0510396,supermarket
Aldi,-33.9486298,150.8999046,supermarket
Aldi,-33.9412895,151.238897,supermarket
Aldi,-33.9390557,150.8446601,supermarket
Aldi,-33.928004,150.9077254,supermarket
Aldi,-33.9244736,151.0793615,supermarket
Aldi,-33.9243293,151.2122813,supermarket
Aldi,-33.9218111,150.9229388,supermarket
Aldi,-33.9186845,150.8550807,supermarket
Aldi,-33.9137362,151.0340227,supermarket
Aldi,-33.9106127,151.1199892,supermarket
Aldi,-33.9064459,151.1727889,supermarket
Aldi,-33.8998685,150.9927387,supermarket
Aldi,-33.897751,151.2122218,supermarket
Aldi,-33.8933863,150.89011,supermarket
Aldi,-33.8931329,151.2482153,supermarket
Aldi,-33.8825123,150.9767524,supermarket
Aldi,-33.8792614,151.2355134,supermarket
Aldi,-33.8685542,150.9232071,supermarket
Aldi,-33.8683497,150.9582151,supermarket
Aldi,-33.8635658,151.0879724,supermarket
Aldi,-33.8520541,151.0317336,supermarket
Aldi,-33.8509187,150.9095217,supermarket
Aldi,-33.849482,150.9965869,supermarket
Aldi,-33.8492864,151.0486602,supermarket
Aldi,-33.8391632,151.208347,supermarket
Aldi,-33.8347102,150.9885033,supermarket
Aldi,-33.8237568,151.1240415,supermarket
Aldi,-33.8173448,151.0000983,supermarket
Aldi,-33.816051,150.9697549,supermarket
Aldi,-33.8130731,151.1060339,supermarket
Aldi,-33.8126989,151.0420988,supermarket
Aldi,-33.7975012,151.1841794,supermarket
Aldi,-33.7893949,150.890104,supermarket
Aldi,-33.7891562,150.8899679,supermarket
Aldi,-33.7776316,151.1213817,supermarket
Aldi,-33.7768245,151.1203324,supermarket
Aldi,-33.7751676,150.9338876,supermarket
Aldi,-33.7699808,150.7714345,supermarket
Aldi,-33.7698463,150.9046957,supermarket
Aldi,-33.7655226,150.827603,supermarket
Aldi,-33.7587504,150.9914378,supermarket
Aldi,-33.7503212,150.6912771,supermarket
Aldi,-33.729437,151.0061383,supermarket
Aldi,-33.7197659,150.9192853,supermarket
Aldi,-33.7174132,150.8914674,supermarket
Aldi,-33.7138357,150.9729918,supermarket
Aldi,-33.7049693,151.10056,supermarket
Aldi,-33.6987885,150.9581045,supermarket
Aldi,-33.6952596,151.296484,supermarket
Aldi,-33.6929978,151.0186481,supermarket
Aldi,-33.6851459,150.9183556,supermarket
Aldi,-33.6775598,151.3022081,supermarket
Aldi,-33.6589109,150.8804691,supermarket
Aldi,-33.656192,151.1338842,supermarket
Aldi,-33.5987603,150.7544025,supermarket
Aldi,-33.5804968,150.7197634,supermarket
Aldi,-33.4390309,151.3944323,supermarket
Aldi,-33.4073499,151.3513627,supermarket
Aldi Auburn,-33.8499105,151.0316494,supermarket
Aleta End,-33.7419561,151.098664,park
Alex Grimson Reserve,-33.9292344,150.8489197,park
Alexander Egoroff Reserve,-33.7357939,150.8460424,park
Alexander Primary School,-33.6765282,151.1871284,school
Alexandria Park,-33.9000484,151.1978152,park
Alexandria Park Community School,-33.9009406,151.1958573,school
Alexandria Technology Park,-33.9084034,151.1921172,park
Alfords Point Public School,-33.992547,151.023944,school
Alfred Cook Park,-33.793223,151.1564977,park
Alfred Henry Whaling Memorial Reserve,-33.7455426,150.9901577,park
Alfred Street North Park,-33.8412748,151.2117561,park
Algie Park,-33.877297,151.1373599,park
Alice Lee Reserve,-33.8761301,151.1867239,park
Alice Park,-33.9098424,151.0294627,park
Alice Robinson Reserve,-33.7035499,150.9933136,park
Alice Street Reserve,-34.0185698,151.0636564,park
Alice Watkins Reserve,-33.7965378,150.9816661,park
Alison Park,-33.9119033,151.2405215,park
Alison Playground,-33.9083114,151.1372743,park
All Hallows Catholic Primary School,-33.8610674,151.133322,school
All Saints Catholic College Liverpool,-33.9193215,150.9265737,school
All Saints Catholic Senior School,-33.9535101,150.9079181,school
All Saints Girls College,-33.9200327,150.9267323,school
All Saints Grammar Junior School,-33.9149738,151.0914101,school
All Saints Grammar School,-33.9292799,151.0953516,school
All Saints Primary School,-33.9187416,150.9260456,school
All Saits Boys College,-33.9187776,150.9269678,school
Allambie Avenue Reserve,-34.059447,151.1160839,park
Allambie Flat,-34.0743412,151.0542281,park
Allambie Heights Oval,-33.7657948,151.2482635,park
Allambie Heights Public Hall,-33.7659191,151.2535719,park
Allambie Heights Public School,-33.7661507,151.2491212,school
Allambie Reserve,-33.8729002,150.8771574,park
Allambie Reserve,-33.8726245,150.8744118,park
Allan Davies Reserve,-33.8134119,150.9847799,park
Allard Corner,-33.7763234,151.2041822,park
Allder Park,-33.8904606,151.0078508,park
Allen Park,-33.7734509,151.1397713,park
Allgera Reserve,-33.9259854,151.087894,park
Allington Reserve,-33.6969077,151.2808759,park
Allison Park,-33.8521344,151.1355281,park
Allison Reserve,-33.917506,151.0070304,park
Allison Road Park,-33.8577737,150.9791939,park
Allman Park,-33.8919371,151.1306617,park
Allum Park,-33.9061768,151.0618951,park
Allworth Reserve,-33.7420272,151.1922892,park
Alma Crescent Reserve,-33.7327286,150.6538696,park
Almond Street Reserve,-33.9341332,151.148197,park
Alpha Mart,-33.9497813,151.0301258,supermarket
Alpha Omega Senior College,-33.8507349,151.0314811,school
Alpha Omega Senior College,-33.8503723,151.0319902,school
Alquds Food & Deli,-34.0665639,150.8137627,supermarket
Alroy Park,-33.7470563,150.8377994,park
Alston Park,-33.7132138,150.4564486,park
Altrove Hilltop Park,-33.7081886,150.8700487,park
Alumni Park,-33.9163178,151.2294706,park
Alumni Park,-33.9162192,151.2285927,park
Alwyn Lindfield Reserve,-33.7361358,150.9292957,park
Am Mart,-33.7388251,151.2102034,supermarket
Am Mart,-33.7302552,151.1582415,supermarket
Amalfi Memorial Park,-33.9360406,150.9016866,park
Amaroo Reserve,-33.9080936,150.9830288,park
Amaroo Street Reserve,-33.7580049,150.7283541,park
Amazing Asian Market,-33.885233,151.2006398,supermarket
Ambarvale High School,-34.1001572,150.801569,school
Ambarvale Public School,-34.0864603,150.7981876,school
Amber Reserve,-33.8968851,150.9842832,park
Amberdale Reserve,-33.9721055,151.0034007,park
Ambleside Reserve,-33.7310532,151.2787546,park
Amelia Reserve,-33.699708,151.2880543,park
Amity College Prestons,-33.9417287,150.876041,school
Amour Park,-33.9517352,151.0076963,park
Amphitheatre Circuit Reserve,-33.7584976,150.9593955,park
Amundsen Reserve,-34.0481822,150.8493969,park
An Phat Supermarket,-33.8839049,150.9270634,supermarket
Anana Reserve,-33.7029047,151.2857587,park
Ancrum Street Reserve,-33.8399049,151.2012747,park
Anderson Memorial Reserve,-33.483531,151.3248713,park
Anderson Park,-33.9993472,151.1231561,park
Anderson Park,-33.9021901,150.9011329,park
Anderson Park,-33.8399306,151.2151645,park
Anderson Park,-33.8214826,151.0950888,park
Anderson Park,-33.8121806,151.0491393,park
Anderson Street Road Reserve,-33.8366082,151.2198892,park
Andrew Campbell Reserve,-33.8130349,150.9147713,park
Andrew Thompson Park,-33.8035381,150.7988442,park
Andromeda Drive Reserve,-33.7082337,150.719245,park
Angle Park,-33.9072451,150.9546673,park
Anglican Technical College Western Sydney,-33.7319083,150.9411599,school
Anglo Park,-33.7942683,151.1751882,park
Anglo Square,-33.9730599,151.1238044,park
Angophora Reserve,-33.7591572,151.2022477,park
Angus Memorial Park,-33.7734322,150.8415733,park
Angus Park,-33.9959099,150.749569,park
Angus Park,-33.8651809,151.0255379,park
Anita Cobby Park,-33.7814341,150.8895251,park
Ankali Place Reserve,-33.7702482,151.2702027,park
Ann Cashman Reserve,-33.8585793,151.1749154,park
Ann Thorn Park,-33.817507,151.0945634,park
Anna Maria King Park,-33.8071348,151.0305643,park
Annandale North Public School,-33.8779457,151.1718043,school
Annandale Public School,-33.8857797,151.1696127,school
Annangrove Public School,-33.6681104,150.9522111,school
Annes Reserve,-33.7372429,151.2744222,park
Annie Prior Reserve,-33.6994371,150.9906301,park
Annie Spence Close & Palomino Road Reserve,-33.7370484,150.6514443,park
Annie Twiss Reserve,-33.9499235,151.0875109,park
Anniversary Avenue Reserve,-33.4403971,151.4324989,park
Anthony Skarratt Reserve,-33.6643108,150.9072856,park
Anthony Street Reserve,-33.8821552,151.1195107,park
Anulla Place Park,-33.7175134,151.1077754,park
Anzac Park,-33.9116115,151.1020792,park
Anzac Park,-33.8267032,151.2120046,park
Anzac Park,-33.8067463,151.0924119,park
Anzac Park Public School,-33.8263212,151.2104197,school
Apex Community Park,-33.9989746,150.8805536,park
Apex Park,-33.8775031,150.8950263,park
Apex Park,-33.8567697,151.1603677,park
Apex Park,-33.7152576,151.0164112,park
Apex Park,-33.6781655,151.3131495,park
Apex Reserve,-33.906743,151.0395489,park
Apex Reserve,-33.8613608,151.042518,park
Aplin Road Reserve,-33.8887235,150.8745947,park
Appin Park,-34.198597,150.789517,park
Appin Public School,-34.1984157,150.7874901,school
Apple Gum Reserve,-33.7835811,150.6640078,park
Applegum Way,-33.7610216,151.1226934,park
Apsley Place Reserve,-34.0206322,151.118251,park
Aqua Flora Park,-33.9994734,151.1384054,park
Aquatic Reserve,-33.7567797,151.2364324,park
Aquinas Catholic College,-34.0197356,151.0210399,school
Araluen Place Reserve,-34.0226335,151.0679219,park
Aranda Reserve,-33.7462306,151.204807,park
Ararat Reserve,-33.7627334,151.2302583,park
Arbutus Park,-33.8869158,150.9292755,park
Arcadia Public School,-33.6232543,151.0519536,school
Arcadia Street Park,-33.8345465,150.9714752,park
Archdale Park,-33.7179157,151.1155844,park
Archibold Park,-33.4115278,151.4610357,park
Archway Park,-34.0214716,150.75318,park
Arden Anglican School,-33.7467535,151.0649337,school
Arden Anglican School Epping Secondary Campus,-33.7704667,151.0840756,school
Ardennes Park,-33.9627841,150.8706051,park
Argyle Bailey Memorial Reserve,-33.5404445,150.8890305,park
Argyle Place Park,-33.8583857,151.2046352,park
Aria Store,-33.8077021,151.0070293,supermarket
Arlington Recreation Reserve,-33.902352,151.136748,park
Armstein Crescent Reserve,-33.7557437,150.7466708,park
Armstrong Park,-33.9101428,150.9161317,park
Arncliffe Park,-33.9352344,151.1423825,park
Arncliffe Public School,-33.9405447,151.1475466,school
Arncliffe West Public School Preschool Centre,-33.9317035,151.1451204,school
Arndell Anglican College,-33.6209474,150.8500421,school
Arndell School,-33.8039095,151.1256101,school
Arnett Park,-33.8458188,150.974113,park
Arnhem Road Reserve,-33.7582661,151.2463427,park
Arnold Avenue Reserve,-33.7122612,150.9434397,park
Arrahman College,-33.9128918,150.8199567,school
Arranounbai School,-33.7568107,151.2418634,school
Arrowroot Park,-33.6958487,150.9095668,park
Arrowsmith Park,-33.966328,151.0955773,park
Art Barton Park,-33.8453864,151.2087636,park
Artarmon Park,-33.8129462,151.1901103,park
Artarmon Primary School,-33.8112014,151.1854006,school
Artarmon Reserve,-33.8103916,151.190452,park
Artarmon Village Green,-33.8081682,151.1840491,park
Arthur (Paddy) Gray Reserve,-33.8796819,151.1826317,park
Arthur Byrne Reserve,-33.9502782,151.2543159,park
Arthur Laundy Reserve,-33.8961345,150.9861341,park
Arthur McElhone Reserve,-33.8698529,151.2268729,park
Arthur Park,-33.9508479,151.1975872,park
Arthur Park,-33.927802,151.0416063,park
Arthur Phillip High School,-33.815714,151.0077182,school
Arthur Phillip Park,-33.7948131,150.9879795,park
Arthur Reserve,-33.8768132,151.2257788,park
Arthur Reserve,-33.7491357,151.284543,park
Arthur Whitling Park,-33.7312845,151.0084074,park
Artie Street Reserve,-33.8821473,150.95846,park
Arundel Park Drive Reserve,-33.7999451,150.7957172,park
Arundel Street Reserve,-33.8849472,151.18179,park
Arunta Reserve,-34.046519,150.8467084,park
Ascham,-33.8772867,151.2362759,school
Ascot Place Reserve,-34.0336619,151.106003,park
Ashbury Public School,-33.8988511,151.1194218,school
Ashcroft High School,-33.9204026,150.897265,school
Ashcroft Public School,-33.9163914,150.898372,school
Ashcroft Reserve,-33.9110332,150.978453,park
Ashcroft's IGA,-33.8042565,150.8038171,supermarket
Ashfield Boys High School,-33.8895354,151.1293515,school
Ashfield Korea Mart,-33.8873698,151.126233,supermarket
Ashfield Park,-33.8858019,151.1344284,park
Ashfield Public School,-33.8895026,151.1281548,school
Ashfield Reserve,-34.095605,150.7789042,park
Ashfordby Park,-33.9170419,150.9555873,park
Ashlar Park,-33.7609145,150.900913,park
Ashley Avenue North Reserve,-33.7537399,151.045761,park
Ashley Avenue Reserve,-33.7551963,151.0429749,park
Ashley Brown Reserve,-33.764282,150.9400328,park
Ashmead Reserve,-34.0242912,150.8621733,park
Ashworth Reserve,-33.7392557,151.2074467,park
Asian City,-33.7953506,151.185705,supermarket
Asian Food,-33.9241353,151.2276853,supermarket
Asian Food Market,-33.7686145,150.9102438,supermarket
Asian Point Grocery,-33.822744,151.193998,supermarket
Aspect Hills Shire School,-33.6291976,150.9060903,school
Aspect Vern Barnett School,-33.7636645,151.220133,school
Aspect Western Sydney School,-33.8478671,150.9135773,school
Asquith High School,-33.6896647,151.1111762,school
Asquith Park,-33.6822231,151.1094873,park
Asquith Public School,-33.6857325,151.1121682,school
Asquith Spices,-33.6884379,151.1076465,supermarket
Astley Park,-33.7669578,150.7765599,park
Astrolabe Park,-33.9288325,151.2220158,park
Athelstane Public School,-33.9374505,151.1383463,school
Atherton Park,-33.8644895,150.926699,park
Atlanta Park,-33.9413426,150.9123781,park
Atlas Reserve,-34.0592838,150.7445468,park
Aubrey Keech Reserve,-33.9199726,150.8711214,park
Auburn Girls High School,-33.8430405,151.0336815,school
Auburn Memorial Park,-33.8499271,151.0338463,park
Auburn North Public School,-33.8417862,151.0386395,school
Auburn Park,-33.8443106,151.0337627,park
Auburn West Public School,-33.8609244,151.0197424,school
Augusta Park,-33.9746892,151.1181854,park
Augustus Loftus Reserve,-33.8650019,151.0824422,park
Auluba Reserve,-33.7515794,151.110887,park
Aunty Mavis Halvorson Park,-33.7408854,150.841363,park
Ausburn Reserve,-33.758605,150.6615208,park
Austin Park,-33.8611281,151.0667319,park
Austin Reserve,-33.9685257,151.0053415,park
Austin Reserve,-33.9553923,151.0708454,park
Austin Street Reserve,-34.0005325,151.0426435,park
Austinmer Boatharbour,-34.2998996,150.9415095,beach
Austral Avenue Reserve,-33.8113505,150.9828071,park
Austral Public School,-33.9344575,150.8126331,school
Australasia Academy,-33.8759545,151.2086255,school
Australia II Park,-33.7822527,151.1091788,park
Australia Road Reserve,-34.0305416,151.0094581,park
Australia Street Infants School,-33.8957836,151.1775943,school
Australia Street and Brisbane Street Reserve,-33.7664981,150.7813843,park
Australian Christian College,-33.6780785,150.8380386,school
Australian International Academy,-33.8929501,151.0885644,school
Australian Islamic College of Sydney,-33.7589195,150.8300805,school
Australian Islamic College of Sydney Senior School,-33.7596453,150.8326558,school
Australis Park,-33.9596309,150.9394797,park
Avalon Beach Reserve,-33.6340041,151.3316541,park
Avalon Public School,-33.6393838,151.3267207,school
Avalon wholefoods store,-33.6372168,151.3285337,supermarket
Avery Park,-33.8730436,150.9271273,park
Avoca Avenue Reserve,-33.7450954,150.6780663,park
Avoca Beach,-33.4669026,151.4352573,beach
Avoca Beach Public School,-33.4711639,151.4307388,school
Avoca Lions Park,-33.4622167,151.4277821,park
Ayrshire Reserve,-34.059938,150.7449413,park
Ayshford Reserve,-33.9378926,150.8407055,park
Baden Powel Park,-33.4432915,151.2743014,park
Baden Powell Reserve,-34.0813818,150.8225984,park
Badgally Reserve,-34.0484286,150.8047066,park
Badu,-33.928241,150.8337343,park
Badu Park,-33.8832995,151.1751777,park
Bain Playground,-33.8916545,151.1694053,park
Baker Park,-33.9406674,150.8989694,park
Baker Park,-33.9225889,151.2488987,park
Balcombe Heights Estate,-33.7655744,150.9824875,park
Balcombe Park,-33.7173653,151.1134531,park
Bald Face Public School,-33.99676,151.1069011,school
Bales Park,-33.7977057,151.1937064,park
Balgowlah Heights IGA,-33.8009319,151.2571192,supermarket
Balgowlah Heights Public School,-33.8059953,151.2587354,school
Balgowlah Heights Public School,-33.8058444,151.2577642,school
Balgowlah North Public School,-33.7832643,151.2464381,school
Ballaarat Park,-33.8639952,151.1970372,park
Ballantrae Reserve,-34.0202813,150.8335675,park
Ballar Avenue Reserve,-34.0453709,151.0930096,park
Ballast Point Park,-33.8524503,151.1891055,park
Ballast Point Reserve,-33.8506321,151.1832603,park
Ballina Reserve,-33.7779107,151.2195992,park
Balmain East Liquor & Deli,-33.8575103,151.1933303,supermarket
Balmain Public School,-33.8591474,151.1834104,school
Balmoral Beach,-33.8240387,151.253695,beach
Balmoral Park,-33.8987553,151.0999789,park
Balmoral Park,-33.8271747,151.2534343,park
Bambara Oval,-33.7407983,151.2194903,park
Bambara Park,-33.7524406,150.8161169,park
Banavie Reserve,-33.4990298,151.424167,park
Bancroft Park,-33.7840006,151.1839043,park
Bancroft Road Reserve,-33.8754847,150.8641596,park
Band Hall Reserve,-33.8967291,151.0195663,park
Bandalong Reserve,-33.7678675,151.1384938,park
Bangor Park,-33.9259704,151.2475556,park
Bangor Park,-33.8464707,151.0172885,park
Bangor Primary School,-34.0195096,151.0291117,school
Banks Public School,-33.7937212,150.7730812,school
Banks Reserve,-34.0815524,150.6927767,park
Banks Reserve,-33.7555781,150.9404804,park
Banksia Road Primary School,-33.9068944,151.0500976,school
Banksmeadow Public School,-33.9537326,151.2068819,school
Banksmeadow Public School Preschool,-33.9537629,151.2055944,school
Bankstown ANZAC Memorial Park,-33.9161396,151.0339104,park
Bankstown City Gardens,-33.9220775,151.0338235,park
Bankstown City Sports Complex,-33.9280582,151.0228778,park
Bankstown Girls High School,-33.9206405,151.0320424,school
Bankstown Hospital School,-33.933446,151.021069,school
Bankstown Memorial Park,-33.922534,151.0321159,park
Bankstown North Public School,-33.9050169,151.0380328,school
Bankstown Oval,-33.9232777,151.0317043,park
Bankstown Public School,-33.9210901,151.0337185,school
Bankstown Senior College,-33.9309139,151.0222007,school
Bankstown South Infants School,-33.9311553,151.0384608,school
Bankstown West Primary,-33.9155763,151.0196564,school
Bannerman Crescent Reserve,-33.9195299,151.2108865,park
Bannockburn Oval,-33.7348963,151.1404002,park
Bantry Bay Reserve,-33.7803743,151.2411634,park
Baraba Reserve,-33.8542001,151.0132392,park
Baralyly Park,-33.788397,151.0549361,park
Barambah Reserve,-33.7853086,151.1936025,park
Barbara Street Children's Playground,-33.869575,150.9531692,park
Barcom Avenue Park,-33.881043,151.2207968,park
Barcom Street Reserve,-33.8388161,150.9728655,park
Barcoo Reserve,-33.7834984,151.1935095,park
Bardia Park,-33.9783456,150.8588815,park
Bardia Park,-33.9530867,150.946999,park
Bardia Public School,-33.9753373,150.8579191,school
Bardo Park,-33.8475313,151.0370124,park
Bardo Park,-33.436689,151.2872451,park
Bardon Park,-33.9168779,151.2533973,park
Bardwell Park Infants School,-33.9334147,151.1254437,school
Bareena Park,-33.891137,150.9499651,park
Bareena Park,-33.8061703,151.2614775,park
Bargo Public School,-34.2930301,150.5827146,school
Bark Huts Park,-33.8991073,151.0844503,park
Barker Close,-34.0773583,150.6930423,park
Barker College,-33.711026,151.1003821,school
Barker College Prepatory School,-33.7138763,151.1014024,school
Barnett Park,-33.7807349,150.97694,park
Barnett Street Reserve,-33.7747489,150.6891096,park
Barney & Bligh Reserve,-33.8590952,151.2091974,park
Barnier Public School,-33.7205424,150.9017953,school
Baronesa Park,-33.7661917,150.7054481,park
Barra Brui Reserve,-33.7434538,151.1685803,park
Barra Wood,-33.7341716,151.1683357,park
Barracluff Park,-33.8838281,151.2697697,park
Barrallier Park,-34.0792778,150.571115,park
Barramurra Public School,-34.0073589,150.7497201,school
Barratt Reserve,-34.0860664,150.6999962,park
Barrenjoey High School,-33.6311746,151.3339136,school
Barrenjoey Montessori School,-33.6324676,151.3330769,school
Barry Road Reserve,-33.6811066,150.9470141,park
Bartels Park,-33.7973004,151.1745129,park
Barton Park,-33.9480006,151.1540535,park
Barton Park,-33.8011899,151.0208633,park
Barwell Park,-33.9615254,151.1206502,park
Barwon Park,-33.9599571,151.2361301,park
Basil Cook Reserve,-33.7712243,151.06327,park
Basil Street Reserve,-33.9534547,151.0434381,park
Basin Beach,-33.676856,151.3165221,beach
Bass High School,-33.8982206,150.9897824,school
Bass Hill Primary,-33.9058777,151.0057685,school
Bass Reserve,-33.9929614,150.8963262,park
Bates Drive Public School,-34.0222445,151.0852551,school
Bathurst Street Park,-33.8151874,150.9381483,park
Batman Park,-33.7190722,150.5749077,park
Baulkham Hills High School,-33.7513821,150.9909318,school
Baulkham Hills North Primary School,-33.7519303,150.9999396,school
Baxter Reserve,-33.89384,150.983222,park
Bay Park,-33.8310085,151.0732059,park
Bay Street Reserve;Stan McCabe Park,-33.8171768,151.2396299,park
Bayanami Public School,-33.8090975,151.002358,school
Bayside High School,-33.9675974,151.1378031,school
Bayview Park,-33.8578895,151.1210961,park
Beach Paddock,-33.8531329,151.2734452,park
Beach Road Reserve,-33.8841184,151.2689801,park
Beacon Hill Public School,-33.7515309,151.260171,school
Beacon Hill Reserve,-33.7538303,151.2625552,park
Beaconsfield Park,-33.9111614,151.1996427,park
Beaconsfield Street Reserve,-33.8405578,151.0437736,park
Beaconsfield Street Reserve,-33.6613341,151.3102754,park
Beale Park,-33.9228413,150.9166255,park
Beaman Park,-33.9163968,151.1374073,park
Beare Park,-33.8702557,151.2292722,park
Beatham Reserve,-33.9393666,150.9849234,park
Beatrice Thompson Park,-33.6996707,151.1033731,park
Beattie Park,-33.8009189,151.1010368,park
Beatty Reserve,-33.9703854,151.0669868,park
Beauchamp Park,-33.7909524,151.1866071,park
Beauford Avenue Reserve,-34.0599658,151.110819,park
Beaufort Street Park,-33.8501976,150.9788351,park
Beaumont Drive Reserve,-33.6963017,150.945558,park
Beaumont Hills Public School,-33.6977936,150.9456373,school
Beaumont Park,-33.9335945,151.1095344,park
Beaumont Park,-33.855424,150.9185317,park
Beaumont Road Public School,-33.7742903,151.1462009,school
Beauty Point Crescent Reserve,-33.7707007,150.6442285,park
Beauty Point Public School,-33.8120171,151.2418698,school
Becharry Park,-33.75856,150.8875183,park
Beckenham Reserve,-33.9348732,151.1946723,park
Bed Boyd Road Park,-33.8410243,151.2173385,park
Beddington Court Reserve,-33.9629748,150.9454675,park
Bede Polding College,-33.63208,150.7977895,school
Bedes Forest,-33.7314708,151.168906,park
Bedwell Park,-33.9441025,150.835202,park
Beecroft Park,-33.7571862,151.0655385,park
Beecroft Public School,-33.7520869,151.0644402,school
Beehag Reserve,-33.9447038,151.146752,park
Begnell Field,-33.9013053,151.0784964,park
Beijing Dim Sim,-33.7877772,151.0857122,supermarket
Belair Road Reserve,-33.7457208,150.7055404,park
Belgenny Reserve,-34.0704803,150.6986771,park
Bell Park,-33.9737719,151.0999365,park
Bell Park,-33.7996438,151.0678891,park
Bell Park,-33.5774919,150.6902796,park
Bell Reserve,-33.9532705,151.0687868,park
Bell Reserve,-33.8746084,151.1241992,park
Bell Street Reserve,-34.210339,150.5745354,park
Bell Tower Park,-33.9881622,150.79529,park
Bella Vista Public School,-33.7269152,150.9542519,school
Bellamy Beach,-33.8696224,151.2539608,beach
Bellevue Hill Public School,-33.8870001,151.2597672,school
Bellevue Parade Reserve,-33.9763911,151.1141192,park
Bellevue Park,-33.8870689,151.2605797,park
Bellevue Park,-33.7805714,150.8936623,park
Bellevue Park,-33.7189683,150.4319314,park
Bellfield College,-33.9416174,150.7670821,school
Belmont Street Park,-33.8443635,150.981815,park
Belmore Boys High School,-33.9106462,151.0859564,school
Belmore North Public School,-33.9100505,151.0853207,school
Belmore Park,-33.8812912,151.2074096,park
Belmore Park,-33.8006594,151.007455,park
Belmore South Public School,-33.92497,151.0917453,school
Belmore St Reserve,-33.9352723,151.1459863,park
Belrose Public School,-33.727212,151.2164775,school
Ben Davis Reserve,-33.4985293,151.3819664,park
Benda Street Reserve,-33.9124606,151.0827293,park
Bendall Reserve,-34.0621781,150.8453996,park
Benghazi Park,-33.8550238,150.89019,park
Benham Reserve,-34.024184,150.8549612,park
Benjamin Parker Reserve,-33.430291,151.4421681,park
Bennabra Place Reserve,-33.7456692,151.2098752,park
Bennalong Park,-33.8344046,150.9993539,park
Bennett Park,-33.9408814,151.0641413,park
Bennett Park,-33.7691904,150.7769452,park
Bennett Road Public School,-33.7835043,150.792449,school
Benoit Park,-33.7139611,150.5899366,park
Bensley Reserve,-34.0010524,150.8875285,park
Benvenue Reserve,-33.9341426,151.2391583,park
Benwerrin Reserve,-34.0595146,150.6592917,park
Berala Public School,-33.8697523,151.028204,school
Bereewan Park,-33.6141808,150.8106427,park
Berenice Forster Park,-34.0837013,151.1513135,park
Beresford Street Reserve,-33.7812474,150.7817199,park
Bernera Reserve,-33.9470697,150.8661018,park
Berowra Christian School,-33.6212137,151.1472958,school
Berowra Park,-33.6221627,151.1496821,park
Berowra Public School,-33.6186182,151.1478548,school
Berruex Reserve,-33.791218,150.8353388,park
Berry Island Reserve,-33.8392893,151.1888206,park
Berry Park,-33.6773293,151.1178294,park
Berry Reserve,-33.7188659,151.2952837,park
Berry Reserve,-33.7144701,151.2964442,park
Berryman Reserve,-33.9133856,150.9334614,park
Bert Burrows Park,-33.9238239,150.8543634,park
Bert Parkinson Reserve,-33.7253915,151.0005549,park
Bert Payne Park,-33.6532581,151.3233185,park
Berwick Street Reserve,-33.8500145,150.9797995,park
Beryl Simes Smith Park,-33.7639779,150.9108458,park
Best Road Park,-33.7769967,150.9400147,park
Best Street Reserve,-33.8170164,151.1548866,park
Best Value Supermart,-33.9185384,151.0331576,supermarket
Beswick Park,-33.9241207,150.9042153,park
Betham Place Reserve,-34.0429139,151.0692608,park
Bethany Catholic Primary School,-33.7877785,150.6735564,school
Bethany College,-33.9615724,151.1131951,school
Bethel Christian School,-33.7752847,150.8112257,school
Bettina Court Reserve,-33.9160145,151.0596149,park
Betts Park,-33.8405135,151.1433483,park
Betty Morrison Reserve,-33.6644545,151.3198989,park
Beulah Street Reserve,-33.8514699,151.2170612,park
Beverley Blacklock Reserve,-33.8022809,151.2297661,park
Beverley Hills North Primary,-33.9408063,151.0747693,school
Beverley Job Park,-33.7516244,151.2769447,park
Beverley Park School,-34.062208,150.824219,school
Beverly Hills Girls High School,-33.9484753,151.0786058,school
Beverly Hills Park,-33.9448701,151.0887656,park
Beverly Hills Primary School,-33.9534494,151.0851895,school
Bexley North Public School,-33.9408672,151.1203427,school
Bexley Park,-33.9504937,151.1182314,park
Bexley Primary School,-33.9476917,151.1288426,school
Biara Avenue Reserve,-33.9237685,151.1048293,park
Biba Beach,-33.6208121,151.2989285,beach
Bibbys Park,-33.8837289,150.8915439,park
Bicentennial Park,-33.9633489,151.145758,park
Bicentennial Park East,-33.9599788,151.1490968,park
Bicentennial Reserve,-33.812857,151.2037183,park
Biddigal Reserve,-33.8910729,151.2828309,park
Biddy Giles Park,-34.033241,151.0719063,park
Bidgee Park,-33.8097315,151.1172198,park
Bidwill Public School,-33.733185,150.8261447,school
Bidwill Reserve,-33.7315768,150.8260406,park
Biehler Reserve,-34.0526213,150.8480821,park
Bieler Park,-33.9068114,151.2507331,park
Bigge Park,-33.9218056,150.9281194,park
Bilarong Reserve,-33.7105818,151.2885896,park
Bilba Reserve,-34.0098724,151.0543783,park
Bilgola Beach,-33.6454142,151.3284872,beach
Bilgola Plateau Park,-33.6425468,151.3143534,park
Bilgola Plateau Public School,-33.6440238,151.3133924,school
Bill Anderson Park,-33.8814012,150.7894267,park
Bill Boyce Reserve,-33.8609735,151.0809431,park
Bill Delauney Reserve,-33.9729111,151.0168899,park
Bill Fisher Reserve,-33.8512372,151.1465881,park
Bill Heckenberg Park,-33.8425688,150.9884187,park
Bill Morrison Park,-33.9268496,150.9289316,park
Bill Peters Reserve,-33.8860779,151.1204582,park
Bill Thompson Reserve,-33.8092758,151.0133761,park
Bill Wakeham Reserve,-33.9929894,151.064908,park
Bill Watson Reserve,-33.7775962,151.0118374,park
Bill Whalley Reserve,-33.9624105,151.1226756,park
Bill Wilson Park,-33.9557551,150.8806221,park
Bill Wood Reserve,-33.7076123,150.9990269,park
Billy Goat Hill Reserve,-33.767108,150.9165248,park
Bilpin Public School,-33.4972835,150.516955,school
Bilpin Reserve,-33.4960389,150.5173522,park
Binalong Reserve,-33.9038386,150.9905125,park
Binaville Avenue Reserve,-34.067787,151.1396412,park
Binder Reserve,-33.9528689,151.0920738,park
Bingara Park,-33.7607748,151.065288,park
Binnowee Park,-33.4505156,151.3663768,park
Binyang Park,-33.7166369,150.9086554,park
Biplane Park,-33.8233519,151.0184047,park
Birang Daruganora Park,-33.704234,150.9195423,park
Birchgrove Public School,-33.8530039,151.1770265,school
Birdwood Park,-33.7040856,151.3048427,park
Birk Park,-33.7942363,150.970538,park
Birriwa Reserve,-34.0512967,150.7605693,park
Birrong Boys High School,-33.8940218,151.0249905,school
Birrong Girls High School,-33.8894888,151.0257007,school
Birrong Public School,-33.8956079,151.0200512,school
Birrung Park,-33.8606585,151.184229,park
Biscayne Ave Park,-33.8286292,150.9682119,park
Bishop Wilton Reserve,-34.0455817,150.7340542,park
Bismillah Butchery and BBQ,-33.9229813,151.0787722,supermarket
Biyanbing Park,-33.9081749,151.2095676,park
Black Forest Reserve,-33.9422591,151.0885159,park
Black Muscat Park,-33.9097812,150.9649463,park
Blackburn Park,-33.7186073,151.1784746,park
Blackbutt Avenue Reserve,-33.9769908,151.041935,park
Blackbutt Park,-33.7366101,151.1502207,park
Blackett Heights Reserve,-33.7360419,150.8230579,park
Blackett Public School,-33.7396025,150.8158418,school
Blackford Park,-33.8762909,150.9777848,park
Blackmore Park,-33.8747812,151.1504999,park
Blacksmith Park,-33.8720616,150.8977829,park
Blacktown Boys High School,-33.7618229,150.9119663,school
Blacktown Girls High School,-33.761976,150.910792,school
Blacktown South Primary School,-33.78022,150.9052998,school
Blacktown West Public School,-33.770444,150.8930567,school
Blacktown Youth College - Lawson Campus,-33.7191356,150.4309708,school
Blackwattle Bay Park,-33.8725115,151.1844701,park
Blackwell Public School,-33.8063377,150.7830375,school
Blackwoods Beach,-34.0601901,151.1571657,beach
Bladensburg Road Reserve,-33.6743154,150.9395327,park
Blair Park,-33.8757169,151.1147895,park
Blairmount Public School,-34.048007,150.8024184,school
Blakehurst High School,-33.9804389,151.1132551,school
Blakehurst Public School,-33.9829735,151.1157865,school
Blankers Koen Park,-33.8426339,151.0514036,park
Blaxcell Street Public School,-33.8580724,151.0061082,school
Blaxland East Public School,-33.7469443,150.623619,school
Blaxland High School,-33.7542575,150.6086154,school
Blaxland Pre-School Kindergarten,-33.7443645,150.6177191,school
Blaxland Public School,-33.7370791,150.6036662,school
Blaxland Reserve,-33.9613256,151.2409337,park
Blaxland War Memorial Park,-33.7363142,150.6054157,park
Blaxlands Crossing Recreation Reserve,-33.8626246,150.639726,park
Blenheim Park,-33.9275439,151.2564197,park
Blenheim Park,-33.9274284,151.2567106,park
Blessed Sacrament Catholic Primary School,-33.8350235,151.2445962,school
Blessington Reserve,-33.4550296,151.3588878,park
Bligh Park,-33.7830178,151.2414467,park
Bligh Park Public School,-33.6391462,150.7945633,school
Blighs Road Reserve,-33.7305139,151.2670531,park
Blinman Park,-33.9726643,150.9032777,park
Bloxham Park,-33.7560768,150.8103458,park
Bloxsome Park,-33.8906846,151.0304074,park
Blue Bell Street Reserve,-34.0813318,151.0030674,park
Blue Gum Reserve,-33.7860192,151.0799925,park
Blue Mountains Grammar School,-33.7042404,150.5806515,school
Blue Mountains Steiner School,-33.7218168,150.4686498,school
Blues Point Reserve,-33.8496189,151.2033916,park
Blues Point Reserve,-33.8489888,151.2043464,park
Blues Point Reserve,-33.8488275,151.2055499,park
Bluett Reserve,-33.7455267,150.8705264,park
Boat Harbour Beach,-34.0373528,151.1929634,beach
Bob A Day Park,-33.9833572,151.2463095,park
Bob Clark RSL Memorial Grove,-33.9643559,151.24584,park
Bob Prenter Reserve,-33.9974014,150.8827669,park
Bob Smith Reserve,-33.8451022,151.1502132,park
Bobbie Vaile Reserve,-34.0591536,150.7117536,park
Bodalla Park,-33.941719,150.8577986,park
Boden Reserve,-33.8739997,151.0703809,park
Bogan Street Reserve,-33.8179092,150.9422967,park
Boggabilla Reserve,-33.8930757,150.9797958,park
Bolaro Avenue Park,-33.8288484,150.9325963,park
Bold Park,-33.8951893,150.9107284,park
Bolivia Park,-33.8981449,150.9339907,park
Bombora Avenue Reserve,-34.0877314,151.1557757,park
Bon Wrightson Reserve,-34.0674208,150.8265196,park
Bona Vista Heritage Park and Playground,-33.5762199,150.8608399,park
Bonar Street Park,-33.9324218,151.1464055,park
Bondi Beach,-33.8923747,151.2780805,beach
Bondi Beach Public School,-33.8883022,151.2767994,school
Bondi Park,-33.8907283,151.2765399,park
Bondi Public School,-33.8926285,151.2647369,school
Bonna Reserve,-34.0085573,151.1920796,park
Bonnet Bay Public School,-34.0126118,151.0562408,school
Bonnie Vale Picnic Area,-34.08229,151.1405959,park
Bonnie View Street Reserve,-34.053586,151.1373627,park
Bonnyrigg Heights Public School,-33.8893592,150.8676627,school
Bonnyrigg High School,-33.8949881,150.8929533,school
Bonnyrigg Public School,-33.8878534,150.888892,school
Boomerang Reserve,-33.9728077,151.0202054,park
Boondah Reserve,-33.6957082,151.3002373,park
Boondi Reserve,-33.895304,151.2725966,park
Boongarra Reserve,-33.9801832,151.0782406,park
Booral Reserve,-33.7992328,151.1150161,park
Booralee Park,-33.9409887,151.2008818,park
Boorea Reserve,-33.9792502,151.0785025,park
Booroola Road Reserve,-33.634727,150.9010152,park
Booth Park,-33.7528626,151.0686065,park
Boral Olympic Dream Pathway,-33.8490504,151.066707,park
Boronga Avenue Reserve,-33.7682755,151.12554,park
Boronia Grove Reserve,-34.0870997,151.0115394,park
Boronia Park,-33.7733633,151.0779878,park
Boronia Park,-33.7577828,150.7919111,park
Boronia Park Public School,-33.8214186,151.1355403,school
Boronia Reserve,-33.7260461,151.2134732,park
Boronia Street Park,-33.822209,150.967665,park
Bosnjak Reserve,-33.8794834,150.8813741,park
Bossley Park High School,-33.8709787,150.8751262,school
Bossley Park Public School,-33.8585311,150.8830658,school
Botany Bay Environmental Education Centre,-34.0047758,151.221703,school
Botany Circle,-33.9745355,151.2273617,park
Botany Public School,-33.9431663,151.1946777,school
Botany Road Reserve,-33.9665901,151.2298243,park
Bottlebrush Reserve,-34.0814331,150.817451,park
Boulevarde Reserve,-33.9670131,151.2499646,park
Boundary Reserve,-33.9613024,151.0671628,park
Bounty Avenue Reserve,-33.7251605,150.9956835,park
Bounty Reserve,-33.6385061,150.7886646,park
Bourke Street Park,-33.8717386,151.2183505,park
Bourke Street Public School,-33.8905378,151.2157367,school
Bow Bowing Reserve,-34.0845977,150.8203444,park
Bowden Park,-33.9048119,150.9250232,park
Bowden Reserve,-33.8987654,151.1048763,park
Bowden Street Reserve,-33.9049509,150.9229695,park
Bowen Mountain Park,-33.5716137,150.624153,park
Bower Street Reserve,-33.801925,151.297708,park
Bowes Thistlethwayte Park,-33.7477292,151.1497196,park
Bowie Reserve,-34.0273336,151.0829388,park
Bowman Reserve,-34.0877775,150.6970003,park
Box Hill High School,-33.6429859,150.8925513,school
Box Hill Public School,-33.6423046,150.8920343,school
Box Road Reserve,-34.0222436,151.0932348,park
Boyd Reserve,-34.0426186,150.7737801,park
Boyds Orchard Park,-33.7341996,151.1240551,park
Boyla Reserve,-33.8347341,151.125556,park
Boyne Avenue Park,-33.8083831,150.9561248,park
Bradbury Park,-34.0739128,150.8109292,park
Bradbury Public School,-34.0859947,150.8127019,school
Braddock Playground,-33.9148962,151.1595416,park
Braddock Public School,-33.7226785,150.7087795,school
Bradfield College,-33.8211651,151.1864224,school
Bradfield Park North,-33.8450493,151.2112892,park
Bradfield Reserve,-34.0573334,150.8379955,park
Bradley Avenue Reserve,-33.8844082,151.2590055,park
Bradley Drive reserve,-33.7704042,151.0491146,park
Bradley Reserve,-33.8388154,151.0845405,park
Bradley Reserve,-33.7526674,151.1027062,park
Bradley's Beach,-33.5400535,151.2409066,beach
Bradman Street Park,-33.826729,150.940734,park
Bradshaw Park,-33.9157241,150.8789564,park
Brady Park,-34.0425475,150.8090861,park
Brady's Gully Dog Park,-33.419296,151.3566199,park
Brady's Gully Memorial Park,-33.4171875,151.3495278,park
Braemar Park,-33.7894697,151.0738932,park
Braeside Reserve,-34.0889561,150.7859247,park
Brahms Reserve,-33.7660154,150.954431,park
Brampton Drive Reserve,-33.6997029,150.950229,park
Brays Bay Reserve,-33.8312506,151.0895519,park
Breakfast Point Village Green,-33.8447651,151.1102499,park
Breen Park,-34.0443886,151.1200128,park
Bremner Park,-33.8257644,151.1160989,park
Brenan Park,-33.8580352,150.9313685,park
Brenda Reserve,-34.004823,150.8610539,park
Brenda's Supermarket,-33.9243444,151.1885189,supermarket
Brennan Park,-33.8346064,151.1983359,park
Brentwood Reserve,-33.7442367,151.2430737,park
Brereton Park,-33.8098286,151.1377303,park
Bressington Park,-33.8527708,151.0797687,park
Bretby Park,-33.8164649,151.0511669,park
Brett Park,-33.8574618,151.1575922,park
Brewer Park,-33.8407134,151.0842629,park
Brewongle Environmental Education Centre,-33.48167,150.891511,school
Brewongle Walkway,-33.7775424,150.8985022,park
Brian King Park,-33.7672241,150.7926242,park
Briar Road Public School,-34.0891084,150.827657,school
Brick Kiln Park,-33.7370283,150.7494058,park
Brick Pit Reserve,-33.7535124,151.2334441,park
Brickpit Park,-33.723428,151.0886821,park
Bridge Park,-34.0034255,150.7374583,park
Bridge Road Reserve,-33.8157736,150.9814202,park
Bridge Road School,-33.8876583,151.1753862,school
Bridge Street Gardens,-33.8633899,151.0426711,park
Bridge Street Rest Area,-33.9001494,151.1858075,park
Bridges Reserve,-33.8810957,151.1185803,park
Bridget Tight Reserve,-33.9242035,151.2097124,park
Bridgeview Road Reserve,-33.9565507,151.0694029,park
Brigade Park,-33.9778979,150.8553879,park
Brigade Park,-33.8093849,151.1143344,park
Brigalow Place Reserve,-34.0451557,151.0318838,park
Bright Park,-33.8562944,151.0030168,park
Brighton Le Sands Public School,-33.9624383,151.1491376,school
Brighton Reserve,-33.828384,150.9544129,park
Brighton Street Reserve,-33.8919284,151.1554685,park
Brigidine College,-33.7212348,151.1728733,school
Brimebecon Park,-33.799767,151.2604317,park
Brindle Parkway Reserve,-33.6433443,150.903611,park
Bringelly Public School,-33.937916,150.7302469,school
Brinsley Park,-33.5876205,150.8643385,park
Brinwana Street Reserve,-33.6788374,151.2951127,park
Briony Reserve,-33.6759265,151.2953577,park
Brisbane Water Secondary College Woy Woy Campus,-33.4926941,151.3235761,school
Brisbania Public School,-33.4789068,151.3578076,school
Bristol Circuit Reserve,-33.7866755,150.8944626,park
Bristol Park,-33.9099985,150.8470696,park
Britannia Park,-33.7457442,151.0775994,park
Broad Bent Reserve,-33.7844911,151.1943945,park
Broad Street Reserve,-33.8995331,151.1039038,park
Broadarrow Reserve,-33.9475511,151.2538905,park
Broadford Street Reserve,-33.9422843,151.123994,park
Broadoaks Park,-33.8185214,151.0508135,park
Broadwater Park,-33.4704112,151.377002,park
Broderick Gillawarra Special School,-33.9425008,151.015888,school
Brodrick Boulevarde Reserve,-33.71186,150.9479953,park
Bromley Reserve,-33.9092531,151.0530584,park
Bromley Road Reserve,-33.7432479,150.6498593,park
Bronte Park,-33.9031606,151.2659964,park
Bronte Public School,-33.9006047,151.2619945,school
Bronzewing Common,-33.7218624,150.6970843,park
Bronzewing Park,-33.4424896,151.3899025,park
Brookdale Reserve,-33.7648375,150.6297856,park
Brooklyn Park,-33.5470864,151.2150451,park
Brooklyn Public School,-33.5483794,151.2149365,school
Brookvale Park,-33.7599486,151.2733717,park
Brookvale Public School,-33.7616727,151.2707672,school
Brothers Memorial Park,-33.8215075,151.2301188,park
Broughton Anglican College,-34.1006465,150.7682736,school
Browallia Crescent Reserve,-34.0472202,151.0450407,park
Browett Park,-33.694936,150.5344339,park
Brown Street Reserve,-33.7599739,150.6921456,park
Brown Street Reserve,-33.755692,151.2131409,park
Brown's Reserve,-33.9025584,151.0954067,park
Brownes Farm Reserve,-33.9314349,150.8587541,park
Brownlee Reserve,-33.8515765,151.1870558,park
Browns Road Reserve,-34.0717979,150.5741061,park
Bruce Cole Reserve,-33.7711479,150.9650499,park
Bruce Park,-33.9611407,151.0068426,park
Bruce Park,-33.8999293,150.954653,park
Brucke Miller reserve,-33.8142072,151.0630266,park
Brunet Meadow,-33.5390472,150.4240108,park
Brunswick Park,-33.8400604,151.0843203,park
Brush Farm Corrective Services Academy,-33.7921391,151.0672718,school
Brush Farm Park,-33.7947039,151.0673285,park
Bryant Park,-33.8877351,151.0651667,park
Buckingham Park,-34.01383,150.7711865,park
Buckland Park,-33.6987697,150.5687903,park
Buckle Reserve,-34.0127363,151.0036351,park
Buckley Park,-33.7749098,150.9652122,park
Budbury Reserve,-33.9635482,150.886053,park
Buena Vista Reserve,-33.6801591,151.2931364,park
Buffalo Creek Reserve,-33.8160717,151.1373467,park
Bukari Reserve,-33.795283,150.9505351,park
Bukari Reserve,-33.7631195,150.8251645,park
Bulba-Bideen Island,-33.9265454,150.9374173,park
Bulgo Beach,-34.2149765,151.0114665,beach
Bullaburra Village Green,-33.7255927,150.4111901,park
Bullimah Beach,-33.5318843,151.3805415,beach
Bullock Reserve,-33.8715538,150.991409,park
Bumble Bee Park,-34.0165466,151.082364,park
Buming Park,-33.9072155,151.2101121,park
Bunbury Curran Park,-33.9827131,150.8898419,park
Bunbury Curran Reserve,-33.98258,150.8934096,park
Bundah Reserve,-33.679448,150.5967976,park
Bundeena Public School,-34.0867978,151.1524095,school
Bundilla Forest,-33.7879208,150.985725,park
Bundock Park,-33.9138224,151.2667401,park
Bungalow Road Reserve,-33.9374538,151.0769237,park
Bungan Beach,-33.6674433,151.3197452,beach
Bungan Beach Reserve,-33.6659743,151.3193994,park
Bungan Head Reserve,-33.6623898,151.32462,park
Bungarribee Homestead Park,-33.7789811,150.8715797,park
Bunker Park,-33.8904977,150.8959531,park
Bunya Park,-34.0329355,150.7851469,park
Bunya Park,-33.9475252,150.8439334,park
Bunyarra Drive Reserve,-33.7486984,150.6518933,park
Burcher Park,-33.7614086,150.6990222,park
Burford Park,-34.0581417,150.7101247,park
Burgandy Reserve,-34.0330407,150.8095095,park
Burgess Street Reserve,-33.9829752,151.133787,park
Burke Crescent Reserve,-33.9826251,151.0667674,park
Burlington Memorial Park,-33.7970432,150.9967549,park
Burnett Street Park,-33.8242429,150.9872083,park
Burnie Park,-33.9103948,151.2599194,park
Burning Palms Beach,-34.186971,151.0440089,beach
Burns Park,-33.8768697,150.9108183,park
Burns Place,-33.4237125,151.3422714,park
Burns Reserve,-34.0621199,150.8318369,park
Burnside Gollan Reserve,-33.7978567,151.0196864,park
Burnside Public School,-33.7925657,151.0183035,school
Burnum Burnum Sanctuary,-34.0179272,151.0511292,park
Burra Reserve,-33.8234035,150.9899436,park
Burrabru Reserve,-33.7964085,151.2297344,park
Burraga Place Park,-33.7802873,151.1603157,park
Burraga Reserve,-33.6781177,151.2223751,park
Burramy Park,-33.8579054,150.8793493,park
Burraneer Bay Public School,-34.0509408,151.1327848,school
Burraneer Park,-34.0546071,151.1328527,park
Burrell Park,-34.0740285,150.7180109,park
Burrell Road Dog Park,-34.0726446,150.7201927,park
Burren Street Reserve,-33.8967394,151.1849752,park
Burrows Grove,-33.7611801,151.132006,park
Burrows Park,-33.9135466,151.2702157,park
Burrows Park,-33.8146388,151.114376,park
Burton Reserve,-33.8787628,151.0051263,park
Buruwan Park,-33.871835,151.1722016,park
Buruwang Park,-33.8384362,151.0556717,park
Burwood Girls High School,-33.8748254,151.1130241,school
Burwood Park,-33.8730679,151.1028857,park
Burwood Public School,-33.8768029,151.0989824,school
Busby Park,-33.8805008,150.8731469,park
Busby Public School,-33.9115686,150.8812935,school
Busby West Public School,-33.9060878,150.8744338,school
Bush regeneration zone/parkland,-33.7203867,151.1020423,park
Bushell Place,-33.8577329,151.2090743,park
Bushlands Reserve,-33.428417,151.3667125,park
Butler Park,-33.7648295,150.705874,park
Butler Reserve,-33.9486237,151.1004118,park
Butt Park,-33.7989228,151.2094518,park
Buttenshaw Park,-33.6959923,150.5519564,park
Butterfly Point,-33.906216,150.9631013,park
Butterscotch Park,-33.9141315,151.2071142,park
Buxton Public School,-34.2469751,150.5448358,school
Buyuma Park,-33.4749562,151.3483331,park
Byram Reserve,-34.0154673,150.8516959,park
Byron Park,-33.8394136,150.9891809,park
C Block Lawn,-33.916285,151.2301676,park
C C Murray Park,-34.025948,150.8457547,park
C V Kelly Park,-33.7939377,150.9445889,park
CC Newman Park,-33.4358194,151.3499408,park
CS Education,-33.7685101,150.7739277,school
CS education Castle Hill,-33.7340578,151.00593,school
CS education university Castle Hill,-33.7341362,151.0058515,school
Caber Park,-33.7798186,150.9838898,park
Cabramatta High School,-33.901421,150.9289041,school
Cabramatta Public School,-33.8957833,150.9426131,school
Cabramatta Sports Ground,-33.9046303,150.9331959,park
Cabramatta West Public School,-33.8975232,150.9229433,school
Cabravale Park,-33.8911233,150.9389413,park
Caddies Creek Conservation Area Reserve,-33.7075735,150.9437752,park
Caddies Creek Park,-33.6794464,150.931389,park
Caddies Creek Public School,-33.7362567,150.9262072,school
Caddies Creek Reserve,-33.6990028,150.933323,park
Cadigal Reserve,-33.8909887,151.14449,park
Caffyn Park,-33.8727669,151.2788235,park
Cahill Playground,-33.8268138,151.2046547,park
Cairnes Road Playground,-33.5998271,151.0103663,park
Cairnsfoot Public School,-33.9319818,151.1441081,school
Cairnsfoot School,-33.9542483,151.1521235,school
Calangara Park,-33.7877495,151.0428091,park
Calca Reserve,-33.7685037,151.2137745,park
Caledonia Crescent Reserve,-33.9642277,151.0531606,park
Caley Park,-33.992475,150.9004848,park
Calga Park,-33.8918802,150.8432146,park
Callan Park,-33.8667724,151.1608092,park
Calloway Green,-34.0143246,150.7829999,park
Caloola Crescent Island,-33.9432278,151.085932,park
Caloola Park,-33.7427211,150.7100387,park
Cambridge Gardens Public School,-33.7372362,150.7220081,school
Cambridge Park,-33.7931363,151.2007883,park
Cambridge Park High School,-33.7521479,150.7329092,school
Cambridge Park Public School,-33.7470235,150.7259229,school
Cambridge Road Reserve,-33.8437244,151.14933,park
Camden Apex Reserve,-34.0588932,150.6910257,park
Camden High School,-34.0794763,150.6758146,school
Camden High School,-34.0794631,150.6755027,school
Camden Park Environmental Education Centre,-34.120004,150.709685,school
Camden Public School,-34.0520021,150.6932799,school
Camden South Public School,-34.0697549,150.6956322,school
Camdenville Park,-33.9089687,151.1769826,park
Camdenville Public School,-33.9061572,151.1757076,school
Cameragal Montessori School,-33.8428354,151.207774,school
Cameragal Montessori School,-33.8423358,151.2057718,school
Cameraygal Park,-33.8126739,151.1704204,park
Cameron Park,-33.9554627,150.9463215,park
Camillo Park,-33.7668044,150.9341208,park
Cammarlie Reserve,-33.9536427,150.9933118,park
Cammeray Public School,-33.8204204,151.211527,school
Cammeraygal High School Middle School Campus,-33.8317879,151.2033478,school
Cammeraygal High School Senior Campus,-33.8273182,151.2077279,school
Camp Coutts carpark,-34.1409024,150.986783,park
Camp Cove Beach,-33.8396994,151.278746,beach
Camp Cove Reserve,-33.8405623,151.2797697,park
Camp Somerset,-33.4188459,150.7965279,school
Campbell Hill Pioneer Reserve,-33.8697906,151.0025417,park
Campbell House School,-33.968196,150.882009,school
Campbell Park,-33.8526684,151.137789,park
Campbell Park,-33.8051235,151.1739898,park
Campbell Park,-33.7377245,151.0508449,park
Campbellfield Primary School,-34.037745,150.8473677,school
Campbelltown Billabong Parklands,-34.0745467,150.8096733,park
Campbelltown East Public School,-34.0722344,150.8314484,school
Campbelltown Jaycee Park,-34.0728308,150.8245419,park
Campbelltown North Public School,-34.0612444,150.8265333,school
Campbelltown Performing Arts High School,-34.0600963,150.8229463,school
Campbelltown Public School,-34.0701003,150.8156056,school
Campbelltown Showground,-34.0643689,150.8210133,park
Campbelltown Skate Park,-34.0488281,150.8279936,park
Campdraft Arena,-34.0611995,150.685243,park
Camperdown Memorial Rest Park,-33.8945118,151.1789849,park
Camperdown Park,-33.8891631,151.1763729,park
Campion College,-33.7840536,150.9640668,school
Campsie Public School,-33.9118016,151.1048151,school
Canal Reserve,-33.8806986,151.176271,park
Canberra Road Reserve,-34.0119821,151.1081344,park
Canea Reserve,-33.7630258,151.2505242,park
Canley Heights Public School,-33.8848175,150.9225975,school
Canley Vale High School,-33.8846663,150.9516594,school
Canley Vale Public School,-33.8867513,150.9376239,school
Cann Park,-33.9881069,151.2339597,park
Canonbury Grove Reserve,-33.9427842,151.1197704,park
Canterbury Boys High School,-33.9041771,151.123869,school
Canterbury Girls High School,-33.9072808,151.1226128,school
Canterbury Hospital Park,-33.9200307,151.0991704,park
Canterbury Park,-33.9047102,151.1206866,park
Canterbury Public School,-33.9087222,151.1223379,school
Canterbury South Public School,-33.9176871,151.1156865,school
Canterbury Vale School,-33.9166542,151.0750197,school
Cantrell Reserve,-33.9097739,151.0121673,park
Captain Cook No2 Park,-33.7786169,150.910885,park
Captain Cook Reserve,-33.4506054,151.3592551,park
Captain Tench Reserve,-33.7564551,150.8911438,park
Carara Reserve,-33.804255,151.0982998,park
Carawatha Reserve,-33.8896779,150.9768814,park
Cardigan and Darghan Street Reserve,-33.8773736,151.1894379,park
Careden Reserve,-33.7494459,151.2648621,park
Careel Bay Ovals,-33.6207044,151.3314709,park
Careel Bay Tennis Courts,-33.6250864,151.3334651,park
Carina Bay Reserve,-34.0054456,151.0718025,park
Caringbah High School,-34.0338486,151.1204458,school
Caringbah North Public School,-34.0365757,151.1232753,school
Caringbah Public School,-34.0534477,151.1229939,school
Carinya Road Reserve,-33.9806827,150.9965698,park
Carinya School,-33.9738165,151.081933,school
Carl Little Reserve,-33.9511497,151.0313471,park
Carlingford High School,-33.7650469,151.0509686,school
Carlingford Memorial Park,-33.7805036,151.0522881,park
Carlingford Public School,-33.7797919,151.0545809,school
Carlingford West Public School,-33.7820569,151.0370498,school
Carlo's IGA Plus Liquor,-33.8906748,151.022617,supermarket
Carlotta Reserve,-33.7506609,151.151281,park
Carlson Park,-33.7986768,151.2013139,park
Carlton Place,-33.8567681,151.0989608,park
Carlton Public School,-33.9634942,151.1223898,school
Carlton South Public School,-33.9730751,151.1282772,school
Carlyle Road Reserve,-33.7690238,151.1930542,park
Carmen Park,-33.7072588,151.0509015,park
Carmen Place Reserve,-34.0602278,151.1279837,park
Carnation Street Park,-33.8343816,150.9440554,park
Carnegie Reserve,-33.8876005,151.0026086,park
Carol Avenue Park,-34.0212129,151.0605667,park
Caroline Bay Reserve,-33.4424358,151.3514023,park
Caroline Chisholm College,-33.7862843,150.6750492,school
Caroline Chisholm Park,-33.7735909,150.9685241,park
Caroline Chisholm Special School,-33.9361052,151.0251322,school
Caroline Reserve,-33.9003977,150.9890257,park
Carramar Public School,-33.8855121,150.9691904,school
Carrington Park,-33.9214715,150.8302688,park
Carrington Park,-33.7060742,151.118761,park
Carrington Road Park,-33.8584457,150.9795393,park
Carrington Street Oval,-33.3995053,151.3363652,park
Carrington Street Playground,-33.8949148,151.1393495,park
Carrisbrook Avenue Reserve,-33.9417572,151.1184272,park
Carroll Park,-33.9467093,150.9127028,park
Carss Bush Park,-33.9905612,151.1178228,park
Cartref Park,-33.8325335,151.2311825,park
Cartwright Park,-33.9262698,150.8907119,park
Cartwright Public School,-33.9252836,150.8909335,school
Carysfield Park,-33.9021931,150.9984243,park
Casey Reserve,-33.738483,150.8172606,park
Cashel Cresent Reserve,-33.7649403,151.205982,park
Casimir Catholic College,-33.9108942,151.151749,school
Cassandra Crescent Reserve,-34.0812078,151.0053702,park
Castelnau Street Reserve,-34.0524591,151.1205208,park
Castle Cove Park,-33.7815238,151.2056549,park
Castle Cove Public School,-33.7833664,151.2019457,school
Castle Cove Public School,-33.7821481,151.2012385,school
Castle Hill Heritage Park,-33.7179906,151.0141079,park
Castle Hill High School,-33.7266392,150.9995112,school
Castle Hill Lions Park,-33.7140318,150.9951544,park
Castle Rock Beach,-33.8116661,151.2590211,beach
Castlecrag Montessori School,-33.7997807,151.2192538,school
Castlehaven Reserve,-33.8016166,151.2234904,park
Castleman Reserve,-33.7884411,150.8295978,park
Castlereagh Public School,-33.6671173,150.6766942,school
Castlewood Community Reserve,-33.7383204,151.0204996,park
Casuarina Oval,-33.9829606,151.0247284,park
Casuarina Reserve,-33.7629517,151.2126233,park
Casuarina Road Reserve,-34.0521227,151.088128,park
Casuarina School,-33.6775212,150.866335,school
Casula High School,-33.9512427,150.8936548,school
Casula Public School,-33.9442229,150.9091849,school
Catalina Park,-33.9102123,150.8402325,park
Catalpa Reserve,-33.6290022,151.3188957,park
Cataract Scout Park,-34.2435561,150.8190105,park
CathWest Innovation College - Loyola Campus,-33.7693678,150.8315031,school
Catherine Field Park,-33.9925384,150.7648926,park
Catherine McAuley Westmead,-33.8047495,150.9844942,school
Catherine Park,-33.7885804,151.1103574,park
Catherine Park,-33.6375647,151.2922107,park
Catherine Park Playground,-34.0129409,150.757164,park
Cathy Freeman Park,-33.8460307,151.0661736,park
Cattai Public School,-33.5586248,150.9068522,school
Cattle Judging Lawn,-33.8432462,151.0648886,park
Cavan Green,-33.7847553,151.0726477,park
Cavanagh Reserve,-33.7603486,150.9243174,park
Cawarrah Park,-33.7936551,151.2083902,park
Cawdor Public School,-34.1097113,150.6737096,school
Cecil Hills High School,-33.8956988,150.852042,school
Cecil Hills Public School,-33.8886025,150.8517112,school
Cecil Park,-33.7964174,151.1002264,park
Cecile Herman Park,-33.8936365,151.117376,park
Cedar Street Reserve,-33.9855376,151.0387817,park
Ceders Park,-33.7683787,150.7465158,park
Cedric Hoffman Reserve,-33.8455532,150.9878506,park
Cenotaph Park,-33.7036739,151.0977709,park
Centenary Estate Community Area,-33.8587631,151.0629551,park
Centenary Park,-34.0698077,150.8240032,park
Centenary Park,-33.8762098,151.1197433,park
Centenary Park Common area,-33.861405,151.0619224,park
Centenary Playground,-33.8767416,151.0871603,park
Centenary Quadrangle,-33.8970547,151.255343,school
Centenary of Anzac Reserve,-33.7157524,150.9737867,park
Centennial Park,-33.8979637,151.2340952,park
Centennial Park School,-33.9106893,151.2432159,school
Central Avenue Reserve,-33.9983488,151.0665125,park
Central Coast Adventist School,-33.4366798,151.3884318,school
Central Coast Grammar School,-33.4243563,151.3969336,school
Central Gardens Nature Reserve,-33.8322103,150.9621636,park
Central Park,-33.9346519,150.9571615,park
Central Park,-33.8567541,151.0961909,park
Central Park,-33.8240867,151.1713903,park
Central Park,-33.6926528,150.9286963,park
Central Sydney Intensive English High School,-33.8999161,151.193556,school
Centro,-33.8093598,151.1852951,supermarket
Cerdon College,-33.8385181,150.9684851,school
Chadwick Park,-33.8738793,150.9210698,park
Chadwick Reserve,-33.8588882,151.0442589,park
Chain of Ponds Reserve,-33.526687,150.8541419,park
Chalmers Road School,-33.8795731,151.0815946,school
Chamberlain Park,-33.8516097,150.9755371,park
Chambers Park,-33.8475273,151.1423135,park
Chameleon Drive Reserve,-33.8072674,150.793249,park
Champagnat Park,-34.0350933,150.779901,park
Champagnat Park,-34.0328199,150.7805537,park
Champagnat Park,-34.0300992,150.7814433,park
Champagnat Park,-34.0266426,150.7825443,park
Champagnat Park,-34.0246229,150.7834381,park
Chan's Grocery Asian Food Centre,-33.9501015,151.0304982,supermarket
Chant Reserve,-33.9352003,151.2266784,park
Chapel Street Reserve,-33.9550412,151.1396571,park
Chapman Gardens,-33.7618876,150.724674,park
Charish Park,-33.8130626,151.1584891,park
Charity Creek Cascades,-33.8122415,151.0987524,park
Charity Creek Cascades,-33.8118862,151.097458,park
Charity Creek Cascades,-33.811405,151.096746,park
Charity Creek Cascades,-33.8109969,151.0960052,park
Charity Creek Cascades,-33.8106096,151.0949587,park
Charles Curtis Park,-33.7303217,151.0910796,park
Charles Daly Reserve,-33.9339298,151.1251965,park
Charles Fraser Park,-33.7866205,151.0553051,park
Charles Harper Park,-34.1904621,150.9807809,park
Charles Heath Reserve,-33.8677682,151.1179121,park
Charles Herbert Reserve,-33.7842985,150.9939787,park
Charles Kernan Reserve,-33.8918175,151.1945038,park
Charles Mace Reserve,-33.8388109,150.9897611,park
Charles McLaughlin Reserve,-33.7423535,150.9702378,park
Charles Orwin Reserve,-34.0153937,151.0715345,park
Charles Park,-33.8569922,150.921354,park
Charles Place Reserve,-34.0127942,151.0659372,park
Charles Reserve,-33.9517002,151.0616986,park
Charles Street Reserve,-33.9877791,151.0801676,park
Charles Street Reserve,-33.7645785,150.9885795,park
Charles Throsby Park,-33.959582,150.8931321,park
Charles Throsby reserve,-34.039501,150.7711433,park
Charlotte Carne Park,-33.7274621,150.8289723,park
Charlotte Park,-33.8869905,150.9551039,park
Charlton Park,-33.8435049,151.0841968,park
Charter Park,-33.9182014,150.8915539,park
Chatswood High School,-33.8000245,151.1753147,school
Chatswood New Yen Yen Supermarket,-33.7957703,151.1816321,supermarket
Chatswood Park,-33.7997087,151.1818657,park
Chatswood Public School,-33.7982482,151.1775834,school
Chatswood Public School Bush Campus,-33.8000586,151.1764771,school
Chattan Park,-33.7118654,151.293831,park
Chauvel Park,-33.9225601,150.9483348,park
Chelsea Street Park,-33.8931113,151.2148136,park
Chelsea Street Streetscape,-33.8930912,151.2163426,park
Cheltenham Girls High School,-33.7562604,151.0740448,school
Cheltenham Park,-33.7606739,151.0701631,park
ChemaDiHatti Indian store,-33.8354365,151.0105368,supermarket
Cheong Kwan Jiang Chatswood Brand Store,-33.7959521,151.1822337,supermarket
Cherrybrook Lakes,-33.7219457,151.0450524,park
Cherrybrook Park,-33.9043416,150.9499258,park
Cherrybrook Public School,-33.7312246,151.0420096,school
Cherrybrook Technology High School,-33.7202398,151.0380776,school
Cherrybrook Thomas Thompson Park,-33.7335489,151.0475306,park
Cherrywood Reserve,-33.7118064,151.1391027,park
Chertsey Public School,-33.4299235,151.3692789,school
Cheryl Reserve,-33.6527838,151.3136147,park
Chester Hill High School,-33.8739943,150.9953642,school
Chester Hill North Public School,-33.8723508,151.0010206,school
Chester Hill Public School,-33.8856043,151.0016144,school
Chifley College Bidwill Campus,-33.7337744,150.8268661,school
Chifley College Dunheved Campus,-33.7496555,150.7830811,school
Chifley College Mount Druitt Campus,-33.7451718,150.8128914,school
Chifley College Senior Campus,-33.7698225,150.8295299,school
Chifley College Shalvey Campus,-33.7306047,150.8072564,school
Chifley Park,-33.7622846,150.931847,park
Chifley Public School,-33.9651706,151.2430736,school
Chifley Street Reserve,-33.8484974,150.9390073,park
Childrens Park,-33.7733612,150.639718,park
Childs Park,-33.9089912,150.9617018,park
Childs Reserve,-33.9772805,150.9024645,park
Chilworth Reserve,-33.7558382,151.0600547,park
Chinamans Beach,-33.8145528,151.2485269,beach
Chippendale Green,-33.885513,151.2000991,park
Chipping Norton Public School,-33.9097037,150.9613863,school
Chisholm Catholic Primary School,-33.6326567,150.8026951,school
Chisholm Park,-33.8844243,150.9115304,park
Chisholm Reserve,-33.864761,151.0187947,park
Chisholms Corner Park,-34.0150288,150.7660688,park
Chiswick Gardens,-33.8860197,151.2398058,park
Chiswick Park,-33.8584106,151.010277,park
Chiswick Park,-33.8471887,151.1412836,park
Chopin Park,-33.7656133,150.9524495,park
Chowking Oriental Foodmart,-33.8188073,151.0039506,supermarket
Chowne Place Reserve,-33.7885317,151.20263,park
Chris's Family IGA,-33.7138069,151.1472555,supermarket
Chriss Family IGA Eastern Road,-33.7208129,151.1310437,supermarket
Christ the King Catholic School Bass Hill,-33.9062606,151.0130647,school
Christ the King Primary School,-33.775662,151.0241901,school
Christadelphian Heritage College Sydney,-33.8833815,150.791376,school
Christian Brothers High School,-33.8971791,151.1450636,school
Christie Park,-33.7708545,151.1189447,park
Christie Street Reserve,-33.8223164,151.1950422,park
Christison Park,-33.8560624,151.2845714,park
Christopher Street Reserve,-33.7541601,150.9904151,park
Chroma Park,-33.8636961,150.8943809,park
Chullora Primary School,-33.8953652,151.0602419,school
Church Point Reserve,-33.6456275,151.285602,park
Church Street Native Flora Reserve,-33.9910483,151.1123128,park
Church Street Reserve,-33.6216281,150.8004293,park
Churchill Gardens,-33.9479001,150.8979739,park
Churchill Reserve,-34.0435571,150.7486226,park
Churchill Tucker Reserve,-33.8311506,151.0876642,park
Cindus Reserve,-34.098829,150.7882705,park
Cirillo Water Park,-33.9169414,150.8496731,park
City View Park,-33.7546594,151.1162106,park
Civic Avenue Reserve,-33.9681876,151.1443465,park
Civic Park,-33.8598834,151.0315592,park
Claire Taylor Park,-33.7693799,151.1316597,park
Clairgate Public School,-33.796334,150.7992153,school
Clancy Catholic College,-33.93249,150.8352354,school
Claremont Meadows Public School,-33.7741963,150.7469842,school
Clareville Beach,-33.6344507,151.3107781,beach
Clareville Beach Reserve,-33.6346209,151.3111574,park
Clareville Park,-33.999006,151.1368241,park
Clark Park,-33.8439195,151.208973,park
Clarke Reserve,-33.955547,151.036024,park
Clarke Reserve,-33.8579011,151.2850795,park
Clarke Reserve,-33.7497262,150.9582937,park
Clarke Road School,-33.7120745,151.0956273,school
Clarke Street Reserve,-33.9610395,151.0457202,park
Clarrie Dawson Reserve,-33.737258,150.8376867,park
Claude Cameron Grove,-33.7113979,151.1335666,park
Claydon Reserve,-33.9841359,151.1313144,park
Claymore Public School,-34.0431229,150.8094963,school
Cleland Park,-33.8117688,151.1871969,park
Clematis Reserve,-33.9901121,150.8944869,park
Clementson Park,-33.8936688,151.2463623,park
Clemton Park,-33.9337285,151.0935529,park
Clemton Park Primary School,-33.9297098,151.1084017,school
Clerkenwell Reserve,-34.0924249,150.7914559,park
Cleves Park,-33.8264753,151.1028001,park
Cliffbrook Crescent Reserve,-33.7645752,150.6446704,park
Clifton Gardens Reserve,-33.8390921,151.2525614,park
Clifton Park,-34.0049307,150.7220534,park
Clifton Street Road Reserve,-33.8387553,151.2003892,park
Clinches Pond Reserve,-33.93378,150.933537,park
Clio Street Reserve,-34.0280214,151.0615624,park
Clissold Park,-33.737846,150.6479564,park
Clive Park Beach,-33.8059376,151.2310277,beach
Clontarf Beach,-33.8032212,151.2518618,beach
Clontarf Reserve,-33.806763,151.2528528,park
Clovelly Beach,-33.9135052,151.2664147,beach
Clovelly Public School,-33.9074335,151.2602641,school
Clover Tree Park,-34.017131,150.7765813,park
Clune Reserve,-33.7381684,150.8191009,park
Clyde Park,-33.9450075,150.9524354,park
Clyne Reserve,-33.8567886,151.2018677,park
Coachmans Park,-33.7659234,150.7737648,park
Coachwood Oval,-33.9935244,151.0222509,park
Coast Community Christian School,-33.4926435,151.3903724,school
Coast Hospital Memorial Park,-33.9808505,151.2483984,park
Cobbitty Public School,-34.0159039,150.6859225,school
Cobblers Beach,-33.8258785,151.2628624,beach
Cockayne Reserve,-33.7322071,150.9879185,park
Cockburn Crescent Reserve,-33.8696742,150.9644436,park
Cockle Creek Reserve,-33.4926526,151.3647215,park
Coghill Reserve,-34.0429567,150.7348916,park
Col Barratt Reserve,-34.0415599,150.7240396,park
Col Sutton Reserve,-33.7632172,150.9639681,park
Colbarra Place Reserve,-33.7488044,151.031276,park
Cole Park,-33.9307942,150.9562093,park
Cole Park,-33.8447103,151.0836536,park
Colebourne Avenue Reserve,-33.9714625,151.081168,park
Colechin Reserve,-33.9121415,151.0117222,park
Coledale Beach,-34.2885613,150.9484233,beach
Coledale Public School,-34.2895418,150.9472673,school
Coleman Park,-33.9163949,150.9763546,park
Coleman Park,-33.8727791,151.0401008,park
Coleman Reserve,-33.9306127,151.1848468,park
Coles,-34.1918841,150.982152,supermarket
Coles,-34.1687013,150.6136503,supermarket
Coles,-34.0757276,150.7981771,supermarket
Coles,-34.0683674,150.8111495,supermarket
Coles,-34.0648856,151.0111708,supermarket
Coles,-34.0571349,150.6936141,supermarket
Coles,-34.050462,150.7554712,supermarket
Coles,-34.0419991,151.1200397,supermarket
Coles,-34.0391422,150.7374799,supermarket
Coles,-34.0345703,151.1028151,supermarket
Coles,-34.0334396,151.0732731,supermarket
Coles,-34.0334089,151.0569428,supermarket
Coles,-34.0282621,150.7339588,supermarket
Coles,-34.0178858,151.0805261,supermarket
Coles,-34.0099239,151.1035857,supermarket
Coles,-33.9975825,150.7406453,supermarket
Coles,-33.9963733,150.8669353,supermarket
Coles,-33.9762791,150.8123905,supermarket
Coles,-33.970356,150.8583333,supermarket
Coles,-33.9665259,151.1051259,supermarket
Coles,-33.9594429,151.15442,supermarket
Coles,-33.9548008,150.9440374,supermarket
Coles,-33.9532004,151.014525,supermarket
Coles,-33.9477743,150.8994282,supermarket
Coles,-33.9443176,151.2238456,supermarket
Coles,-33.9413484,151.238906,supermarket
Coles,-33.9343534,151.0690979,supermarket
Coles,-33.9260592,151.1245724,supermarket
Coles,-33.9232794,151.1018842,supermarket
Coles,-33.9194401,150.9246498,supermarket
Coles,-33.9163633,151.0373091,supermarket
Coles,-33.916242,151.2398779,supermarket
Coles,-33.9145805,150.9621001,supermarket
Coles,-33.908082,151.1720376,supermarket
Coles,-33.9069731,150.8678055,supermarket
Coles,-33.9060201,151.0564875,supermarket
Coles,-33.9048457,151.2131902,supermarket
Coles,-33.8975883,151.2133838,supermarket
Coles,-33.8930023,151.2482435,supermarket
Coles,-33.8929814,151.250827,supermarket
Coles,-33.8919417,151.2120328,supermarket
Coles,-33.889977,151.1248412,supermarket
Coles,-33.8863247,151.1582955,supermarket
Coles,-33.8838408,151.1932625,supermarket
Coles,-33.8794577,151.2368122,supermarket
Coles,-33.8770719,151.2071568,supermarket
Coles,-33.8759889,150.8771575,supermarket
Coles,-33.8750628,151.2224263,supermarket
Coles,-33.8747396,151.1069987,supermarket
Coles,-33.869488,151.1963751,supermarket
Coles,-33.8679205,150.9230191,supermarket
Coles,-33.867843,151.1290895,supermarket
Coles,-33.8670834,150.9521896,supermarket
Coles,-33.8656811,151.2062069,supermarket
Coles,-33.8655396,151.2778593,supermarket
Coles,-33.8593696,150.8975809,supermarket
Coles,-33.85721,151.1031659,supermarket
Coles,-33.8561794,151.1626686,supermarket
Coles,-33.8392858,151.2089699,supermarket
Coles,-33.8360618,151.0845422,supermarket
Coles,-33.8313696,151.1279539,supermarket
Coles,-33.8305196,151.2225088,supermarket
Coles,-33.8296546,151.2186431,supermarket
Coles,-33.8244009,151.0790184,supermarket
Coles,-33.8236372,151.1950876,supermarket
Coles,-33.823142,151.2011466,supermarket
Coles,-33.8176983,150.9999003,supermarket
Coles,-33.8135343,151.1692596,supermarket
Coles,-33.811587,151.1069803,supermarket
Coles,-33.8057925,151.0879015,supermarket
Coles,-33.8035289,150.9795849,supermarket
Coles,-33.7989033,151.2870032,supermarket
Coles,-33.7935191,151.2644589,supermarket
Coles,-33.7933008,151.1341846,supermarket
Coles,-33.7873563,150.6682155,supermarket
Coles,-33.7851655,151.2687502,supermarket
Coles,-33.7781165,151.1209738,supermarket
Coles,-33.775667,151.052619,supermarket
Coles,-33.7741145,151.1672143,supermarket
Coles,-33.7719776,151.0799947,supermarket
Coles,-33.7698348,150.9059279,supermarket
Coles,-33.769033,151.2661234,supermarket
Coles,-33.7687743,151.0278074,supermarket
Coles,-33.7661197,150.8210589,supermarket
Coles,-33.7620085,151.2159368,supermarket
Coles,-33.7590089,150.9909112,supermarket
Coles,-33.7578989,150.6925299,supermarket
Coles,-33.7521463,151.2895962,supermarket
Coles,-33.7511556,150.6937139,supermarket
Coles,-33.7489665,150.879534,supermarket
Coles,-33.7467187,151.0502221,supermarket
Coles,-33.7433082,150.9233881,supermarket
Coles,-33.7404646,150.7182475,supermarket
Coles,-33.7329862,150.9626977,supermarket
Coles,-33.7326254,150.7817723,supermarket
Coles,-33.7326235,151.1273443,supermarket
Coles,-33.7301922,151.1577059,supermarket
Coles,-33.7300036,151.0057637,supermarket
Coles,-33.7182834,150.9201619,supermarket
Coles,-33.7128398,150.9720455,supermarket
Coles,-33.7057021,150.8761413,supermarket
Coles,-33.7032774,151.1011196,supermarket
Coles,-33.6964885,151.2949301,supermarket
Coles,-33.6957965,150.8201378,supermarket
Coles,-33.6921072,150.9258191,supermarket
Coles,-33.6881581,151.1066579,supermarket
Coles,-33.6758204,151.3055511,supermarket
Coles,-33.6712368,150.6080029,supermarket
Coles,-33.6581552,150.8802688,supermarket
Coles,-33.6539986,151.3213907,supermarket
Coles,-33.6127001,151.1381686,supermarket
Coles,-33.6070776,150.818948,supermarket
Coles,-33.5955212,150.7494905,supermarket
Coles,-33.5817415,150.7207911,supermarket
Coles,-33.520794,151.3175013,supermarket
Coles,-33.4883964,151.3235683,supermarket
Coles,-33.4464514,151.3733425,supermarket
Coles,-33.4364166,151.3913424,supermarket
Coles,-33.428425,151.3159551,supermarket
Coles,-33.40486,151.3513842,supermarket
Coles Chatswood Chase,-33.7935172,151.1864637,supermarket
Coles Chullora,-33.8929981,151.0616442,supermarket
Coles Hurstville Station,-33.9672223,151.1022627,supermarket
Coles Illawong,-33.9968174,151.0422476,supermarket
Coles Kincumber,-33.4668663,151.3827401,supermarket
Coles Local,-33.941604,151.2254192,supermarket
Coles Local,-33.8704197,151.2065633,supermarket
Coles Local,-33.7989581,151.2852807,supermarket
Coles Local,-33.797209,151.1828281,supermarket
Coles Merrylands,-33.8345794,150.9908519,supermarket
Coles Oatley West,-33.980438,151.0760584,supermarket
Coles Parramatta North,-33.8083685,151.0064546,supermarket
Coles Winston Hills,-33.7728999,150.971111,supermarket
Colgate Avenue Reserve,-33.8566046,151.1879649,park
Colin Anslow Park,-33.9114529,150.8696342,park
Colin Street Road Reserve,-33.8190803,151.2136636,park
Colindia Reserve,-33.8476651,151.2191482,park
Collaroy Beach,-33.7280681,151.3016755,beach
Collaroy Plateau Fruit Market,-33.7273562,151.2870254,supermarket
Collaroy Plateau Public School,-33.7329726,151.2932677,school
College Park,-33.93435,150.9163221,park
College Street Playground,-33.8551966,151.1818452,park
Collett Park,-33.8083541,151.0200219,park
Collimore Park,-33.9199004,150.9175176,park
Collins Flat Beach,-33.8082827,151.291541,beach
Colo High School,-33.5694388,150.7082059,school
Colo River Park,-33.4330159,150.8289881,park
Colonial Reserve,-33.6395473,150.7998525,park
Colours of India Grocery & Unique Accounting,-33.808891,151.0159144,supermarket
Colquhoun Park,-33.8481012,151.007287,park
Colvin Park,-33.7941603,151.1001551,park
Colyton High School,-33.7777927,150.7973306,school
Colyton Public School,-33.7772159,150.8131546,school
Comber Street Reserve,-33.8818971,151.2214432,park
Come On Store,-33.96656,151.1024425,supermarket
Comleroy Road Public School,-33.5065005,150.6976269,school
Commemoration Flat,-34.0036064,151.221164,park
Community And Road Education Scheme,-33.8039759,150.8891458,park
Community Park,-33.7967343,151.0975553,park
Como Public School,-34.0017907,151.0690439,school
Como West Public School,-34.0047475,151.0604915,school
Concord High School,-33.8639895,151.1092708,school
Concord Public School,-33.8632229,151.1069342,school
Concord West Public School,-33.8396955,151.0872778,school
Concord West Supermarket,-33.8478586,151.0864213,supermarket
Condell Park Christian School,-33.9225623,151.0178803,school
Condell Park Primary,-33.9255077,151.0136664,school
Condor Crescent Reserve,-33.9828902,151.1018844,park
Condover Street Reserve,-33.7855455,151.2575018,park
Congressional Park,-33.9370937,150.9189298,park
Connells Point Public School,-33.9848275,151.1002718,school
Connells Point Reserve,-33.9905388,151.0915653,park
Connie Lowe Reserve,-33.6791249,150.9149021,park
Conservatorium High School,-33.8634439,151.2144803,school
Constables Point Deeban Spit Reserve,-34.083389,151.1367403,park
Coogee Beach,-33.9208297,151.2585636,beach
Coogee Boys Preparatory School,-33.912371,151.2395738,school
Coogee Public School,-33.9208163,151.2498223,school
Cooinoo Reserve,-33.8921632,151.0924903,park
Cook Park,-33.9890458,151.1473343,park
Cook Park,-33.9501794,151.1641624,park
Cook Park,-33.8939565,150.9041852,park
Cook Park,-33.8868626,150.9617113,park
Cook Park,-33.8732615,151.2139717,park
Cook Park,-33.7749428,150.7680505,park
Cook Reserve,-34.0637891,150.8454273,park
Cook School,-34.0394555,151.0528359,school
Cook Street Reserve,-33.7654776,151.2191519,park
Cook and Banks Reserve,-33.7978915,150.7794766,park
Cook and Phillip Park,-33.8725688,151.2152217,park
Cooke Park,-33.8990811,151.0798558,park
Cooke Reserve,-33.7560708,150.8304908,park
Cooksey Reserve,-33.7732622,151.2888782,park
Coolabah Reserve,-33.9387443,151.0805304,park
Cooleena Reserve,-33.697951,151.2843477,park
Coolibah Reserve,-33.9332462,151.1331874,park
Coolong Reserve,-33.7370919,150.9916526,park
Cooma Road Park,-33.8124551,150.9349597,park
Cooma Street Park,-33.7499096,150.8164947,park
Cooper Street Reserve,-34.073055,151.0106594,park
Cooper Street Reserve,-33.8867304,151.2119774,park
Cootamundra Drive Reserve,-33.7682519,151.2526108,park
Copacabana Beach,-33.4906971,151.4328373,beach
Copacabana Public School,-33.4850489,151.4368322,school
Cor Brouwer Reserve,-33.7865123,150.8508992,park
Coral Reserve,-33.619459,151.3353087,park
Coral Sea Park,-33.9479792,151.2447019,park
Coralie Reserve,-33.8579198,151.1324813,park
Corbin Reserve,-33.7316275,150.9007797,park
Cordelia Park,-33.9031183,150.862716,park
Coreen Avenue Reserve,-33.9600237,151.0703988,park
Coreen Reserve,-33.678271,151.2286034,park
Corella Street Reserve,-33.7716968,151.2877953,park
Corio Park,-33.8613826,150.9113514,park
Corner Beach,-33.8380968,151.2292192,beach
Corning Park,-33.8989476,151.2146916,park
Cornucopia Reserve,-33.7311532,150.924041,park
Coronation Park,-34.0297759,150.8446075,park
Coronation Park,-33.8579554,151.0352944,park
Coronation Park,-33.8431853,151.0030724,park
Coronation Reserve,-33.687978,151.3052247,park
Coronation View Point,-33.8177029,151.1802641,park
Corpus Christi College Maroubra,-33.9466993,151.2293011,school
Corpus Christi Primary,-33.7285748,151.1661771,school
Corpus Christi Primary School,-33.7112022,150.7189244,school
Corribeg Reserve,-33.4950742,151.4252317,park
Corridor of Oaks Park,-33.6950823,150.5394622,park
Corry Reserve,-33.9849775,151.1223332,park
Corryton Park,-33.9569821,150.936016,park
Cortile Reserve,-33.8030718,151.214922,park
Corunna Reserve,-34.0559689,150.8471918,park
Cos Egan Reserve,-33.9070395,151.0363416,park
Costa Park,-33.9161558,150.8790125,park
Coster Reserve,-33.7470986,151.2416854,park
Cottonwood Reserve,-33.7795558,151.1190622,park
Countess Park,-33.819901,151.2355743,park
Courtneys Park,-33.7673482,150.9290863,park
Covenant Christian School,-33.7134772,151.2154585,school
Cowan Park,-33.9275733,150.9591362,park
Cowan Park,-33.5854574,151.169332,park
Cowan Public School,-33.588813,151.1688266,school
Cowells Lane Reserve,-33.8038715,151.061807,park
Cowper Street Reserve,-33.8326545,151.014257,park
Cox Park,-33.7849755,151.0507943,park
Cox's Lane Playground,-33.8127443,151.1670388,park
Coxhead Gardens,-33.982172,151.1171884,park
Crammond Boulevard Reserve,-34.0313867,151.1230366,park
Crammond Park,-33.8951017,151.1622648,park
Cranbrook Junior School,-33.8741636,151.2641903,school
Cranbrook School,-33.871644,151.2514688,school
Crane Street Park,-33.8636424,151.0798981,park
Cranebrook High School,-33.7221064,150.7099476,school
Cranebrook Park,-33.7151826,150.6965873,park
Cransley Park,-34.0725888,150.8292674,park
Crawford Public School,-33.7547862,150.8688251,school
Crayford Park,-33.9044546,150.892849,park
Crescent Park,-33.8731978,150.9555718,park
Crescent Reserve,-33.6626713,151.3128446,park
Crescent Street Park,-33.8290532,151.0039208,park
Crest Park,-33.9085171,150.996105,park
Crestwood High School,-33.7436059,150.9756605,school
Crestwood Lions Park,-33.7536602,150.9592824,park
Crestwood Primary School,-33.7491385,150.9721675,school
Crestwood Reserve,-33.7463561,150.9706992,park
Crete Reserve,-33.9199916,151.2058129,park
Cripple Creek Reserve,-33.7343251,150.6227647,park
Cris Wood Reserve,-33.6637394,151.0030297,park
Croker Park,-33.8731121,151.1291149,park
Cromehurst School,-33.7739538,151.1721887,school
Cromer Park,-33.7396294,151.284131,park
Cromer Public School,-33.7380107,151.2746482,school
Cronulla Beach,-34.0550712,151.155084,beach
Cronulla High School,-34.0384519,151.1590432,school
Cronulla Park,-34.0557036,151.1541428,park
Cronulla Public School,-34.0539631,151.1476967,school
Cronulla Reserve,-34.0547429,150.8141608,park
Cronulla South Public School,-34.0660941,151.1541682,school
Cronulla South Public School,-34.0651916,151.1535523,school
Crookston Reserve,-34.0867596,150.6924042,park
Croot Park,-33.9589099,151.1070267,park
Crossroads Reserve,-33.6135285,151.1381746,park
Crown Park,-33.898802,151.2135256,park
Crown Reserve,-34.219716,150.6190056,park
Crown Reserve,-34.1865339,150.6024813,park
Crown Reserve 100113,-33.7499324,150.6302418,park
Crown Road Reserve,-33.7816794,151.2837162,park
Crown Street Public School,-33.8822569,151.2152009,school
Crown Supermarket,-34.0683742,150.8135571,supermarket
Croydon Park,-33.9016883,151.1090542,park
Croydon Park Public School,-33.894695,151.1083728,school
Croydon Public School,-33.8798133,151.1148933,school
Crusher Plant,-33.6995351,151.0911303,park
Cruwee Cove,-33.9974384,151.2445862,beach
Crystal Park,-33.8986801,151.2125949,park
Crystal Street Park,-33.810851,150.945748,park
Cubbitch Barta Reserve,-34.0949938,150.7020517,park
Cudal Reserve,-33.8228618,151.112816,park
Cudgee Road Reserve,-34.0447289,151.0902222,park
Cudgegong Reserve,-33.6883761,150.9031936,park
Cullen Street Reserve,-33.8142409,151.1517583,park
Cultural Landscape Garden,-33.8946904,151.1972786,park
Cumberland High School,-33.7846663,151.0371513,school
Cumberland Park,-33.8347116,151.0593815,park
Cunningham Park,-34.0208188,150.7828059,park
Cunningham Reserve,-33.9608299,151.2389422,park
Curl Curl Beach,-33.7700018,151.2968356,beach
Curraghbeena Park,-33.8418434,151.2348055,park
Currambena Primary School,-33.8210136,151.1702628,school
Curran Park,-33.8606962,150.9147734,park
Curran Public School,-33.9931517,150.8994095,school
Currans Hill Park,-34.0427594,150.7681809,park
Currans Hill Public School,-34.0478577,150.7692023,school
Currawong Avenue Reserve,-33.6175708,151.3272634,park
Currawong Beach,-33.5959447,151.2997204,beach
Currawong Flat,-34.0772536,151.0556027,park
Currawong Reserve,-33.9989518,150.874868,park
Currawong Reserve,-33.750997,151.0393088,park
Currawong flat,-34.0765377,151.0551589,park
Currey Park,-33.7988061,151.1840634,park
Currie Road Dog Park,-33.7590817,151.2245038,park
Curry Reserve,-34.0529545,150.7098314,park
Curtilage Park,-33.7267749,151.1190891,park
Cusack Street Park,-33.8434775,150.9712565,park
Cusack Street Reserve,-33.8433628,150.972021,park
Cutliffe Reserve,-33.8868828,151.0368988,park
Cutting Reserve,-33.9548461,151.0395982,park
Da Jia Hao,-33.7525687,151.2878749,supermarket
Dacey Gardens,-33.9255819,151.2274715,park
Daceyville Public School,-33.9295366,151.2279707,school
Daffodil Park,-33.873957,151.2208533,park
Dagara Badu Reserve,-33.7878789,150.8120187,park
Daintree Park,-33.961942,150.9425102,park
Dairymans Reserve,-33.7195843,151.1465399,park
Daisy Street Park,-33.8221372,150.9357911,park
Daju Bhaiko Pasal,-33.8881036,151.1256795,supermarket
Dalley Avenue Reserve,-33.9422761,151.2158894,park
Dalley Park,-33.7972319,151.2825584,park
Dalmeny Public School,-33.9472651,150.8713427,school
Dalmeny Reserve,-33.9510027,150.8699127,park
Dalton Reserve,-33.9193105,151.005853,park
Dame Mary Gilmore Reserve,-33.7483218,151.0502739,park
Damour Park,-33.9590963,150.933938,park
Dan Park,-33.8983901,150.9532368,park
Dandarbong Reserve,-33.7869239,151.0581631,park
Dandie Park,-33.8024592,150.9485813,park
Danebank,-33.9614904,151.1022878,school
Daniel Dawson reserve,-33.8953537,151.1984346,park
Daniel Street Park,-33.8239124,150.9516496,park
Daniella Street Reserve,-34.0375453,151.1236203,park
Daniels Street Reserve,-33.8859664,151.1971921,park
Daranggara Park,-33.8855086,151.1786082,park
Darcy Road Public School,-33.8019551,150.9659875,school
Darks Forest Park,-34.2349915,150.9144285,park
Darling Point Reserve,-33.86705,151.2390272,park
Darling Quarter Village Green (North),-33.8750561,151.2020831,park
Darling Quarter Village Green (South),-33.8754,151.2024006,park
Darlinghurst Public School,-33.8786023,151.2234216,school
Darlington Public School,-33.8927968,151.1894194,school
Darmenia Avenue Park,-33.8338988,150.9548595,park
Darrell Jackson Gardens,-33.8905534,151.1358044,park
Darri Reserve,-33.8340334,151.125298,park
Darshan namaste,-33.8736878,151.0939827,supermarket
Darvall Park,-33.7981972,151.0842348,park
Daryl Jackson Gardens,-33.8911681,151.1364388,park
Dashmere St Reserve,-33.8623434,150.8888503,park
Datchett Street Reserve,-33.8585651,151.1924429,park
David Earle Reserve,-33.8408869,151.2002782,park
David Frater Reserve,-33.8119076,151.0065261,park
David Hamilton Reserve,-33.7883758,151.073358,park
David Joel Reserve,-33.8756462,151.2494009,park
David Scott Reserve,-33.7774262,151.0716731,park
David Simpson Reserve,-34.0580273,150.7187731,park
David Thomas Playing Fields,-33.7787804,151.2629509,park
Davidson High School,-33.7445118,151.2057898,school
Davidson Park,-33.7204071,151.0980942,park
Davies Square,-33.8726537,151.0818547,park
Davies Square,-33.8725622,151.0824152,park
Davis Park,-34.0443945,150.808527,park
Davison Reserve,-33.727633,150.9207809,park
Davistown Memorial Park,-33.483948,151.3601718,park
Dawes Avenue Reserve,-33.8863988,151.035,park
Dawes Point Reserve,-33.8552507,151.2088538,park
Dawn Street Reserve,-33.9667897,151.0541301,park
Dawson Mall,-33.7675824,150.822122,park
Dawson Public School,-33.7453543,150.8160027,school
Dawson-Damer Park,-33.996017,150.7453466,park
Day Park,-33.8963473,150.9647724,park
Day Street Reserve,-33.9184057,151.1470749,park
De La Salle Catholic College,-34.0453346,151.1218999,school
De La Salle College,-33.9634384,151.0148042,school
De La Salle College,-33.8844501,151.1251426,school
De Witt Reserve,-33.9279052,151.0321034,park
Deakin Park,-33.8413683,151.0432889,park
Dean McGrath Park,-34.1275925,150.7402067,park
Dean Reserve,-33.8946815,151.0780626,park
Dearin Reserve,-33.6588276,151.3084575,park
Deborah Wicks Park,-33.771159,150.8901001,park
Dee Why Beach,-33.7508215,151.3000457,beach
Dee Why Fruit Market,-33.753885,151.287396,supermarket
Dee Why Memorial Park,-33.7424335,151.2830742,park
Dee Why Public School,-33.7485501,151.2867665,school
Deep Creek Reserve,-33.7076923,151.2746013,park
Deepwater Park,-33.9502967,150.9777224,park
Deer Park,-33.9863565,150.7363573,park
Deerbush Park,-33.8689099,150.9030837,park
Deerubbin Park,-33.6049251,150.8116692,park
Deerubbin Reserve,-33.5348875,151.1986574,park
Delany College,-33.8334502,151.0009031,school
Deli on Dolphin Supermarket,-33.9187955,151.2574462,supermarket
Deloraine Drive Reserve,-33.7603392,150.6447847,park
Delwood Beach,-33.7995013,151.2782354,beach
Demetrius Reserve,-34.1005167,150.7863489,park
Denawen Park,-33.7861285,151.2132109,park
Dence Park,-33.7744095,151.0925326,park
Denfield Green,-34.116337,150.7992642,park
Denham Court Public School,-33.9820204,150.8143869,school
Denis Winston Place,-33.8724683,151.2204727,park
Denistone East Public School,-33.7933632,151.0968521,school
Denistone Park,-33.7983399,151.092709,park
Denman Reserve,-33.9040227,150.981129,park
Denman Street Reserve,-33.971536,151.0972846,park
Dennis Street Reserve,-33.9239007,151.0824867,park
Denver Road Reserve,-33.7955818,150.8008355,park
Department of International Studies,-33.7749019,151.1111454,school
Department of Linguistics,-33.7751088,151.1133192,school
Derby Street Park,-33.8829711,150.9256687,park
Derby Street Reserve,-33.8490886,151.2840477,park
Dernacourt Reserve,-34.0621472,151.0136773,park
Des Creagh Reserve,-33.6325294,151.3338968,park
Desdemona Park,-34.1066826,150.7896983,park
Deshi Groceries,-33.8873939,151.1263039,supermarket
Desi Bazar,-33.9205297,151.077284,supermarket
Desiworld Supermarket,-33.7185912,150.8454399,supermarket
Desiworld Supermarket Parramatta,-33.8208716,151.0065531,supermarket
Devenish Street Reserve,-33.8694069,150.8943427,park
Devine Street Reserve,-33.9055591,151.1831026,park
Devitt Place Reserve,-33.9523684,151.2303055,park
Devlin Park,-33.8397092,150.9601724,park
Devon Park,-33.7525478,150.7269064,park
Dewdney Road Reserve,-33.7548067,150.6660984,park
Dharaggang Park,-33.9307923,151.1518746,park
Diamond Bay Reserve,-33.8619814,151.2821777,park
Diamond Crescent Reserve,-33.8961156,150.8783626,park
Dibbs Street Reserve,-33.8999574,151.1917181,park
Dick Payten Reserve,-33.8948564,150.9895663,park
Dickson Green,-33.8605029,151.1668303,park
Dickson Park,-33.8908055,151.2641822,park
Dickson Street Reserve,-33.9017436,151.2601879,park
Diffey Street Drain Reserve,-33.905119,151.0142576,park
Digger Black Reserve,-34.0135879,150.871671,park
Dimeny Park,-34.0485791,150.8097672,park
Dinora Street Reserve,-33.9128524,151.0816103,park
Dirani's MFC Supermarket,-33.7580905,150.7568458,supermarket
Dirty Haul Beach,-33.7978062,151.2682774,beach
Discovery Park,-33.9331131,150.9181991,park
Discovery Park,-33.7668502,151.0647369,park
Discovery Park,-33.7439944,150.9282142,park
Dividing Centenary Park,-33.8597747,151.0625783,park
Djanaba Park,-33.8058037,151.1617354,park
Dobell Place Reserve,-33.722222,151.1664736,park
Dobroyd Point Primary School,-33.8744131,151.1406846,school
Dobson Green,-33.8043862,150.9850653,park
Doctor Walters Park,-33.9729662,151.2407632,park
Dog Judging Lawn,-33.8438004,151.0699642,park
Dog Park,-33.7529329,151.111148,park
Dog Pound Creek Conservation Reserve,-33.7068502,151.0771179,park
Domain Crescent Precinct,-33.8694821,151.2160819,park
Dominey Reserve,-33.95817,151.1223051,park
Domremy Catholic College,-33.8688276,151.1340285,school
Don Lucas Reserve,-34.0396875,151.1626795,park
Don Moon Memorial Park,-34.0643709,150.6949873,park
Don Moore Reserve,-33.7687114,151.0224004,park
Don Stewart Park,-33.781184,151.0621671,park
Donegal Reserve,-33.7794295,151.2196098,park
Donnan Reserve,-33.9469893,151.1254546,park
Donnelly Park,-33.8257809,151.1109445,park
Donnington Reserve,-34.0653052,150.7558947,park
Donovan Park,-33.7918782,151.102279,park
Doohan Reserve,-34.0090595,150.7344159,park
Doonside Crescent Bushland Reserve,-33.7623565,150.8830161,park
Doonside Public School,-33.7645571,150.8704802,school
Doonside Technology High School,-33.7549914,150.873633,school
Dorchester School,-34.0886198,150.8267606,school
Doreen Ross Reserve,-33.67679,150.8652619,park
Doris Fitton Park,-33.8376701,151.2099523,park
Doris Sargeant Park,-33.795795,150.9655766,park
Doris Street Reserve,-33.8396705,151.2134257,park
Dorman Crescent Walk,-33.7778254,151.1544232,park
Dorne Park,-33.7495723,150.8276584,park
Dorothy Park,-33.9222021,151.0462136,park
Dorothy Radford Reserve,-33.7897336,150.7787278,park
Double Bay Beach,-33.8738302,151.2441481,beach
Double Bay Public School,-33.8748664,151.2408784,school
Doug Gooding Park,-33.886113,151.0004735,park
Douglas Grant Memorial Park,-33.8847434,151.1739279,park
Douglas Park Public School,-34.1790532,150.7132878,school
Douglas Park Sport Ground,-34.1881581,150.7126562,park
Douglas Siding Reserve,-33.7160038,150.880193,park
Douglas Smith Memorial Park,-33.7696248,150.6179163,park
Douglas St Peoples Playground,-33.8949348,151.2040992,park
Dover Park,-33.9950398,151.116641,park
Dover Park (West),-33.9972157,151.115847,park
Dowling Beach,-33.9058168,150.9647372,beach
Dowling Street Road Reserve,-33.8474956,151.2030069,park
Downes Park,-33.8705558,150.6417676,park
Dowsett Park,-33.9443835,151.1039369,park
Doyle Gardens,-33.9541423,151.0874878,park
Doyle Ground,-33.8050281,151.0141065,park
Dr Charles McKay Reserve,-33.7750688,150.8271982,park
Dr Darragh Park,-33.9225106,151.1853723,park
Dr HJ Foley Rest Park,-33.8803814,151.1866291,park
Dransfield Avenue Reserve,-33.9357959,151.1992995,park
Dreamtime circle,-33.814257,151.0451567,park
Dressage arena (grass),-34.0537994,150.6863454,park
Drew Street Playground,-33.9074016,151.067945,park
Driscoll Street Park,-33.8763109,150.865948,park
Drivers Triangle,-33.8859394,151.2184254,park
Drummer Parry Park,-33.4455544,151.439364,park
Drummoyne Park,-33.8512301,151.1502879,park
Drummoyne Public School,-33.8560745,151.153015,school
Dryad Place Reserve,-33.7689038,150.6430857,park
Drysdale Reserve,-34.0618773,150.7144873,park
Duck Hole Beach,-33.7664664,150.603344,beach
Duck River Reserve,-33.8552838,151.0150309,park
Duck River Reserve,-33.8442773,151.0158644,park
Dudley Page Reserve,-33.8695239,151.280809,park
Dudley Reserve,-33.8636269,151.0331756,park
Duff Reserve,-33.8642581,151.2510465,park
Duggan Park,-33.9819933,151.0995056,park
Duke Park,-33.9608285,150.9932107,park
Dukes Green,-33.7671919,151.1875652,park
Dulwich High School of Visual Arts & Design,-33.9038307,151.1447288,school
Dumaresq Street Park,-33.7545575,151.1508551,park
Dunbar Ave Reserve,-33.8862046,151.0276379,park
Dunbar Park,-33.7808266,151.1075795,park
Dunbar Park,-33.6355746,151.3301179,park
Dunbar Park,-33.6349633,151.3282483,park
Dunbier Park,-33.9296872,150.9203347,park
Duncan Park,-33.7751667,151.0757428,park
Duncan Reserve,-33.6857163,151.226356,park
Dundas Park,-33.7944897,151.055071,park
Dundas Public School,-33.8044405,151.0363742,school
Dunlea Centre,-34.0653368,151.0062277,school
Dunlevy Park,-33.8667685,150.8989706,park
Dunlop Reserve,-33.8550343,151.1639104,park
Dunningham Park,-34.0509792,151.1551589,park
Dunningham Park,-33.918329,151.2606725,park
Dunrossil Park,-33.7697161,151.0573655,park
Dunstan Reserve,-33.8663052,150.912258,park
Dunumbral Park,-33.8900636,150.8478248,park
Dural Public School,-33.68608,151.0263849,school
Durawi Park,-33.7417037,150.8575323,park
Duri Reserve,-33.9742014,151.2523675,park
Dutton Plaza,-33.8941344,150.9358995,supermarket
Dwyer Park,-33.8699672,150.9148603,park
Dyuralya Square,-33.9015854,151.2133166,park
E C Freeman Reserve,-33.7408626,150.845832,park
EDU-Kingdom School,-33.8074588,151.0070904,school
Eagle Creek Reserve,-34.0333637,150.8055093,park
Eagle Farm Reserve,-34.0371289,150.8175595,park
Eagle Vale High School,-34.0399388,150.8035272,school
Earl Reserve,-33.8837125,150.9382346,park
Earlwood Oval,-33.9244508,151.1200626,park
Earlwood Public School,-33.9289844,151.1223681,school
Earth Food Store,-33.8905654,151.2735812,supermarket
East Crescent Reserve,-33.8484223,151.2050246,park
East Esplanade Park,-33.8014633,151.2862536,park
East Gordon Park,-33.7504993,151.1660809,park
East Hills Boys Technology High School,-33.9572354,150.9941161,school
East Hills Girls Technology High School,-33.9567436,150.9915773,school
East Hills Park,-33.9639348,150.9826713,park
East Hills Public School,-33.9586469,150.9919026,school
East Lindfield Park,-33.7629763,151.1933738,park
East Terrace Reserve,-33.9197048,151.0379457,park
Eastern Creek Public School,-33.7870121,150.8526118,school
Eastern Groceries,-33.95374,151.0338439,supermarket
Eastlakes Public School,-33.928084,151.2138109,school
Eastland Supermarket Sieu Thi Dong Khanh,-33.8947109,150.9346757,supermarket
Eastlewood Reserve,-34.0416338,150.7428247,park
Easton Park,-33.8693818,151.1705819,park
Eastwood Croquet Club,-33.7885811,151.0815978,park
Eastwood Heights Park,-33.7818335,151.0943168,park
Eastwood Heights Public School,-33.7818518,151.0955091,school
Eastwood Park,-33.7886912,151.0806578,park
Eastwood Public School,-33.7927318,151.0784623,school
Eather Reserve,-33.91702,151.029806,park
Eaton Road Reserve,-33.7574969,151.0423196,park
Ebenezer Christian College,-33.8039582,150.9285345,school
Ebenezer Public School,-33.5308754,150.8767955,school
Eccles Park,-33.8106578,151.0544257,park
Eccles Reserve,-33.9076366,151.0848231,park
Echo Point Park,-33.7769704,151.2065506,park
Echuca Park,-33.9015559,150.8848557,park
Eddie Aaw Reserve,-33.7960983,150.9116587,park
Eden College,-33.9891616,150.8918103,school
Edenborough Park,-33.7832832,151.1619537,park
Edensor Park Public School,-33.8820426,150.8760767,school
Edgar Barlow Park,-33.6973076,150.8975495,park
Edgar Gornall Wildflower Garden,-33.7247769,151.2938527,park
Edgar Park,-33.987799,150.8856146,park
Edgehill Street Reserve,-33.966562,151.1266257,park
Edgely Street Reserve,-33.8897185,151.21432,park
Edgeware School,-33.9135858,151.1313243,school
Edgewood Park,-33.7154061,150.9253877,park
Edith Blake Reserve,-33.9660113,151.1360034,park
Edmondson Park Public School,-33.9661357,150.8524786,school
Edmund Resch Reserve,-33.8960711,151.2144581,park
Edmund Thornton Reserve,-33.9236484,151.2081597,park
Edna Brown Reserve,-33.6932848,151.0239128,park
Edna Dunn Reserve,-33.7716614,150.7105178,park
Edna Reserve,-34.0101081,150.8646018,park
Edna Seehusen Reserve,-33.7291561,151.0371516,park
Edward Bennett Oval,-33.735409,151.0416327,park
Edward Street Reserve,-34.0165803,151.0899066,park
Edwards Park,-33.8897911,151.0822232,park
Edwards Park,-33.8543731,151.1065205,park
Edwin Moore Park,-33.9747104,150.891036,park
Edwin Ross Reserve,-33.77812,151.0565118,park
Eileen Cammack Reserve,-33.7764561,150.6952846,park
Eileen Mahoney Playground,-33.7752383,151.0712972,park
Eileen O'Connor Catholic College,-33.8927912,151.1486689,school
Eileen O’Connor College Lewisham,-33.8923592,151.1480886,school
Eileen Reserve,-33.9696782,150.9993828,park
El Alamein Park,-33.9217303,150.9117897,park
El Alamein Reserve,-33.7829044,150.9225986,park
El-Sadik Supermarket,-34.0667334,150.8135924,supermarket
Elalamein Park,-33.9205039,151.2065716,park
Elanora Heights Public School,-33.7036634,151.2847414,school
Elara Dog Park,-33.6935429,150.8250953,park
Elaroo Avenue Reserve,-33.9832032,151.2327264,park
Elderslie High School,-34.0531739,150.7155598,school
Elderslie Public School,-34.055251,150.7210622,school
Eldinhope Green,-33.7099068,151.1350122,park
Eleanor Beach,-33.5761611,151.2441094,beach
Eleanora Kopalinsky Lawn,-33.9182126,151.2320171,park
Elite Supermarket,-33.9636064,151.1326922,supermarket
Eliza Park,-33.8442688,151.0840707,park
Elizabeth Bay Deli,-33.8721554,151.2288401,supermarket
Elizabeth Chaffey Reserve,-33.7156787,150.9819374,park
Elizabeth Farm Reserve,-33.8208912,151.017815,park
Elizabeth Healey Reserve,-33.8712862,151.1952395,park
Elizabeth Jonsson Reserve,-33.7576853,150.8241651,park
Elizabeth MacArthur Park,-33.7088794,150.9357053,park
Elizabeth Macarthur High School,-34.0569334,150.7401388,school
Elizabeth Macarthur Park,-33.7929927,151.0394844,park
Elizabeth Macarthur Reserve,-34.0793443,150.6999192,park
Elizabeth Park,-33.8849609,150.8501273,park
Elizabeth Park,-33.8118362,151.2297003,park
Elizabeth Park,-33.6402798,151.2911833,park
Elizabeth Ross Park,-33.4397352,151.3512129,park
Elizabeth Scott Reserve,-34.0519618,150.7247392,park
Elizabeth Street Park,-33.8497603,150.9864962,park
Elizabeth Throsby Reserve,-34.0470724,150.7733592,park
Elizabeth Torrance Park,-33.8039144,150.7730289,park
Elkington Park,-33.8539149,151.1732518,park
Ella Street Reserve,-33.8177515,151.1938865,park
Ellen Dale Reserve,-33.7630648,150.8304822,park
Ellen Subway Gardens (Rosemont Avenue Reserve),-33.970508,151.0821523,park
Ellerman Park,-33.6898207,151.0178358,park
Ellery Park,-33.8035011,151.24584,park
Ellerys Punt Reserve,-33.8013159,151.2471733,park
Elliott Reserve,-33.8989986,151.0871285,park
Ellison Public School,-33.6901144,150.5853121,school
Ellison Reserve,-33.752911,150.7456471,park
Elm's Reserve,-33.8883386,151.2407102,park
Elouera Beach,-34.0465444,151.1594376,beach
Elouera Park,-33.7784758,151.1184325,park
Elphick Avenue Reserve,-33.9244063,151.1933838,park
Elphinstone Road Reserve,-33.9291127,151.2515115,park
Else Mitchell Park,-33.6941861,150.5726959,park
Elsie Wearn Park,-33.8077436,151.1819601,park
Elwyn Reserve,-33.6775462,151.2971865,park
Elyard Reserve,-34.0441423,150.7385913,park
Emanuel School,-33.9068311,151.2436034,school
Embarkation Park,-33.8682467,151.2232828,park
Embarkation Park,-33.8668843,151.2239941,park
Emerson Park,-33.8519794,150.9110796,park
Emerton Public School,-33.7447476,150.8054733,school
Emily McCarthy Park,-33.9297234,151.2538245,park
Emma Edwards Reserve,-33.9566425,151.1007027,park
Emma James Street Reserve,-33.4296111,151.3599858,park
Emmaus Catholic College,-33.831275,150.7920107,school
Emmett Park,-34.2241887,150.5908562,park
Empire Bay Public School,-33.5043094,151.3628637,school
Empress Park,-33.9715124,151.1076496,park
Empress Reserve,-33.9343202,151.1490869,park
Emu Green Park,-33.7385577,150.6551971,park
Emu Heights Public School,-33.7366586,150.6488026,school
Emu Park,-33.75455,150.6629652,park
Emu Plains Public School,-33.755631,150.6577206,school
Endeavour Early Education,-33.6927828,151.0257397,school
Endeavour Park,-33.7469643,150.9323966,park
Endeavour Playground,-33.8261404,151.1767459,park
Endeavour Sports High School,-34.0300552,151.1182038,school
Enfield Public School,-33.8886083,151.0945179,school
Engadine High School,-34.0621328,151.0193908,school
Engadine Public School,-34.0633304,151.0124263,school
Engadine Town Park,-34.0664296,151.0125073,park
Engadine West Public School,-34.0595038,151.0024384,school
Engesta Reserve,-34.0693255,150.6917292,park
English Reserve,-34.0953476,150.6961289,park
Enid Chalker Reserve,-33.759578,150.9454604,park
Enmore Park,-33.9044722,151.1693074,park
Enmore TAFE Park,-33.9022399,151.1741886,park
Eora Beach,-33.8990596,150.9594142,beach
Eora Park,-33.8923485,151.2522618,park
Epacris Reserve,-33.7590111,151.2171822,park
Epacris Reserve No. 2,-33.7578291,151.2152853,park
Ephraim Howe Reserve,-34.0611028,150.7476732,park
Epping Heights Public School,-33.762693,151.0740548,school
Epping North Public School,-33.7576287,151.0954122,school
Epping Oval,-33.7635241,151.088351,park
Epping Public School,-33.7707293,151.0878603,school
Epping Reserve,-33.8831309,151.2466365,park
Epping West Public School,-33.7727973,151.068035,school
Epworth Park,-33.6933886,151.2830963,park
Equestrian Park,-33.9960248,151.1374815,park
Equity Park,-33.8892151,150.9352894,park
Eric Evans Park,-33.7032849,151.1266,park
Eric Mobbs Memorial Park,-33.7809909,151.0535019,park
Erina Heights Public School,-33.4280472,151.4135789,school
Erina High School,-33.4402868,151.3814643,school
Erlestoke Park,-33.723114,151.0304658,park
Ermington Public School,-33.8048384,151.0714477,school
Ermington West Public School,-33.8058928,151.0583365,school
Ernest Pederson Reserve,-33.8764503,151.186308,park
Ernest Place,-33.8256777,151.2013421,park
Ernest Wright Playground,-33.8943722,151.1811369,park
Ernie Ireland Reserve,-33.7352789,150.9236564,park
Ernie Smith Recreation Area,-33.9361471,150.943114,park
Ernie Smith Reserve,-33.932797,150.9435901,park
Erskine Park High School,-33.8072392,150.803915,school
Erskineville Public School,-33.900882,151.1860981,school
Eschol Park Public School,-34.0283487,150.8108202,school
Eschol Park Sports Complex,-34.0297805,150.8123693,park
Esperance Reserve,-33.8734929,150.914901,park
Esplanade Foreshore Reserve,-34.0070103,151.0920052,park
Estelle Reserve,-33.7461126,151.2161279,park
Etchell Reserve,-34.0400866,150.8479157,park
Ethel Reserve,-33.7729075,150.6408457,park
Ethyl Pyers Reserve,-33.9095414,151.0668543,park
Ettalong Beach IGA,-33.513878,151.3361982,supermarket
Ettlesdale Reserve,-34.0698068,150.7139406,park
Eucalyptus Reserve,-33.9896421,150.8955074,park
Eugenie Byrne Park,-33.9031089,150.6072671,park
Euroka Reserve,-33.8829925,151.2384407,park
Euroka Street Playground,-33.8382275,151.2012978,park
Euston Park,-33.9096319,151.128291,park
Evan Jones Playground,-33.8832419,151.1652767,park
Evans Reserve,-33.7767603,151.289308,park
Evans Reserve,-33.725183,150.8972832,park
Evatt Park,-33.9553899,151.1111917,park
Eve Sharpe Reserve,-33.8978494,151.1697681,park
Eve Street Reserve,-33.9397136,151.1532387,park
Eveleigh Green,-33.8968365,151.1962089,park
Everley Park,-33.8725222,151.0112573,park
Everton Park,-33.7894632,150.8238088,park
Everton Place Park,-33.8723054,151.0957186,park
Everyday Mart,-33.7807652,151.1140307,supermarket
Evesham Court Reserve,-33.735282,150.9660435,park
Ewen Park,-33.9147036,151.1312013,park
Ewenton Park,-33.8590622,151.1902628,park
Ewey Creek Reserve,-34.0369951,151.0925591,park
Excelsior Public School,-33.7404361,150.9903351,school
Excelsior Street Reserve,-33.8501225,151.0016814,park
Exeter Farm Reserve,-33.7404021,150.9339849,park
Exim Supermarket,-33.9204892,151.0772606,supermarket
Experiment Farm Reserve,-33.8196241,151.0127906,park
Explorer Reserve,-33.9141008,150.9974744,park
Explorers Park,-33.8863253,151.137967,park
Eyles Reserve,-33.7912492,151.0621343,park
EzyMart,-33.7836246,151.1303105,supermarket
F J Machon Reserve,-33.7607959,151.2487509,park
F S Garside Park,-33.8311073,151.0162232,park
Faculty of Arts,-33.7749024,151.110895,school
Faculty of Business & Economics,-33.775814,151.1159441,school
Fagan Park,-33.6407256,151.0447688,park
Fagan Park,-33.4366613,151.3238884,park
Fairall Park,-33.9129946,150.9649232,park
Fairfax Reserve,-34.0282192,150.7400143,park
Fairfield Heights Park,-33.8666049,150.9439321,park
Fairfield Heights Public School,-33.8661058,150.9401443,school
Fairfield High School,-33.865212,150.9579665,school
Fairfield Indigenous Flora Park,-33.8645039,150.9014564,park
Fairfield Park,-33.8759415,150.9585943,park
Fairfield Public School,-33.8668509,150.9553976,school
Fairfield Road Park,-33.8583524,150.9561382,park
Fairfield West Public School,-33.8680411,150.9247261,school
Fairholme Reserve,-33.7138087,150.928982,park
Fairlight Beach,-33.79992,151.2750987,beach
Fairmount Street Reserve,-33.9177522,151.0705198,park
Fairvale High School,-33.8736161,150.9294468,school
Fairvale Public School,-33.8769458,150.9406995,school
Fairway Drive Reserve,-33.7289751,150.9579863,park
Fairway Reserve,-33.7872914,151.2743536,park
Fairy Dell Reserve,-33.7013454,150.5650687,park
Falkland Park,-33.858608,150.8906684,park
Fallon Drive Reserve,-33.7116244,151.0386229,park
Family Asian Supermarket,-33.9137619,151.2069416,supermarket
Family Hill,-34.0376482,151.1409906,park
Faulconbridge Public School,-33.6910228,150.5446761,school
Fearnly Park,-33.7498938,151.0556013,park
Federation Forest,-33.774472,150.8040181,park
Federation Place,-33.8799669,151.1379959,park
Federation Reserve,-33.903736,151.0970974,park
Federation Square,-33.9518771,150.9451113,park
Fenton Avenue Reserve,-34.0362566,151.1306912,park
Fern Creek Wildlife Protection Area,-33.6888577,151.2918259,park
Fernadell Park,-33.5823418,150.863635,park
Ferncourt Public School,-33.9208718,151.1518655,school
Ferndale Park,-33.8011975,151.1711643,park
Fernhill School,-33.7956502,150.6778952,school
Ferrington Park,-33.9235867,150.9067715,park
Field Park,-33.9284104,150.9589732,park
Field of Dreams,-33.9465736,150.9932684,park
Fieldhouse Park,-34.0863102,150.8027084,park
Fifth Avenue Reserve,-33.9988687,150.9005283,park
Fifth Street Park,-33.88889,150.6069998,park
Fig Lane Park,-33.8756495,151.1956752,park
Fig Tree Flat,-34.0797579,151.0545654,park
Fig Tree Park,-33.8327454,151.1422475,park
Fig Tree Point,-33.8134671,151.2317454,park
Figtree Avenue Closure,-33.9059953,151.2477212,park
Figtree Park,-34.0282658,150.8169601,park
Filo Pride,-33.9108691,151.1575924,supermarket
Fingleton Reserve,-33.8918965,151.253923,park
Finian Reserve,-33.7711951,151.2096387,park
Finlay Park,-33.9091683,150.9030993,park
Finlayson Street Park North,-33.817871,150.9708846,park
Finlayson Street Park South,-33.819291,150.9694932,park
Finlayson Street Playground,-33.8113822,151.1629803,park
Fintray Park,-33.9535918,150.8687058,park
Finucane Reserve,-33.9590854,151.2397802,park
Fiona Park,-33.9019203,150.893905,park
First Fleet Park,-33.8608092,151.2091326,park
First Light Horse Regiment NSW Lancers,-33.8157341,151.0029199,park
Firth Green,-34.0056857,150.8623467,park
Fisher Road Park,-33.748824,151.2852327,park
Fisher Road School,-33.7461293,151.2874525,school
Fisher Road Store,-33.7482458,151.2857247,supermarket
Fishermans Beach,-33.5901344,151.2331295,beach
Fishers Ghost Park,-34.0842662,150.8114772,park
Fitzgerald Forest,-33.7879717,151.0499932,park
Fitzgerald Park,-33.8835362,150.8844202,park
Fitzgerald Park,-33.8698125,151.0828394,park
Fitzpatrick Park,-33.9803917,151.0016455,park
Fitzpatrick Park,-33.9173011,151.2200778,park
Five Dock Park,-33.866354,151.1349315,park
Five Dock Primary,-33.8668641,151.127302,school
Fiveash Reserve,-34.1094619,150.8004647,park
Flannel Flower Beach,-33.5760173,151.3062089,beach
Flannery's,-33.6758293,151.3045226,supermarket
Flat Rock Beach,-33.7827844,151.2254567,beach
Fletcher Close Park,-34.063008,150.7154605,park
Flinders Park,-33.8668196,150.929011,park
Flinders Park,-33.7926983,151.1106827,park
Flinders Reserve,-34.0790353,150.6927571,park
Flinders Reserve,-33.9882473,150.8996969,park
Flinders Reserve,-33.9123644,150.8606616,park
Flint and Steel Beach,-33.5733471,151.285995,beach
Flockhart Park,-33.902452,151.0978434,park
Flora Street Reserve,-34.0329214,151.0684782,park
Flora Street Reserve,-33.9303556,151.0824584,park
Flora and Knight Reserve,-33.9044367,151.1831476,park
Flora and Ritchie Roberts Reserve,-33.7689841,151.2952801,park
Florence Park,-33.647988,151.3072331,park
Florey Avenue Reserve,-33.7350418,151.1465587,park
Flourite Place Playground,-34.0339904,150.8118096,park
Flushcombe Turrets Reserve,-33.7891946,150.9076927,park
Flying Pieman Park,-34.0256873,150.8127179,park
Flynns Reserve,-33.9550364,151.1086166,park
Foley Reserve,-33.9113206,150.9904608,park
Follies Park,-33.7729628,151.1903965,park
Fontenoy Park,-33.7760272,151.1299065,park
Foodworks,-34.044076,150.8108199,supermarket
Foodworks,-33.9801339,151.2453836,supermarket
Foodworks,-33.9626516,151.2471754,supermarket
Foodworks,-33.9521505,151.1382793,supermarket
Foodworks,-33.9121992,151.2238904,supermarket
Foodworks,-33.9120483,151.2622797,supermarket
Foodworks,-33.9069604,151.0237104,supermarket
Foodworks,-33.8988646,151.1724307,supermarket
Foodworks,-33.8964409,151.1537982,supermarket
Foodworks,-33.8924002,151.1996512,supermarket
Foodworks,-33.8532545,150.9858355,supermarket
Foodworks,-33.8521289,151.0848495,supermarket
Foodworks,-33.8285434,151.1182669,supermarket
Foodworks,-33.7921829,150.7806388,supermarket
Foodworks,-33.7668797,150.6226034,supermarket
Foodworks,-33.7541159,150.8105656,supermarket
Foodworks,-33.7487431,150.8240935,supermarket
Foodworks,-33.7375527,150.8161793,supermarket
Foodworks,-33.721763,150.4527557,supermarket
Foodworks,-33.6609277,151.0060908,supermarket
Foodworld Indian Supermarket,-34.0684623,150.8136306,supermarket
Footscray Park,-33.8854523,150.9005163,park
Forbes Street Reserve,-33.8713853,151.2199413,park
Forby Sutherland Memorial Garden,-34.0299579,151.0597716,park
Ford Park,-33.8968787,151.0844623,park
Foreshore Park,-34.0378331,151.1417331,park
Forest Gum Park,-33.8146852,150.9478562,park
Forest High School,-33.7566564,151.2431939,school
Forest Lodge Public School,-33.8821724,151.1815806,school
Forest Park,-33.7753198,151.084815,park
Forest Reserve,-34.0223886,150.7337693,park
Forestville Montessori School,-33.7582952,151.2189123,school
Forestville Park,-33.7599702,151.226385,park
Forestville Public School,-33.7615863,151.2127877,school
Forestway Fresh,-33.6996355,151.2125127,supermarket
Former Winmalee Community Hall,-33.6741477,150.6062372,park
Formica Park,-33.9114299,150.8836268,park
Forrester Park,-33.7820263,151.0889346,park
Forrester Reserve,-33.9383432,151.0995826,park
Forresters Beach,-33.4122991,151.4678947,beach
Forresters Friendly Grocer,-33.405983,151.465312,supermarket
Forsyth Park,-33.9153455,151.2670284,park
Forsyth Park,-33.8640348,151.2719624,park
Forsyth Park,-33.8335573,151.2149393,park
Forsyth Park,-33.7762714,151.0927257,park
Fort Street High School,-33.8902422,151.1528635,school
Fort Street High School,-33.8895224,151.154095,school
Fort Street Public School,-33.8605311,151.2048289,school
Fortescue Reserve,-33.944555,151.1414343,park
Fortunato Foti Park,-33.9463767,150.8561907,park
Forty Baskets Beach,-33.8035048,151.2701944,beach
Forum Drive Reserve,-34.0755148,151.0051283,park
Foster Park,-33.8747268,151.2465532,park
Foundation Park,-33.8583018,151.2080072,park
Founders Way,-33.7434956,151.1766339,park
Four Figs Park,-33.8207156,151.2083558,park
Four Seasons Park,-34.0322199,150.7355341,park
Four Square Seven Day Food,-33.9449996,151.1400412,supermarket
Foveaux Park,-33.8115156,151.0186442,park
Foveaux Street Reserve,-33.8850868,151.2153973,park
Fowler Reserve,-33.937561,151.2554231,park
Fowler Reserve,-33.8668556,150.6383105,park
Fowler Road Reserve,-33.8441605,150.9736135,park
Fowler Road School,-33.8415033,150.9755221,school
Fox Reserve,-33.9562758,151.0255145,park
Fr John Therry Catholic Primary School,-33.8589101,151.18409,school
Frances Newton Reserve,-33.8771778,151.2168592,park
Francesco Crescent Reserve,-33.7504157,150.9549258,park
Francis Playground,-33.9147249,151.1694178,park
Francis Street Reserve,-33.841886,151.1619644,park
Frank Beckman Reserve,-33.6822828,151.2276051,park
Frank Doyle Park,-33.9082789,151.2418565,park
Frank Flores Park,-33.7369162,150.8583943,park
Frank Hayes Park,-33.8018762,150.968565,park
Frank Moulang Reserve,-33.9412083,150.9873143,park
Frank Zions Reserve,-33.8744624,151.067161,park
Fraser Park,-33.8673218,151.0216408,park
Fraser Park,-33.7048544,151.1267147,park
Frazer Reserve,-33.7291253,151.3003581,park
Freame Park,-33.8268475,150.9845787,park
Freame Park,-33.8227657,150.9874882,park
Fred Caterson Reserve,-33.7183846,150.9866425,park
Fred Cowpe Reserve,-33.7708586,150.819662,park
Fred Hutley Reserve,-33.8197227,151.2064108,park
Fred Kelly Reserve,-33.8678182,151.1294755,park
Fred Miller Park,-33.886593,151.2158109,park
Fred Newby Reserve,-33.8610585,150.9945369,park
Fred Robertson Park,-33.8027422,151.0318401,park
Fred Sheather Park,-34.0863999,150.7961434,park
Fred Spurway Park,-33.7852872,151.0673254,park
Fred Williams Reserve,-33.9807182,151.2349787,park
Freda Park,-33.9434859,150.9459681,park
Freeburn Park,-33.87938,150.6906387,park
Freeman Avenue Reserve,-33.9845101,151.0654285,park
Freeman Catholic College,-33.8880796,150.8635112,school
Freemans Reach Public School,-33.5591014,150.7996122,school
Freemans Reach Reserve,-33.559482,150.8048142,park
Frenchs Forest Public School,-33.7515208,151.2246808,school
Frenchs Forest Showground,-33.7407561,151.2149849,park
Fresh Food Market Rooty Hill,-33.769743,150.8428889,supermarket
Freshwater Beach,-33.7820562,151.2911721,beach
Freshwater Beach Reserve,-33.7810253,151.2893019,park
Freshwater Park,-33.8814063,151.0726118,park
Freshwater View Reserve,-33.7839614,151.2895651,park
Frew Memorial Park,-34.296938,150.9411293,park
Friend Park,-33.8095712,150.9711513,park
Friendly Grocer,-34.2549666,150.5349516,supermarket
Friendly Grocer,-33.8773141,151.1851804,supermarket
Friendly Grocer,-33.8732903,151.1957989,supermarket
Friendly Grocer,-33.8079092,150.9883193,supermarket
Friendly Grocer,-33.7774558,150.788898,supermarket
Friendly Grocer,-33.7065709,151.1100107,supermarket
Friendly Grocer,-33.553579,150.6666121,supermarket
Friends Park,-33.8654113,151.0466038,park
Friendship Park,-33.749101,150.9310693,park
Friendship Place Reserve,-34.0041808,151.0377897,park
Frog Hollow Reserve,-33.8829786,151.2126769,park
Frog park,-33.4398835,151.2965925,park
Froggatt Crescent Reserve,-33.8793673,151.1158854,park
Frogmore Park,-33.7550121,151.1269359,park
Frogs Hollow,-33.9781439,151.0612898,park
Frost Reserve,-34.0512847,150.7383713,park
Frost Reserve,-33.4706595,151.3909309,park
Fry's Reserve,-33.9592801,151.1331905,park
Fuchs Reserve,-34.0589305,150.7177308,park
Fullers Park,-33.7922726,151.164015,park
Fullers Park,-33.791544,151.159653,park
Furlough Park,-33.7152417,151.2998745,park
Futsal Field,-33.8934102,151.0968798,park
Fyffe Park,-33.8336839,150.9898405,park
G B Holt Reserve,-33.966473,151.127208,park
G E Briscoe Park,-33.8384805,150.9654106,park
G&L Supermarket,-33.7674798,150.9102523,supermarket
GOG Supermarket,-33.822571,151.2007881,supermarket
Gabee Reserve,-33.9734828,151.2497749,park
Gabo Park,-33.917263,150.8871901,park
Gabriel's Park,-34.0176957,150.7709582,park
Gaden Reserve,-33.887621,151.243339,park
Gadigal Avenue Reserve,-33.9000644,151.2133991,park
Gadigal Avenue Reserve,-33.8992064,151.2134454,park
Gadshill Reserve,-34.0995115,150.7800301,park
Gaerloch Reserve,-33.899298,151.2721961,park
Gaffney Memorial Park,-33.9489998,150.956817,park
Gager Reserve,-33.9146896,150.9678678,park
Gaiarine Gardens,-33.943393,151.2077572,park
Gail Meagher Park,-33.7717114,150.989585,park
Gail Reserve,-33.9162522,151.0249763,park
Galah Reserve,-33.7532739,150.9277702,park
Galilee Catholic Primary School,-33.885024,151.275239,school
Gallard Reserve,-33.8240689,150.9598551,park
Gallimore Reserve,-33.8568671,151.1946003,park
Galloway Reserve,-33.868625,150.8949693,park
Galstaun College,-33.6792012,151.2609635,school
Galston High School,-33.6609227,151.0421683,school
Galston Public School,-33.6481941,151.0451548,school
Galston Recreation Reserve,-33.6585638,151.0363149,park
Galton Park,-33.8480924,150.9233664,park
Galungara Public School,-33.7009652,150.8808012,school
Gamarada Park,-33.6895511,150.8186978,park
Gandagara Island,-33.9236743,150.940078,park
Gandandgara Island,-33.9275246,150.9393645,park
Gandangara Park,-33.9511579,150.8968454,park
Gandell Reserve,-33.7721238,150.727301,park
Gannam Park,-33.8057359,151.1194173,park
Gannura Reserve,-33.8406728,151.2013913,park
Gard Park,-33.9147745,150.9015571,park
Gardeners Road Public School,-33.9206389,151.1979252,school
Gardenia Reserve,-33.9203792,151.0417106,park
Gardenia Street Park,-33.6862967,151.1063359,park
Garfield Barwick Centre,-33.7936129,151.0191875,school
Gargery Reserve,-34.0873812,150.7908125,park
Garie Beach,-34.1700773,151.0691086,beach
Garland Park,-33.8852914,150.8653307,park
Garnet Jackson Reserve,-33.9472495,151.2086427,park
Garran Park,-33.8681206,150.930716,park
Garraway Park,-33.9130958,151.2106984,park
Garrick Road Reserve,-33.7246793,151.1648766,park
Gayline Reserve,-34.0499671,150.7535047,park
Gazzard Park,-33.9058991,151.0244067,park
Gemalla Park,-33.8978264,150.8865816,park
Genairco Park,-33.9209242,150.8460798,park
Genki Mart,-33.8758585,151.2053439,supermarket
George Alder Reserve,-33.7278058,150.8927885,park
George Bass School,-33.8975627,150.988501,school
George Cayley Reserve,-33.9350939,151.0511394,park
George Dan Reserve,-33.9117662,151.235952,park
George Gollan Reserve,-33.7948476,151.0225453,park
George Kendall Park Dog Off-Leash Area,-33.8200616,151.0662191,park
George Nicolaidis Park,-33.7733295,150.8353458,park
George Smith Playground,-33.8941758,151.1744027,park
George Street Park,-33.8499621,150.9761736,park
George Suttor Memorial Park,-33.7606514,150.9934411,park
George Thornton Reserve,-33.7466302,151.0266256,park
George W I Brown Reserve,-33.7264128,150.8815636,park
Georges Hall Public School,-33.9124438,150.9921826,school
Georges River College Hurstville,-33.9628904,151.1098278,school
Georges River College Oatley Senior Campus,-33.9770003,151.0813496,school
Georges River College Peakhurst Campus,-33.9668858,151.0559997,school
Georges River College Penshurst Girls Campus,-33.9641113,151.0859971,school
Georges River Environmental Education Centre,-33.910278,150.961511,school
Geranium Park,-33.999299,150.8990915,park
German International School Sydney,-33.6887141,151.2201036,school
Get & Go,-33.8653581,151.2066638,supermarket
Ghumti Grocery,-33.9698143,151.1132145,supermarket
Giba Park,-33.8641096,151.1926904,park
Gibbes Street Reserve,-33.7736294,150.6675159,park
Gibbons Street Reserve,-33.8936199,151.1987222,park
Gibbs Park,-33.9142538,150.8934555,park
Gibson Street Reserve,-33.9019139,151.2581153,park
Gibson's Beach,-33.846576,151.2808039,beach
Gibsons Beach Reserve,-33.8468238,151.28119,park
Gifford Park,-33.9570391,151.0823699,park
Gilai Reserve,-33.7731729,151.2568855,park
Gilbert Barry Reserve,-33.908092,151.1444063,park
Gilbert Park,-33.7975938,151.2845043,park
Gilbert Place Reserve,-33.7581306,151.2305775,park
Gilbert Road Reserve,-33.7142289,151.0088785,park
Gilchrist Park,-33.9398362,151.1094543,park
Gilgandra Reserve,-33.8826845,151.2720579,park
Gilles Reserve,-33.751422,151.2643688,park
Gillespie Field,-33.7214681,151.1249174,park
Gillespie Field,-33.7214681,151.1249174,school
Gillies Lane Reserve,-33.9219989,151.0794203,park
Gillman Reserve,-33.9088448,151.0087439,park
Gillogly Park,-34.0340354,150.776719,park
Gilmour Park,-33.7866338,150.8016543,park
Gilmour Street Reserve,-33.7866485,150.8036235,park
Gilroy College,-33.7407937,150.9966605,school
Gima Supermarket,-33.8520788,151.0336468,supermarket
Gimes Park,-33.9380564,150.9098453,park
Ginger Meggs Park,-33.7020562,151.0812686,park
Gipps Park,-33.8549773,150.9217312,park
Gipps Street Recreation Precinct,-33.7733574,150.7559978,park
Girinya Reserve,-33.7879087,150.9017301,park
Girrahween Park,-33.9300458,151.1252903,park
Girrakool School,-33.4237,151.296,school
Girraween High School,-33.7998946,150.9445615,school
Girraween Public School,-33.7997159,150.9503451,school
Girraween Reserve,-33.7888912,151.0873937,park
Girraween Road Park,-33.7976533,150.9475136,park
Giuffre Place Reserve,-33.7517761,151.0463783,park
Gladesville Public School,-33.8329736,151.1256258,school
Gladesville Reserve,-33.8409602,151.1392689,park
Gladstone Park,-33.8587318,151.1828276,park
Glebe Foreshore,-33.8748462,151.1886121,park
Glebe Primary School,-33.8835256,151.190877,school
Gledhill Reserve,-33.8032027,151.2699193,park
Gledswood Hills High School,-34.0250343,150.7800391,school
Gledswood Hills Public School,-34.0117067,150.777047,school
Gledswood Hills Reserve,-34.014745,150.773597,park
Gleeson Trees Reserve,-33.7914322,150.9044199,park
Glen Logan Park,-33.8643165,150.8734845,park
Glen Regent Reserve,-33.9603513,150.9015088,park
Glen Reserve,-33.7912634,151.0779427,park
Glen Road Reserve,-33.7438333,150.6458932,park
Glenaeon Rudolf Steiner School,-33.7902558,151.2100764,school
Glenaeon Rudolf Steiner School Castlecrag,-33.8019056,151.2155325,school
Glenbrook Beach,-33.7755739,150.6095131,beach
Glenbrook Park,-33.7660039,150.6232811,park
Glenbrook Public School,-33.7664991,150.6174468,school
Glencoe Street Playground,-34.0352354,151.0625546,park
Glencoe Street Reserve,-34.0246594,151.0653094,park
Glendale Park,-33.7159499,150.9966884,park
Glendenning Public School,-33.7422515,150.8526537,school
Glendenning Reserve,-33.7398032,150.8575565,park
Glendevie Park,-33.9277935,150.840032,park
Glenfield Park,-33.9767399,150.8955818,park
Glenfield Park School,-33.967931,150.878601,school
Glenfield Primary School,-33.971015,150.8965647,school
Glenfield Urban Bike Park,-33.9783056,150.8895343,park
Glenhaven Public School,-33.7005949,151.0030632,school
Glenlee Reserve,-34.0566122,150.7348758,park
Glenmore Park High School,-33.7910175,150.6725495,school
Glenmore Park Public School,-33.7837239,150.6810497,school
Glenmore Road Public School,-33.8813854,151.2302212,school
Glenn McEnally Reserve,-33.9327112,151.1997013,park
Glenorie Park,-33.5977985,151.0070497,park
Glenorie Public School,-33.5995442,151.0080061,school
Glenroy Park,-34.051315,150.8080359,park
Glenvale School,-33.406616,151.3357239,school
Glenwood High School,-33.7321326,150.9368302,school
Glenwood Public School,-33.9745391,150.9030054,school
Glenwood Reserve,-33.7300058,150.9348462,park
Glichrist Oval,-34.0697789,150.8021648,park
Gloria Park,-33.7179919,150.4487446,park
Glossodia Park,-33.5440846,150.7937346,park
Glossodia Public School,-33.5305429,150.7661873,school
Gloucester Avenue Park,-33.8442131,150.977485,park
Gloucester Reserve,-33.9512695,151.086882,park
Go Win Supermarket,-33.909693,151.1031578,supermarket
Goddard Park,-33.8650118,151.1021302,park
Golden Grove Park,-33.7445443,150.9234327,park
Golden Horizons Park,-33.7098522,150.4516004,park
Golf Park,-34.2246236,150.6795689,park
Gollan Park,-33.9344428,151.254882,park
Gomebeeree Park,-33.7335138,150.8180507,park
Good Samaritan Catholic College,-33.9255251,150.8588058,school
Good Shepherd Catholic Primary School,-33.9299634,150.8623777,school
Good Shepherd Primary School,-33.7463036,150.8329724,school
Goodaywang Reserve,-33.4400885,151.330778,park
Gooden Reserve,-33.7712391,150.9737794,park
Goodlet Reserve,-33.8095107,151.1748845,park
Goodsir Street Reserve,-33.8622115,151.1756482,park
Goombarra Reserve,-33.8129416,150.9904114,park
Goomerah Crescent Reserve,-33.8712249,151.2368444,park
Goomun Creek,-33.998279,151.1310954,park
Goondah Reserve,-33.889406,150.9815136,park
Goondari Reserve,-33.4477768,151.3855527,park
Gor.Gai That Grocery,-33.8934819,150.9375638,supermarket
Gordon East Public School,-33.7458267,151.1561818,school
Gordon Glen,-33.7553087,151.1471381,park
Gordon Recreation Grounds,-33.7565491,151.156717,park
Gordon West Public School,-33.7603178,151.1392095,school
Gore Hill Park,-33.823526,151.1907887,park
Gormon Avenue Reserve,-33.7153547,150.9537024,park
Goroka Park,-33.7576563,151.2519304,park
Gosford East Public School,-33.4375355,151.3489426,school
Gosford High School,-33.4171474,151.3413412,school
Gosford Park,-33.4312058,151.3406203,park
Gosford Public School,-33.4206617,151.3335368,school
Gosford Rotary Park,-33.4315648,151.3407186,park
Gosling Park,-33.9026267,151.0474087,park
Gough & Lucas Street Reserve,-33.7578051,150.6548491,park
Gough Park,-33.8936532,150.848018,park
Gough Reserve,-33.9029899,151.1299149,park
Gough Whitlam Park,-33.9234077,151.1507576,park
Gourmet Life,-33.876972,151.2333163,supermarket
Governers Green Heritage Reserve,-34.0557857,150.768662,park
Governor Philip King Public School,-33.873777,150.8790784,school
Governor Phillip Park,-33.6009787,150.83001,park
Govett Reserve,-33.9041901,151.2396169,park
Gow Park,-33.835662,150.6609749,park
Gow Reserve,-33.6187339,150.8368373,park
Gowlland Reserve,-33.9451481,151.0030312,park
Gowrie Street Reserve,-33.9023302,151.1803791,park
Grace Campbell Reserve,-33.9529218,151.2251823,park
Grace Reserve,-33.9176589,151.0050647,park
Grace Supermarket,-33.8082877,151.1837389,supermarket
Gracemere Park,-33.9534924,150.9388523,park
Graeme Green,-33.9044284,151.1451897,park
Graf Park,-33.9041624,151.0318163,park
Graham Reserve,-33.789757,151.278241,park
Grahame Park,-33.4293121,151.3370303,park
Grand Flaneur Beach,-33.9056623,150.9575587,beach
Grand Prix Park,-34.0029346,150.7335765,park
Grandma's Secret Orchard,-33.7954469,151.0449706,supermarket
Grandview Crescent Reserve,-33.9752742,151.0443677,park
Granny Smith Memorial Park,-33.7862975,151.1013649,park
Grannys Springs,-33.7343341,151.125791,park
Grant Park,-33.8904154,151.0974518,park
Grant Reserve,-33.9246674,151.2586462,park
Grantham Heritage Park,-33.7808909,150.9303939,park
Granville Boys High School,-33.8346165,151.008802,school
Granville East Public School,-33.8482506,151.0099513,school
Granville Memorial Park,-33.8349427,151.0132063,park
Granville Park,-33.839995,150.997222,park
Granville Public School,-33.834266,151.0046541,school
Granville South High School,-33.8606275,150.9975898,school
Granville South Public School,-33.8483047,150.9958919,school
Granville Waratah Scoccer Football Club,-33.8164247,151.012649,park
Grasmere Childrens Playground,-33.8271967,151.2228851,park
Grasmere Reserve,-33.7277162,151.2803841,park
Grassy Knoll,-33.738108,151.2453548,park
Gray Reserve,-33.9038243,151.0177073,park
Gray Street Reserve,-34.034908,151.0571331,park
Gray Street Reserve,-33.876342,151.170972,park
Grays Point Oval,-34.0571828,151.0724723,park
Grays Point Primary,-34.0586646,151.0722996,school
Great Buckingham Street Reserve,-33.8903718,151.2069062,park
Great Mackerel Beach,-33.5901265,151.3020302,beach
Greatrex Park,-33.8818919,151.0321163,park
Greco Reserve,-34.1039941,150.7848355,park
Green Bans Park,-33.8983734,151.1822727,park
Green Bans Park,-33.8980234,151.1819593,park
Green Gate Park,-33.7614868,151.157986,park
Green Park,-33.8795973,151.2202703,park
Green Park,-33.823112,151.2169417,park
Green Point Christian College,-33.4610202,151.3634306,school
Green Point Reserve,-34.0018347,151.0724608,park
Green Point Reserve,-33.9986975,151.0752534,park
Green Street Park,-33.7631924,151.2670483,park
Green Valley Public School,-33.9007279,150.8689456,school
Green Valley Reserve,-33.9023838,150.87968,park
Green Valley Reserve,-33.7106629,151.1703746,park
Greenacre Baptist Christian Community School,-33.8951864,151.0556711,school
Greenacre Civic Centre Reserve,-33.9077768,151.0553327,park
Greenacre Heights Reserve,-33.9117938,151.0458867,park
Greenacre Primary School,-33.9111693,151.0575746,school
Greendale Park,-33.8304222,151.1906002,park
Greendale Reserve,-33.7433844,151.2230023,park
Greendale Reserve,-33.7418532,151.224352,park
Greenhalgh Reserve,-33.7292738,150.8789639,park
Greenhills Beach,-34.0372084,151.175137,beach
Greenlees Park,-33.8565563,151.1068795,park
Greens Flat,-33.7943618,151.1567381,park
Greens Supermarket,-33.8984814,151.1758419,supermarket
Greenup Park,-33.7387893,151.0095236,park
Greenvale Road Playground,-33.4482786,151.3767578,park
Greenview Park,-33.6974625,150.9090757,park
Greenway Park,-33.7196506,151.0433747,park
Greenway Park Public School,-33.9379955,150.8375257,school
Greenway Reserve,-34.0756516,150.6962926,park
Greenway Reserve,-33.9402991,151.0068003,park
Greenwich Baths,-33.8412619,151.1827718,beach
Greenwich Primary School,-33.8258789,151.1832476,school
Greenwich Public School,-33.8316159,151.1868598,school
Greenwood Grocer,-33.8404964,151.2072705,supermarket
Greenwood Park,-33.7876526,151.1137688,park
Gregorace Reserve/Brown Reserve,-33.8917606,150.8814891,park
Gregory Hills Amphitheatre,-34.0285538,150.7708275,park
Gregory Hills Public School,-34.0256228,150.78071,school
Gregory Park,-33.815008,150.9537541,park
Gretel Park,-33.6563708,151.3207241,park
Greville Street Reserve,-33.7933819,151.1686893,park
Grey Box Gum Reserve,-33.8717014,151.02584,park
Grey Box Reserve,-33.8260904,150.9295564,park
Greyfair Place Reserve,-33.7100566,150.9505529,park
Greystanes Creek Reserve,-33.7980282,150.9351019,park
Greystanes Public School,-33.8280379,150.9410991,school
Greystanes Sportsground,-33.8293248,150.9388568,park
Griffin Park,-33.6515192,151.2894073,park
Griffith Park,-33.9780951,151.068821,park
Griffith Park,-33.7404381,151.3042061,park
Griffiths Reserve,-33.9950109,151.1337259,park
Griffiths Reserve,-33.9289946,151.206022,park
Grimson Park,-33.9228898,150.8285655,park
Grocery Hub,-33.9550229,151.137833,supermarket
Grose View Public School,-33.5944753,150.6648597,school
Grosvenor Tavistock Reserve,-33.9779443,151.1089029,park
Grove Park,-33.9729492,151.094647,park
Guban Gujaaja Reserve,-34.1134251,150.7917326,park
Gugara Park,-33.8802716,151.2269608,park
Guiders Park,-33.7063467,151.1486026,park
Guildford Park,-33.8488201,150.9894696,park
Guildford Public School,-33.8558285,150.9819415,school
Guildford Road Park,-33.8510301,150.9696608,park
Guildford West Public School,-33.84767,150.9664649,school
Guilfoyle Park,-33.8761575,151.2407895,park
Guillfoyle Park,-33.8819237,151.0253867,park
Guise Public School,-33.9874583,150.896914,school
Gulyangarri Public School,-33.917885,150.9333186,school
Gumbooyah Reserve,-33.7723938,151.2607844,park
Gumnut Reserve,-33.7451843,150.8070967,park
Gumtree Reserve,-33.8504011,150.9748214,park
Gundungurra Park,-34.0839708,150.5393019,park
Gundungurra Reserve,-34.0629037,150.7395388,park
Gungah Bay Reserve,-33.9861542,151.0672722,park
Gunnamatta Park,-34.0590864,151.1496893,park
Gunning Park,-33.7829132,150.7838269,park
Gunyah Beach,-34.0826513,151.1525526,beach
Gunyah Beach,-34.0822404,151.1550393,beach
Gunyah Beach,-33.5723883,151.2405123,beach
Gunyah Place Reserve,-33.6255827,151.3250351,park
Gurdon Reserve,-33.4838996,151.3161801,park
Guyangil Park,-33.5172102,151.3157255,park
Gwarra Reserve,-33.7570081,151.2088744,park
Gwendale Park,-33.7843289,151.0888725,park
Gymea Bay Public School,-34.0469114,151.0828112,school
Gymea North Primary,-34.0264619,151.0883745,school
Gymea Technology High School,-34.0291233,151.0836427,school
H J Mahony Memorial Reserve,-33.9214825,151.1415012,park
H. V. Evatt Park,-33.9816163,151.0437367,park
Haberfield Gardens,-33.8770346,151.1319731,park
Haberfield Primary School,-33.8800737,151.1344259,school
Hadfield Reserve,-33.9872005,151.0453346,park
Haezlett Park,-33.4640702,151.4316283,park
Hagger Park,-34.0473939,151.1442541,park
Haig Park,-33.9278738,151.2262281,park
Haigh Park,-33.9258544,150.9367151,park
Halcyon Reserve,-34.031385,150.7383124,park
Half Penny Reserve,-33.716534,150.9437683,park
Halfpenny Park,-33.7299366,151.1260279,park
Halinda School,-33.760656,150.8064513,school
Hall,-34.0464987,151.1129763,school
Hall's Reserve,-34.217078,150.5837712,park
Hallets Beach,-33.5999966,151.2420275,beach
Hallinan Park,-33.9990392,150.868223,park
Hallini's Groceries and Take-away,-33.7611124,150.7204706,supermarket
Hallstrom Park,-33.8119294,151.2010351,park
Hall’s Reserve,-33.8881624,151.2353994,park
Halvorsen Park,-33.8227159,151.0555917,park
Hambledon Cottage Reserve,-33.8188547,151.0149295,park
Hambledon Public School,-33.7164541,150.8871914,school
Hamersley Park,-33.8634198,150.9286947,park
Hamilton Grove Park,-33.8774095,150.9697911,park
Hamilton Park,-33.8725915,150.9371149,park
Hamilton Park,-33.740636,151.1206861,park
Hammers Road Reserve,-33.7886905,150.9873311,park
Hammond Park,-33.8778849,151.1264388,park
Hammond Reserve,-33.7508884,151.1423478,park
Hammondville IGA,-33.9484837,150.954579,supermarket
Hammondville Public School,-33.9472853,150.9545296,school
Hampden Park Primary,-33.9150386,151.074047,school
Hampden Road Reserve,-33.8179874,150.9650115,park
Hampden Road reserve,-33.9156797,151.0725145,park
Hampshire Park,-33.8323341,151.2442312,park
Hampton Park,-33.8810916,150.9445276,park
Hamro Harvin Spices,-33.9657824,151.1009532,supermarket
Hana Fruit Veg Groceries,-34.0679385,150.8133884,supermarket
Hanbury Street Park,-33.8250877,150.956957,park
Hancey Farm Reserve,-33.7094817,150.9896152,park
Hands Quarry Reserve,-33.8105774,151.1558806,park
Handy Market,-33.8223877,151.0094956,supermarket
Hanho Asian Grocery,-33.899646,151.2121712,supermarket
Hanna Family Park,-33.9249687,150.9057808,park
Hanna Park,-33.582423,150.7257228,park
Hanna Reserve,-33.739007,150.8322856,park
Hannan Park,-33.9358995,150.8960647,park
Hannan Reserve,-33.8664133,151.1740133,park
Hannans Road Primary,-33.9452674,151.057577,school
Hannibal Macarthur Park,-33.8145407,151.0420712,park
Hansom Cab Place,-33.8937229,151.2108152,park
Hanson Street Reserve,-33.8731011,150.9698615,park
Hao De,-33.7040676,151.1017584,supermarket
Harbord Park,-33.7719283,151.2830335,park
Harbord Public School,-33.7721647,151.2859245,school
Harbourview Park,-33.8883369,151.2472824,park
Harcourt Primary School,-33.9091998,151.0958227,school
Harcourt Reserve,-33.9059397,151.0966492,park
Harden Reserve,-33.9082824,150.9889857,park
Harding Memorial Playground,-33.8330206,151.1322191,park
Hardmans Park,-33.9685778,151.1053984,park
Hardy Park,-33.8155569,151.1181035,park
Haredale Park,-34.0975721,150.7827671,park
Hargraves Park,-33.4419474,151.3559053,park
Hargraves Reserve,-34.060149,150.8382799,park
Harley Park,-33.7826683,151.0767457,park
Harley Park,-33.7256065,150.6374728,park
Harmony Park,-33.8795614,151.2119917,park
Harnett Park,-33.8373255,151.2300343,park
Harold Bull Reserve,-33.9246936,151.0839962,park
Harold Moon Reserve,-33.8500889,151.0207133,park
Harold Noakes Park,-34.0822291,150.5728055,park
Harold Park,-33.8780702,151.178855,park
Harold Reserve,-33.6435557,151.2922301,park
Harold West Reserve,-33.7754197,151.0492728,park
Harriette Street Road Reserve,-33.8382626,151.2216256,park
Harrington Green,-34.0506623,150.7136654,park
Harrington Park Lake Youth Play Space,-34.0306538,150.7291053,park
Harrington Park Public School,-34.0271906,150.7384953,school
Harrington Street Public School,-33.8886515,150.9087949,school
Harris Creek Reserve,-33.9605837,150.9558469,park
Harris Farm,-33.8917353,151.2120732,supermarket
Harris Farm,-33.8856921,151.1583627,supermarket
Harris Farm,-33.8731765,151.2735366,supermarket
Harris Farm,-33.8533828,151.1564228,supermarket
Harris Farm Markets,-33.9090162,151.1635363,supermarket
Harris Farm Markets,-33.8929381,151.2500097,supermarket
Harris Farm Markets,-33.8895763,151.2717565,supermarket
Harris Farm Markets,-33.8730451,151.2239054,supermarket
Harris Farm Markets,-33.8224654,151.1336321,supermarket
Harris Farm Markets,-33.8147452,151.1676517,supermarket
Harris Farm Markets,-33.7870547,151.2813562,supermarket
Harris Farm Markets,-33.7742374,151.1689571,supermarket
Harris Farm Markets,-33.7380817,151.0709515,supermarket
Harris Farm Markets,-33.7299107,151.1590011,supermarket
Harris Farm Markets,-33.6759991,151.3055163,supermarket
Harris Farms Markets,-33.8235242,151.209472,supermarket
Harris Street Park,-33.8431457,150.9771727,park
Harrison Reserve,-34.0290425,150.7470446,park
Harry Carr Reserve,-33.7584238,150.9857578,park
Harry Dennison Park,-33.7660831,150.8427414,park
Harry Gapes Reserve,-33.850508,151.0061548,park
Harry Howard Reserve,-33.8329028,151.1965846,park
Harry McLachlan Reserve,-33.9093418,150.6132238,park
Harry Noble Reserve,-33.9010646,151.1896542,park
Harry Shelley Memorial Playground,-33.8345415,151.1502488,park
Harry's Park,-33.8477743,151.2104986,park
Hart Field,-33.7325853,150.6555619,park
Hartford College,-33.9303958,151.2257339,school
Hartford Reserve,-34.0942625,150.7828649,park
Hartley's Oval,-33.8878391,150.9512801,park
Hartman Hill Reserve,-33.8202043,151.1536662,park
Harvest Park,-33.893353,151.1428164,park
Harvey Brown Reserve,-34.0631561,150.8025474,park
Harvey Dixon Park,-33.9609545,151.0449236,park
Harvey Murray Park,-33.7944782,150.9818882,park
Hassall Grove Public School,-33.735484,150.8384924,school
Hassall Park,-33.7160145,151.1722496,park
Hassall Street Park,-33.8103271,150.9881691,park
Hastings Street Park,-33.6856655,151.2928648,park
Havard Park,-33.9417642,150.8545993,park
Haven Amphitheatre,-33.8016452,151.2225643,park
Hawkesbury High School,-33.5592514,150.7973123,school
Hawkesbury Independent School,-33.5257023,150.6918048,school
Hawkesbury Panorama Reserve,-33.6662785,150.6509254,park
Hawkesbury Park,-34.01604,151.1191061,park
Hawkesbury Park,-33.5861526,150.7193309,park
Hawkins Hall,-33.7215281,151.0863285,park
Hawthorn Park,-33.8828144,150.9059307,park
Hawthorne Canal Reserve,-33.8792234,151.1476207,park
Hawthorne Parade Park,-33.8731092,151.1487144,park
Hawthorne Park,-33.9900945,150.8990718,park
Haydon Park,-34.1063594,150.793669,park
Hayes Park,-33.6581427,151.0391207,park
Hayes Street Beach,-33.8416309,151.2194164,beach
Hayter Reserve,-34.0872418,150.6873679,park
Haywood Park,-33.8497713,150.9165021,park
Haywood Place Reserve,-33.8098504,150.9407243,park
Hazel Bradshaw Park,-33.9371635,150.9161428,park
Hazelbrook Public School,-33.7266135,150.4593453,school
Hazlett Park,-34.0025414,150.8819284,park
Headen Park,-33.7253198,151.0793881,park
Headingly Reserve,-33.7516969,150.9180495,park
Healy Reserve,-34.0315998,150.7663905,park
Heathcote East Public School,-34.0820849,151.0202839,school
Heathcote High School,-34.0824157,151.0144302,school
Heathcote Sesquicentenary Park,-34.0840637,151.0141469,park
Heather King Park,-33.8958174,150.9491121,park
Heathfield Reserve,-34.0280578,150.8211447,park
Heatley Reserve,-33.8098329,151.1322726,park
Heber Park,-33.7459132,150.8263915,park
Hebersham Public School,-33.7479668,150.8259254,school
Heckenberg Public School,-33.9087784,150.8905347,school
Heffron Park,-33.9502308,151.2348153,park
Heiden Park,-33.8789052,150.9596808,park
Heinrich Reserve,-33.9844454,151.0513624,park
Helen Maguire Lawn,-33.917001,151.2310829,park
Helen Stewardson Reserve,-34.0531247,150.8318275,park
Helen Street Reserve,-33.8078451,151.1767835,park
Helena Street Park,-33.8473512,150.9644265,park
Helene Park,-33.8204081,151.0904026,park
Helensburgh Public School,-34.1842192,150.9883651,school
Helles Park,-33.9363091,150.9217844,park
Helmsley Grove Reserve,-33.7206122,150.9679615,park
Hemingway Reserve,-33.8543845,150.9537777,park
Hemsley Reserve,-33.7843474,151.1931852,park
Henderson Park,-33.8106966,151.1965962,park
Henley Park,-33.8918877,151.0968406,park
Henley Park,-33.8600401,151.0987763,park
Henley Playground,-33.8097765,151.1535861,park
Henley Reserve,-33.8418377,151.1334983,park
Henningham Playground,-33.8258491,151.1843258,park
Henri Dunant Park,-33.8004701,151.1113908,park
Henriette Drive Reserve,-34.0619862,150.7363621,park
Henry Brigden Park,-33.750234,150.705895,park
Henry Brigg Park,-33.7773883,151.0868878,park
Henry Curtis Reserve,-33.7442059,151.030141,park
Henry Fulton Public School,-33.7047441,150.7096434,school
Henry Hallorhan Park,-34.220062,150.9796478,park
Henry James Deacon Reserve,-33.8990958,151.2079241,park
Henry Kendall High School,-33.420828,151.334845,school
Henry Lawson Drive Reserve,-33.9610447,151.0547181,park
Henry Lawson Park,-33.8500237,151.1256808,park
Henry Lawson Reserve,-34.0016802,151.0626928,park
Henry Mitchell Reserve,-33.7334148,150.9062988,park
Henry Reserve,-34.0613699,150.746892,park
Henry Robertson Park,-33.8926263,150.8576634,park
Henry Turner Reserve,-34.0550306,151.1025024,park
Henson Park,-33.9043333,151.1584764,park
Henson Street Pre-School,-33.8921086,151.1346647,school
Henty Park,-33.9007962,151.0128676,park
Herbert Crabtree Reserve,-33.9019298,151.0044938,park
Herbert Rumsey Reserve,-33.7875454,151.0471227,park
Herberts Hill Reserve,-34.0460164,150.7209018,park
Hereward Reserve,-33.9448474,151.2564931,park
Heritage Drive Reserve,-33.9957024,151.0330305,park
Heritage Park,-34.0861687,150.7773138,park
Heritage Reserve,-33.9411651,150.9802684,park
Hermit Beach,-33.8587685,151.2691168,beach
Hermitage Park,-33.9239649,150.8926601,park
Heron Park,-33.9137312,150.9700297,park
Herron Park,-33.8432305,151.233513,park
Heslehurst Reserve,-33.9591057,151.1550138,park
Hewitt Avenue Reserve,-33.8339461,150.9568457,park
Hewlett St Reserve,-33.9010971,151.266452,park
Hews Reserve,-33.733491,151.2165665,park
Heydon Park,-33.834791,151.1389218,park
Heysen Park,-33.8676725,150.8645738,park
Hibble Park,-33.7992385,151.07893,park
Hickeys Park,-33.7413012,150.7036311,park
Hickory Park,-33.715103,151.0295594,park
Hickson Park,-33.8626029,151.2021655,park
Hickson Road Reserve,-33.855468,151.2102921,park
Hidaka Asian Supermarket,-33.9205709,151.2268476,supermarket
High Cross Park,-33.9177038,151.2414723,park
High Street Reserve,-33.9292864,151.1879134,park
Highfield Park,-34.0405788,151.1211472,park
Highlands Park,-34.2273146,150.6777912,park
Highs Road Village Green,-33.7395678,151.0228639,park
Hilder Reserve,-34.0525662,150.7139972,park
Hill Road Reserve,-33.7517404,151.031171,park
Hillard Street Reserve,-33.9181599,151.06747,park
Hillcrest Park,-33.9389175,150.9470566,park
Hillier Street Park,-33.8277685,150.9829271,park
Hillman Orchard,-33.8345911,151.1548083,park
Hills Adventist College,-33.6972807,150.9560663,school
Hills Montessori School,-33.7520722,151.0246113,school
Hillside Park,-33.7665465,150.6330903,park
Hillside Public School,-33.6011782,150.9760408,school
Hillside Reserve,-33.7555738,151.0465071,park
Hillsong Leadership college,-33.7351167,150.9613544,school
Hilltop Park,-34.1074832,150.7576308,park
Hilltop Park,-33.9958778,150.7970964,park
Hilltop Park,-33.9073518,150.9026951,park
Hilltop Public School,-33.8263353,150.9733022,school
Hillview Park,-33.7442173,150.8562912,park
Hilwa Park,-33.8831719,150.9748996,park
Himalaya Park,-33.7906621,150.9212822,park
Hinchinbrook Public School,-33.9129885,150.8589044,school
Hinkler Park,-33.8482159,150.9289806,park
Hinkler Park,-33.7838823,151.2817035,park
Hinsby Park,-33.8788056,151.172758,park
Hitchcock Park,-33.6236299,151.3329492,park
Hitter Park,-33.9091055,150.9049561,park
Hobartville Public School,-33.6037888,150.7422454,school
Hoddle Reserve,-34.0751543,150.81428,park
Hodgson Park,-33.8455943,151.2238602,park
Hoffman Park,-33.829169,151.1056749,park
Hogben Park,-33.9580921,151.1347384,park
Holborn Avenue Reserve,-33.7477528,151.2870276,park
Holdsworth Reserve,-34.0469485,150.752879,park
Holdsworth Road Reserve,-33.8370539,151.2152359,park
Holgate Public School,-33.4051111,151.4077737,school
Hollier Reserve,-33.7601473,150.6562752,park
Hollis Park,-33.8946036,151.1860858,park
Holloway Park,-33.8336738,151.1879483,park
Hollywood Park,-34.0125903,150.7424283,park
Hollywood Park,-33.9080617,150.9708291,park
Holman Park,-33.7009741,151.1070204,park
Holmes Park,-33.9841251,150.7989298,park
Holmlea Place Reserve,-34.0509593,151.0068251,park
Holroyd Apex Park,-33.8314162,150.9560469,park
Holroyd Gardens,-33.8316877,150.9943788,park
Holroyd School,-33.8289078,150.9816509,school
Holroyd Sportsground,-33.8288467,151.0007543,park
Holroyd Volunteer Park,-33.8374132,150.9899486,park
Holstein Park,-33.7206495,150.9307509,park
Holsworthy High School,-33.9546768,150.952519,school
Holsworthy Public School,-33.9559406,150.9535489,school
Holt Park,-33.914962,150.8997341,park
Holt Park,-33.7883626,151.1209707,park
Holy Cross Catholic Parish Primary School,-34.1860966,150.9862102,school
Holy Cross Catholic Primary School,-33.4645852,151.3801128,school
Holy Cross College,-33.8184659,151.1193857,school
Holy Cross Primary School,-33.8890411,151.2528264,school
Holy Cross Primary School,-33.7367623,150.9240783,school
Holy Family Catholic Primary School,-34.0183313,151.0207542,school
Holy Family Catholic Primary School,-34.0025038,150.8741294,school
Holy Family Catholic Primary School,-33.7742717,151.1658296,school
Holy Family Primary School,-33.8813272,150.68539,school
Holy Family Primary School,-33.8480372,151.0116283,school
Holy Family Primary School Emerton,-33.7471375,150.8026172,school
Holy Innocents' Catholic Primary School,-33.8763148,151.1127616,school
Holy Saviour School,-33.9113919,151.0557315,school
Holy Spirit Catholic Primary School,-33.9391243,150.8427637,school
Holy Spirit College,-33.9223626,151.0759472,school
Holy Spirit Primary School,-33.7939369,150.7814507,school
Holy Spirit School North Ryde,-33.7947689,151.1232447,school
Holy Trinity Primary School,-33.8328447,151.0012133,school
Homebush Boys High School,-33.8660652,151.0771082,school
Homebush Park,-33.889279,150.9059769,park
Homebush Public School,-33.8673412,151.0852126,school
Homebush West Public School,-33.8664485,151.0668978,school
Homelands Reserve,-33.7894657,151.0428604,park
Homestead Road Reserve,-33.89097,150.8782638,park
Honest to Goodness,-33.9025056,151.1976483,supermarket
Honeykiss Park,-33.912561,151.206948,park
Honeysuckle Creek Reserve,-33.7721284,151.1474394,park
Honour Gardens,-33.7199281,150.4317802,park
Hope Park,-33.8579872,150.8932762,park
Hopepoint Christian School,-33.9115414,150.9773642,school
Hopeville Park,-33.6829895,151.0911414,park
Hopman Street Park,-33.8306449,150.9458023,park
Horatio Park,-33.728481,150.9609162,park
Horbour Market - Persian Grocery,-33.7004298,150.9271521,supermarket
Horbury Hunt Place,-33.8728541,151.2485749,park
Hordern Park,-33.601231,151.326328,park
Horderns Beach,-34.0823528,151.1485911,beach
Horlyck Reserve,-33.8494841,151.0162527,park
Horne Park,-33.9714557,150.8925551,park
Horningsea Park,-33.9458057,150.8348007,park
Hornsby Girls High School,-33.7067,151.1011235,school
Hornsby Health Food Products and Video,-33.7020507,151.097621,supermarket
Hornsby Heights Public School,-33.6701176,151.0979801,school
Hornsby High School,-33.6922851,151.102982,school
Hornsby Mart,-33.7020634,151.0977216,supermarket
Hornsby Park,-33.7012015,151.0961803,park
Hornsby Park,-33.700455,151.0867186,park
Hornsby Shire Council Rest Park,-33.5471729,151.1979943,park
Hornsby South Public School,-33.7135131,151.0951275,school
Hornsby indian Bazaar,-33.704022,151.1014445,supermarket
Horsley Park Public School,-33.8404032,150.8526653,school
Horsley Reserve,-33.9444742,150.9938704,park
Hoskins Park,-33.8998208,151.1400999,park
Hoskins Street Reserve,-33.8595234,151.1936166,park
Hotham Street Reserve,-33.7908254,151.1791131,park
Housman Park,-33.8546597,150.9009603,park
Howard Park,-34.0254925,150.7794598,park
Howard Park,-33.9045513,150.962545,park
Howe Park,-33.6048013,150.8179899,park
Howe Street Reserve,-33.8167062,150.9859485,park
Howse Park,-33.8467419,151.1044771,park
Hoxton Park High School,-33.9199928,150.8615978,school
Hoxton Park Public School,-33.9318117,150.8496295,school
Hoxton Park Recreation Reserve,-33.9247631,150.8644824,park
Hoy Park,-33.902322,150.9532052,park
Hudson District Park (East),-33.8711665,151.0661525,park
Hudson District Park (West),-33.8683748,151.0626808,park
Hudson Park,-33.6358733,151.3129287,park
Hudson Street Reserve,-33.8771461,151.1706125,park
Hughes Avenue Park,-33.8140569,151.066376,park
Hughes Avenue Reserve,-33.9230292,151.194097,park
Hughes Park,-33.9232954,151.1137748,park
Hughes Park,-33.8211705,151.1510502,park
Hughes Street Park,-33.8932081,150.9311809,park
Hugo Street Reserve,-33.8897722,151.1983441,park
Hume Highway Reserve,-33.8906203,150.9654748,park
Hume Park,-33.8396087,151.0442743,park
Hume Street Park Expansion,-33.8250588,151.2006146,park
Hume Street Park Expansion,-33.8250425,151.2002295,park
Hungry Beach,-33.5829856,151.2760215,beach
Hungry Point Reserve,-34.0729184,151.1487866,park
Hunt Park,-33.9248792,151.0855122,park
Hunt Reserve,-33.6637099,151.1225069,park
Hunter Park,-33.8958204,151.2738033,park
Hunter Park,-33.8246522,151.2502736,park
Hunter Park,-33.4710812,151.4362769,park
Hunters Hill High School,-33.8327966,151.1485073,school
Hunters Hill Primary School,-33.8351206,151.1512302,school
Huntingdale Circle Reserve,-33.7151935,151.0155957,park
Hunts Creek Reserve,-33.781921,151.0232749,park
Hunts Creek Reserve,-33.777566,151.034818,park
Hurbert Hunt Reserve,-33.7871425,151.0947099,park
Hurley Park,-34.074142,150.8179699,park
Hurley Park,-33.9502099,150.8470688,park
Hurley Reserve,-33.9597724,151.2426456,park
Hurlstone Agricultural High School,-33.9704942,150.8914291,school
Hurlstone Memorial Reserve,-33.9085925,151.1311889,park
Hurstville Adventist School,-33.9650248,151.1092855,school
Hurstville Groceries,-33.9673975,151.1040193,supermarket
Hurstville Grove Infants School,-33.973124,151.0905078,school
Hurstville Oval,-33.9612976,151.0993271,park
Hurstville Public School,-33.9647804,151.1105479,school
Hurstville Quarry Reserve (North),-33.9730576,151.0964496,park
Hurstville Quarry Reserve (South),-33.9750353,151.0982955,park
Hurstville South Public School,-33.9724843,151.0993128,school
Hyacinth Reserve,-33.9984683,150.896293,park
Hycraft Reserve,-33.8673713,151.1225266,park
Hyde Park North,-33.8717319,151.2114553,park
Hyde Park South,-33.8751143,151.2110433,park
Hylton Moore Park,-33.4353359,151.3606664,park
IGA,-34.0866523,151.0085257,supermarket
IGA,-34.0843322,150.8133683,supermarket
IGA,-34.084019,151.1517013,supermarket
IGA,-34.0784931,150.5705824,supermarket
IGA,-34.0726624,150.8425648,supermarket
IGA,-34.0590328,151.121191,supermarket
IGA,-34.0335278,151.0581875,supermarket
IGA,-33.9805714,151.0805747,supermarket
IGA,-33.9654795,151.0897731,supermarket
IGA,-33.9597685,151.0630747,supermarket
IGA,-33.9564771,150.9987075,supermarket
IGA,-33.9482811,151.0811934,supermarket
IGA,-33.9375995,151.1462176,supermarket
IGA,-33.9239787,151.227595,supermarket
IGA,-33.9225304,151.0118555,supermarket
IGA,-33.9195577,150.9537876,supermarket
IGA,-33.9155365,151.2281128,supermarket
IGA,-33.9142324,151.2013529,supermarket
IGA,-33.9032417,151.1432535,supermarket
IGA,-33.9018541,151.2005587,supermarket
IGA,-33.8988876,151.1716411,supermarket
IGA,-33.8963633,151.1049512,supermarket
IGA,-33.8959703,151.1805746,supermarket
IGA,-33.8957343,151.1992232,supermarket
IGA,-33.8941577,151.1961256,supermarket
IGA,-33.8927979,151.1864812,supermarket
IGA,-33.890006,151.2717803,supermarket
IGA,-33.8870222,151.2291643,supermarket
IGA,-33.8838548,150.6937977,supermarket
IGA,-33.8821949,151.1732298,supermarket
IGA,-33.8801277,151.1874169,supermarket
IGA,-33.8777311,151.2128935,supermarket
IGA,-33.8776361,151.2129954,supermarket
IGA,-33.8746624,151.1645976,supermarket
IGA,-33.8712642,150.8903624,supermarket
IGA,-33.8701994,150.911642,supermarket
IGA,-33.87014,151.2700797,supermarket
IGA,-33.8636718,151.0885904,supermarket
IGA,-33.8561511,151.1307295,supermarket
IGA,-33.8479605,151.2115114,supermarket
IGA,-33.8461532,151.2128814,supermarket
IGA,-33.8420522,151.1082152,supermarket
IGA,-33.842028,150.8467704,supermarket
IGA,-33.8401322,150.6495588,supermarket
IGA,-33.8353137,151.2078464,supermarket
IGA,-33.8340275,151.1429359,supermarket
IGA,-33.8325095,150.9685296,supermarket
IGA,-33.8313118,151.1863947,supermarket
IGA,-33.8235331,151.1081546,supermarket
IGA,-33.818392,151.0902623,supermarket
IGA,-33.8173927,151.0044269,supermarket
IGA,-33.7941619,151.1224484,supermarket
IGA,-33.7896344,150.996782,supermarket
IGA,-33.7874338,150.8327098,supermarket
IGA,-33.7862557,150.9670347,supermarket
IGA,-33.785756,150.8004797,supermarket
IGA,-33.7786076,151.2856062,supermarket
IGA,-33.7743828,150.7492504,supermarket
IGA,-33.7676137,151.1874337,supermarket
IGA,-33.7630803,150.8691539,supermarket
IGA,-33.7464733,150.7408965,supermarket
IGA,-33.743567,150.6083812,supermarket
IGA,-33.7432054,150.7127183,supermarket
IGA,-33.7340511,151.1267779,supermarket
IGA,-33.7284705,151.2174015,supermarket
IGA,-33.7276336,151.286971,supermarket
IGA,-33.7083246,150.7511274,supermarket
IGA,-33.6958861,151.2801528,supermarket
IGA,-33.6861076,151.2899087,supermarket
IGA,-33.681948,150.916518,supermarket
IGA,-33.6818597,151.0280654,supermarket
IGA,-33.6528638,151.0458717,supermarket
IGA,-33.5146066,151.317098,supermarket
IGA,-33.4374399,151.3536067,supermarket
IGA - Drummoyne,-33.8510173,151.1541531,supermarket
IGA Allambie Heights,-33.7659365,151.2506048,supermarket
IGA Austral,-33.9324554,150.8128102,supermarket
IGA Botany,-33.9450339,151.1964994,supermarket
IGA Express,-33.7702563,150.7731251,supermarket
IGA Local Grocer,-33.6466763,151.3133588,supermarket
IGA Local Grocer Dee Why Beach,-33.7543736,151.2962391,supermarket
IGA Local Grocer Wahroonga Fresh,-33.718077,151.1164002,supermarket
IGA Local Grocer West Pymble,-33.7609158,151.1283553,supermarket
IGA North Epping,-33.7590149,151.0933343,supermarket
IGA Quay Quarter,-33.8626057,151.2116907,supermarket
IGA Romeo's Food Hall,-33.9696812,151.0795837,supermarket
IGA Romeo's Food Hall,-33.8401714,151.2077695,supermarket
IGA Romeo's Food Hall,-33.8228231,151.194663,supermarket
IGA Romeos,-33.8679267,151.2094139,supermarket
IGA Stanmore Plaza,-33.8950211,151.1641443,supermarket
IGA Woronora Heights,-34.0335237,151.026282,supermarket
IGA X-press,-33.8567941,151.2058458,supermarket
IGA X-press Kurrajong Heights + Liquor,-33.5315179,150.6308608,supermarket
IGA Xpress South Turramurra,-33.7488881,151.1119792,supermarket
IGA plus Liquor,-33.7172972,151.1736847,supermarket
"IGA, Pitt Town",-33.5863544,150.8594804,supermarket
Ibbitson Park,-33.7722167,151.166238,park
Ibbotson Street Reserve,-34.2191404,150.5844583,park
Ibrox Park,-33.8805882,151.1588991,park
Ida Kennedy Park,-33.9067991,150.8644666,park
Ilbery Reserve,-33.8354543,151.2205066,park
Ilford Reserve,-33.748024,151.2395621,park
Ilikai Place Reserve,-33.7454968,151.2880966,park
Illawarra Park,-34.2737802,150.9573717,park
Illawarra Reserve,-34.0536642,150.8438661,park
Illawong Public School,-33.9990799,151.0426905,school
Illoura Reserve,-33.9346212,151.117147,park
Illoura Reserve,-33.8587412,151.1960497,park
Illoura Reserve,-33.8388791,151.0047237,park
Iluka Park,-33.6021448,151.3180314,park
Immaculate Heart of Mary Sefton,-33.8867878,151.0084999,school
Immarana Place Reserve,-33.9604998,151.0829643,park
Inaburra School,-34.0148161,151.0256873,school
Inala Wandana Disability Services,-33.7374373,151.0352213,school
Indian Grocery Warehouse Chatswood,-33.7924407,151.1950618,supermarket
Indian House Ashfield,-33.8889406,151.1252711,supermarket
Ingleburn High School,-34.0051248,150.8715112,school
Ingleburn Memorial Park,-33.9939234,150.8633592,park
Ingleburn Public School,-34.000337,150.8665163,school
Ingleburn Reserve,-34.0074721,150.8859764,park
Ingleside Chase Reserve,-33.6798355,151.2842329,park
Inglis Park,-33.9220658,151.2379133,park
Ingrid Road Reserve,-34.0136212,151.086238,park
Inner Sydney High School,-33.8890913,151.2057711,school
Inner Sydney Montessori School,-33.8727501,151.1627533,school
Inner Sydney Montessori School,-33.8628255,151.1775968,school
Innisfall Park,-33.8719337,150.9119659,park
Innovation Centre,-33.7748675,151.1127753,school
International Chinese School,-33.8244603,151.1896977,school
International Chinese School,-33.795365,151.1774466,school
International Grammar School,-33.8814658,151.1955423,school
International Peace Park,-33.7727766,150.9260865,park
Inveresk Park,-33.8732549,151.0802266,park
Iona Creek Reserve,-33.7947176,151.0581654,park
Iraga Avenue Reserve,-33.9593553,151.0683782,park
Ireland Park,-33.9219509,150.9030183,park
Irene Park,-33.7833394,151.0965775,park
Irfan College,-33.8764159,150.8255707,school
Irish Town Grove,-33.7258123,151.1444413,park
Iron Bark Way Reserve,-33.7819535,150.8023543,park
Iron Ladder Beach,-33.540762,151.3431327,beach
Ironbark Drive Park,-33.7298719,150.7146858,park
Ironbark Flat Picnic Area,-34.0750406,151.0560809,park
Ironbark Ridge Public School,-33.6878669,150.9324065,school
Ironbark Ridge Reserve,-34.0580341,150.749171,park
Ironside Park,-33.8800684,150.897008,park
Irrawong Reserve,-33.6929041,151.2859163,park
Irving Street Reserve,-33.8116122,151.0215438,park
Irwin Place Park,-33.815241,150.972608,park
Ismay Reserve,-33.8618325,151.0857593,park
Ismay Reserve South,-33.8656277,151.0877703,park
Issy Wyner Reserve,-33.8563537,151.1816819,park
Italian Bilingual School,-33.8155883,151.0928448,school
Ivanhoe Park,-33.7958728,151.2830043,park
Ivor Wyatt Reserve,-33.7283451,151.1646722,park
J G McCartney Reserve,-33.8796723,151.1234609,park
J J Cahill Memorial High School,-33.9273872,151.2018294,school
Jaam e Jam Supermarket,-33.7065637,151.0987045,supermarket
Jacana Reserve,-33.7089293,151.1408503,park
Jacaranda Park,-33.8022804,150.6891054,park
Jacaranda Reserve,-33.7971584,151.0968712,park
Jack Brabham Reserve,-33.994854,150.7363581,park
Jack Donohoe Park,-34.0223534,150.8187036,park
Jack Haynes Rest Area,-33.8951382,151.1849327,park
Jack Jewry Reserve,-33.7637422,150.7721941,park
Jack Muller Picnic Area,-33.4642298,151.4342608,park
Jack Mundey Reserve,-33.9251609,151.2101297,park
Jack Nash Reserve,-34.0480559,150.7676548,park
Jack Read Reserve,-33.7544061,151.039559,park
Jack Shanahan Park,-33.9096043,151.1390203,park
Jack Shuttleworth Reserve,-33.8993889,151.1943221,park
Jack Thompson Reserve,-33.7288673,151.0672367,park
Jack Vanny Reserve,-33.9430325,151.2628642,park
Jack and Jill Reserve,-33.8684899,151.0316821,park
Jacka Park,-33.7754606,151.2849617,park
Jackett Reserve,-33.8829836,151.0973445,park
Jackson Park,-33.898813,151.092288,park
Jackson Park,-33.6951146,150.5408004,park
Jackson Reserve,-33.7969535,151.0956542,park
Jagungal Park,-33.9100899,150.8918751,park
Jamberoo Park,-33.7933923,150.9240526,park
James Browne Park,-33.4988269,151.3229679,park
James Busby High School,-33.9089791,150.8739522,school
James Erskine Public School,-33.8054839,150.8035896,school
James Foster Reserve,-33.9000628,151.1159722,park
James Greenwod Reserve,-33.7225406,151.0102942,park
James Hartup Park,-34.0605255,150.726257,park
James Henty Drive Oval,-33.7116529,151.0299768,park
James Hilder Reserve,-33.8806388,151.2125482,park
James Hoskin Reserve,-33.7877716,151.0648791,park
James Meehan High School,-33.98853,150.892185,school
James Meehan Park,-33.9883849,150.8914441,park
James Meehan Reserve,-33.7513713,151.2957469,park
James Morgan Reserve,-33.7417608,151.2816286,park
James Park,-33.9301823,150.9001473,park
James Park,-33.7004151,151.1134003,park
James Ridley Park,-33.781376,150.9342905,park
James Ruse Agricultural High School,-33.7811304,151.0421892,school
James Ruse Park,-34.0727955,150.8459648,park
James Ruse Reserve,-33.8182968,151.0125077,park
James Watkinson Reserve,-33.8661262,151.1940436,park
James Watt Reserve,-33.7986205,150.9261814,park
Jamieson Park,-33.9480008,150.9124198,park
Jamieson Park,-33.6293745,151.3300735,park
Jamison High School,-33.775173,150.6985188,school
Jamison Park,-33.7652434,150.6914311,park
Jamisontown Public School,-33.7730648,150.6830712,school
Jane MacGillivray Place,-33.7579605,151.1757723,park
Janet Beirne Reserve,-33.9141549,151.2003057,park
Janet Park,-33.8008441,151.0711832,park
Janet Park,-33.7294052,151.0784402,park
Jannali East Public School,-34.0180543,151.0725342,school
Jannali Oval,-34.0204291,151.0627404,park
Jannali Public School,-34.0179918,151.0611464,school
Jardine Park,-33.9459983,150.9053136,park
Jarrah Avenue Reserve,-33.9463741,150.8945403,park
Jarrah Park,-33.4342844,151.2992828,park
Jarrett Street Park,-33.4145295,151.3529084,park
Jarvie Park,-33.9074462,151.1562447,park
Jason Place Reserve,-33.773053,151.0219426,park
Jasper Hansen Park,-34.0435231,150.8563252,park
Jasper Park,-33.9450566,150.8536183,park
Jasper Road Public School,-33.7613151,150.9822567,school
Jayam Supermarket,-33.7643845,150.7746205,supermarket
Jean Cawley Reserve,-33.8797337,151.1859128,park
Jefferson Jackson Reserve,-33.8285319,151.2130913,park
Jelba Reserve,-34.0147913,151.041142,park
Jellicoe Park,-33.9376008,151.2261519,park
Jemima Jenkins Park,-34.024574,150.8094497,park
Jenkins Reserve,-33.8005677,151.0550887,park
Jennifer Park,-33.8127428,151.0735793,park
Jenola Fields Reserve,-34.0455683,151.1342076,park
Jensen Park,-33.8835093,151.0176953,park
Jerome Dowling Reserve,-33.9266123,151.212171,park
Jersey Park,-33.9182872,150.88352,park
Jersey Road Reserve,-33.8111771,151.1815543,park
Jessie Stewart Reserve,-33.8578509,151.1068007,park
Jessie Street Gardens,-33.8623841,151.2102704,park
Jew Fish Point Reserve,-33.987899,151.0672367,park
Jewish Reserve,-33.8654959,151.0473736,park
Jibbon Beach,-34.0805907,151.1625574,beach
Jim Anderson Park,-33.7423934,150.7340751,park
Jim Crowgey Reserve,-33.8075997,151.0326438,park
Jim Merry Reserve,-34.0813986,150.8101313,park
Jim Ring Reserve,-33.8890753,151.0164379,park
Jim Scott Reserve,-33.7749879,150.6960679,park
Jim Walsh Park,-33.787548,151.0917991,park
Jimada Reserve,-33.747304,151.2442224,park
Jindabyne Park,-33.8677397,150.8750248,park
Jinkers Green,-33.7775004,151.1459273,park
Jip Hong Supermarket,-33.894936,150.9392774,supermarket
Jirramba Reserve,-33.7860541,150.9493627,park
Jirramba Reserve,-33.4740627,151.3550986,park
Jocarm Reserve,-33.9196053,151.0088993,park
Jock Marshall Reserve,-33.9500799,151.0865807,park
Joe Broad Reserve,-33.9084095,150.9106538,park
Joe Daquino Park,-33.926102,150.8494816,park
Joe Poole Reserve,-33.9074214,151.1317231,park
Joels Reserve,-33.816971,151.23404,park
John Armstrong Reserve,-33.8715883,151.2272926,park
John Batman Reserve,-33.7431328,150.7475171,park
John Benyon Rotary Park,-33.6618565,151.0054428,park
John Berger Reserve,-33.7734432,150.9872978,park
John Brotchie Nursery School,-33.9426484,151.1960376,school
John Carver Reserve,-33.8121511,151.0423114,park
John Colet School,-33.7225426,151.21458,school
John Curtin Memorial Reserve,-33.9307303,151.1903642,park
John Dwyer Park,-34.0466585,151.1316111,park
John Edmondson VC Memorial Park,-33.9456359,150.9455398,park
John Hourigan Reserve,-33.7829358,151.0017183,park
John Irving Park,-33.8269733,151.0161695,park
John K Stewart Reserve,-33.937195,151.0754215,park
John Keenan Park,-34.066524,151.0110613,park
John Knowles Park,-33.8351937,150.9623534,park
John Lions Garden,-33.9186113,151.2310971,park
John Miller Park,-33.8101108,151.1239828,park
John Mountford Reserve,-33.9427383,151.0728289,park
John Palmer Public School,-33.7072491,150.9113747,school
John Paton VC Reserve,-33.8919425,151.1345533,park
John Purchase Public School,-33.7194667,151.0398187,school
John Rider Reserve,-34.0444536,150.852617,park
John Shore Park,-33.9465229,151.2541127,park
John Silverthorne Park,-33.7974924,150.9358242,park
John Street Reserve,-33.8804855,151.1837542,park
John Therry Catholic High School,-34.1017449,150.7886034,school
John Victor McMahon Reserve,-33.8807706,151.1762581,park
John Warby Public School,-34.0822566,150.8344156,school
John Wearn Reserve,-33.772854,151.0368305,park
John Weir Reserve,-34.0112337,151.2100204,park
John Whitton Memorial Park,-33.7534445,150.6455754,park
John XXIII Primary School and St Marks Secondary College,-33.7052975,150.9284762,school
Johnson Park,-33.9174553,150.883247,park
Johnson Park,-33.9011208,151.1375819,park
Johnston Park,-33.8853466,150.9467277,park
Johnston Street Reserve,-33.8586679,151.1940191,park
Johnstone Reserve,-33.9586596,151.0482951,park
Johnstone Reserve,-33.9481308,151.0097955,park
Johnstons Lookout,-33.859154,151.275308,park
Jones Park,-33.8219491,150.9925664,park
Jones Street Pocket Park,-33.8692154,151.1914612,park
Jonquil Park,-33.9954522,151.0214444,park
Jordan Park,-33.7892843,151.1068777,park
Jordan Springs Public School,-33.7251819,150.7271154,school
Jos Wiggins Park,-33.9265397,151.2010916,park
Joseph Knox Park,-33.7971589,150.9620212,park
Josephine Reserve,-33.9021903,150.9838439,park
Josephine Street Park,-33.8378873,150.9621166,park
Joy Mead Park,-33.9712066,151.1179288,park
Joynton Park,-33.9058335,151.2111063,park
Jubilee Park,-33.9742909,151.0787842,park
Jubilee Park,-33.8205221,151.005824,park
Jubilee Reserve,-33.9201469,151.0736537,park
Judd Reserve,-33.9542849,151.0626676,park
Judges Park,-33.7551178,150.6954803,park
Judith Ambler Reserve,-33.8191377,151.2173829,park
Judy Pack Park,-33.8857332,150.8600468,park
Julia Reserve,-34.0003318,150.7364147,park
Junction Street Plaza,-33.8268513,151.0066038,park
Junee Reserve,-33.9321587,151.105798,park
Jupp Reserve,-33.7831313,151.0894708,park
Jusco Supermarket,-33.7789905,151.0530225,supermarket
Just Organics Fruit & Veg,-33.8906262,151.2438372,supermarket
K-Mall-09,-33.8758821,151.2059639,supermarket
K13 Submarine Memorial Park,-33.783569,151.0452342,park
KIngsbury Reserve,-33.9365875,151.1036788,park
KK Supermarket,-33.8913611,151.1956808,supermarket
KU Ultimo Children's Centre,-33.8763206,151.1962782,school
KU Westmead Preschool,-33.8167325,150.9824282,school
Ka Lot Fuk Supermarket,-33.9675989,151.1052721,supermarket
Kalang Lane Reserve,-34.0481937,151.1065377,park
Kalgal Reserve,-33.7417621,151.2103113,park
Kalina Park,-33.6983097,150.9044507,park
Kalkada Reserve,-34.0493732,151.0848221,park
Kaluna Reserve,-33.8534615,150.9476226,park
Kamaroi Steiner School,-33.7113758,151.2158231,school
Kambala,-33.8648478,151.2718726,school
Kambora Public School,-33.7401457,151.1944803,school
Kambora Reserve,-33.73987,151.1974275,park
Kanangra Crescent Park,-33.715037,151.0511052,park
Kanangra Reserve,-33.749357,150.7153259,park
Kangaroo March Reserve,-34.2008595,150.5662193,park
Kangaroo Park,-33.7928462,151.2839009,park
Kanimbla Reserve,-33.6486284,151.3199336,park
Kapunda Reserve,-33.7347374,151.214069,park
Karabi Reserve,-33.8270529,150.9855738,park
Karamarra Road Reserve,-34.0542248,151.0118599,park
Karangi Park,-33.7523481,150.8113288,park
Kareela Playing Fields,-34.0251118,151.0859045,park
Kareela Public School,-34.0130766,151.0819861,school
Kareela Reserve,-33.9115743,151.0536446,park
Kariboo Close Reserve,-33.6706564,151.3088224,park
Kariong Mountains High School,-33.4300201,151.2961342,school
Karl Brown Reserve,-33.6810564,151.2294412,park
Karningul School,-33.8848898,151.0237638,school
Karonga School,-33.7710777,151.0615126,school
Karoo Avenue Walk,-33.7684589,151.1897123,park
Karuah Oval,-33.727142,151.1307791,park
Karuah Park,-33.7272987,151.1315302,park
Karuna Montessori School,-33.747814,151.2764094,school
Kate Bird Park,-33.7476741,150.9663937,park
Kathleen Park,-33.7935834,151.1237754,park
Kathmandu Convenience Store,-33.8285017,151.2089151,supermarket
Katoa Reserve,-33.6969302,151.2922742,park
Katrina Reserve,-33.6730128,151.2940051,park
Kawana Reserve,-33.8946916,150.9930734,park
Kayess Park,-34.015387,150.8495932,park
Kearns Public School,-34.0215161,150.8044451,school
Kee Ree Roum Asian Grocery,-33.8950869,150.9392459,supermarket
Keegan Reserve,-33.7674558,151.2138691,park
Keene Park,-33.7916488,150.9481199,park
Kegworth Public School,-33.8865124,151.1469181,school
Kegworth Public School Playground,-33.8866459,151.1479035,park
Keirle Park,-33.7851311,151.2796832,park
Keith McKinnon Park,-33.8066941,151.0528398,park
Keith Smith Park,-33.8892108,151.1098097,park
Kellyville High School,-33.7077952,150.9685114,school
Kellyville Public School,-33.7110598,150.9578722,school
Kellyville Ridge Public School,-33.70422,150.9244132,school
Kellyville Rotary Park,-33.714351,150.9617579,park
Kelso Park,-33.9551915,150.9861206,park
Kelso Park,-33.9304153,150.9424517,park
Kelso Park North Sporting Complex,-33.9513588,150.9842069,park
Kemps Creek Public School,-33.8834486,150.7901263,school
Ken McLean Reserve,-33.9275718,151.0933776,park
Kendall Reserve,-33.9995406,151.1298908,park
Kendall Reserve,-33.8472744,151.114347,park
Kendall Village Green,-33.7586725,151.134435,park
Kenilworth Reserve,-33.7106223,150.7174973,park
Kenley Park,-33.7227453,151.0919955,park
Kenna Place Reserve,-34.0389824,151.0804358,park
Kenneth Bolton Lookout,-33.8312434,151.2162763,park
Kenneth Park,-33.7877915,151.1107325,park
Kenneth Slessor Park,-33.7974017,151.1776562,park
Kenneth Upton Reserve,-33.780401,150.8071842,park
Kenneth Wilson Reserve,-34.044383,150.7275653,park
Kennett Park,-33.9786908,150.8890928,park
Kennington Oval,-33.8725126,151.0223413,park
Kenny Reserve,-34.0892781,150.8203294,park
Kensington Drive Reserve,-34.022289,150.728275,park
Kensington Park,-33.9203501,151.222403,park
Kensington Public School,-33.9095923,151.2249581,school
Kensington Reserve,-33.8998926,151.2073839,park
Kensington Rotary Reserve,-33.9250756,151.2209074,park
Kensington Supermarket,-33.9057605,151.224186,supermarket
Kent Road Public School,-33.7874221,151.1089218,school
Kenthurst Park,-33.6395412,151.0002649,park
Kenthurst Public School,-33.6655948,151.0045507,school
Kentlyn Park,-34.0732573,150.8598047,park
Kentlyn Public School,-34.073223,150.8585866,school
Kentucky Road Reserve,-33.945872,151.0467359,park
Keppel Avenue Reserve,-33.9533534,151.0494144,park
Kerelas End,-33.7389277,151.0995413,park
Kerry Reserve,-33.750247,151.2585135,park
Kessel Reserve,-33.8727207,151.0731597,park
Kesser Torah College,-33.8723241,151.2826121,school
Kestrel Crescent Reserve,-33.7967335,150.8081957,park
Keswick Reserve,-33.9107486,150.9871824,park
Kevin Dwyer Park,-33.7791151,150.8038616,park
Kevin Maley Park,-33.7779764,150.7881202,park
Key College,-33.8910878,151.1987105,school
Khan's Supa IGA,-34.168761,150.6121173,supermarket
Khan's SupaIGA,-34.2903232,150.5791482,supermarket
Kibble Park,-33.4267147,151.3434122,park
Kibo Park,-33.8801351,151.0323419,park
Kiewa Place Reserve,-34.0233005,151.0727677,park
Killara Bakery Cafe & Groceries,-33.7536254,151.1758164,supermarket
Killara High School,-33.7565776,151.1740858,school
Killara Park,-33.7603567,151.1712564,park
Killara Public School,-33.7654809,151.1484191,school
Killara Reserve,-33.9472084,150.9948534,park
Killarney Heights High School,-33.7719303,151.2151917,school
Killarney Heights High School,-33.7717754,151.215161,school
Killarney Heights Public School,-33.7749431,151.2161332,school
Kilpack Park,-33.7760638,151.0566384,park
Kilpatrick Boyland Park,-33.9205908,150.8301402,park
Kimberley Park,-33.7648685,150.8364792,park
Kimberley Playground,-33.8162298,151.1749992,park
Kimberley Reserve,-33.9163365,151.2100523,park
Kimberley Reserve,-33.8624266,151.2792417,park
Kincoppal-Rose Bay School of the Sacred Heart,-33.862756,151.2707455,school
Kincumber High School,-33.4648975,151.3825397,school
Kincumber Public School,-33.4681615,151.3943342,school
King Edward Street Reserve,-33.8709852,151.1146226,park
King George Park,-33.8619834,151.1628572,park
King George V Memorial Park,-33.858284,151.2072341,park
King George V Memorial Park,-33.8253916,151.0927569,park
King Park,-33.8384687,150.9846144,park
King Park,-33.8101141,151.2096644,park
King Park 1,-33.8758916,150.9144161,park
King Park 2,-33.8751092,150.9132715,park
King Park Public School,-33.8791681,150.9106748,school
King Reserve,-33.7819523,151.2637299,park
King Reserve South,-33.7829843,151.2634096,park
Kingdom Culture Christian School,-33.9361313,151.1389824,school
Kingfisher Reserve,-34.0029888,150.8763333,park
Kinghorne Park,-33.8898161,150.8807234,park
Kings Bush Reserve,-34.0598511,150.7006871,park
Kings Langley Public School,-33.7451263,150.9244023,school
Kings Park,-33.8673575,151.1209738,park
Kings Park,-33.7948337,151.0987127,park
Kings Wharf Supermarket,-33.8670373,151.2023687,supermarket
Kingsdene Oval,-33.7840724,151.0335242,park
Kingsford Reserve,-33.7517284,150.9245051,park
Kingsford Smith Oval,-33.8305606,151.1668594,park
Kingsford-Smith Park,-33.8026695,151.1558734,park
Kingsgrove Avenue Reserve,-33.9372963,151.1099102,park
Kingsgrove High School,-33.9489921,151.1017126,school
Kingsgrove Memorial Rest Park,-33.9412644,151.1022056,park
Kingsgrove North High School,-33.9339886,151.0976098,school
Kingsgrove Primary School,-33.9483838,151.1047623,school
Kingsgrove Primary School,-33.947908,151.1015154,school
Kingsland Road Reserve,-33.9469096,151.1233453,park
Kingsman Playground,-34.0571949,150.7280812,park
Kingston Park,-33.8796837,150.8662359,park
Kingswood High School,-33.7704118,150.7152289,school
Kingswood Lions Park,-33.7749261,150.7127377,park
Kingswood Public School,-33.7658945,150.7264978,school
Kingswood South Public School,-33.7692977,150.7118226,school
Kingussie Avenue Reserve,-33.7148538,151.0080039,park
Kinkell Brae,-33.7788724,151.200135,park
Kinma Primary & Preschool,-33.6860369,151.2154571,school
Kinta Park,-33.8698082,150.94232,park
Kiola Street Reserve,-33.8526657,150.9451955,park
Kiora Park,-34.0365857,151.1012812,park
Kipara Reserve,-33.8798279,150.6075134,park
Kipling Park,-33.8563131,150.9107719,park
Kippax Street Park,-33.826814,150.9376692,park
Kirby Park,-33.7488864,151.1487426,park
Kirby Place Reserve,-34.0038669,151.0422057,park
Kirk Avenue Reserve,-33.8587735,151.0048129,park
Kirkham Park,-34.0494968,150.7175815,park
Kirkham Skate Park,-34.0490437,150.7193734,park
Kirrawee High School,-34.0435239,151.0734656,school
Kirrawee Public School,-34.0334711,151.0774839,school
Kirsova 1 Playground,-33.9041179,151.1847629,park
Kirsova 2 Playground,-33.9013975,151.18469,park
Kirsova 3 Playground,-33.8783372,151.1845733,park
Kissing Point Park,-33.8297446,151.1019152,park
Kitchener Park,-33.6788517,151.3048338,park
Klensendorlffe Reserve,-33.9948296,150.8926862,park
Kmall09,-33.8488803,151.0482359,supermarket
Knapsack Park,-33.7621518,150.6270056,park
Knight Park,-33.8677003,150.9778888,park
Knightsbridge Reserve,-33.7429302,150.9399229,park
Knoll Park,-33.8687569,151.1898008,park
Knox Grammar Playing Fields,-33.6989039,151.1476126,school
Knox Grammar Preparatory School,-33.7186159,151.1207609,school
Knox Grammar Senior School,-33.7231611,151.1197712,school
Knox Park,-33.9174917,150.875237,park
Knox Street Reserve,-33.909795,151.081357,park
Knudsen Reserve,-33.6847274,150.8504524,park
Koala Park,-33.7419038,151.0444476,park
Koala Walk Reserve,-34.0005968,150.8740629,park
Kobada Park,-33.7951795,151.1557058,park
Kogarah High School,-33.9611669,151.1342245,school
Kogarah Indian Bazaar,-33.9621605,151.1343746,supermarket
Kogarah Park,-33.9728209,151.1299991,park
Kogarah Park,-33.9713752,151.1287628,park
Kogarah Public School,-33.9620273,151.136612,school
Kokoda Memorial Park,-33.9076494,151.2249668,park
Kokoda Reserve,-33.7625197,150.8068526,park
Kolombo Reserve,-34.0087183,150.7378253,park
Koloona Drive & GWH Reserve,-33.7511911,150.6462063,park
Koloona Drive Reserve,-33.7473513,150.6495473,park
Komart,-33.8629193,151.0876812,supermarket
Konrads Place Reserve,-34.0214598,151.0047262,park
Kookaburra Reserve,-33.9400366,151.104337,park
Koolangarra Reserve,-34.0098323,151.0562413,park
Koolewong Foreshore Reserve,-33.4588691,151.3145456,park
Koolewong Reserve,-33.4692479,151.3194007,park
Kooloora Reserve,-33.9744987,151.2473284,park
Koonoona Park,-33.8843102,150.9705951,park
Koorangi Reserve,-33.7033329,151.2755601,park
Kooringa Reserve,-34.0109071,150.8251272,park
Kootingal Street Park,-33.8216127,150.947185,park
Korowal School,-33.7110885,150.4482512,school
Koshigaya Park,-34.0702641,150.8082701,park
Kotara Park,-33.7867139,151.1044872,park
Kotlash Park,-33.9329497,150.8923122,park
Kruse Park,-33.7508497,150.7960737,park
Ku-ring-gai Bicentennial Park,-33.7632596,151.1331634,park
Ku-ring-gai Creative Arts High School,-33.6909651,151.1537948,school
Kukku's Indian Groceries,-33.7597363,150.7201769,supermarket
Kulgoa Reserve,-33.80398,151.1089598,park
Kulgun Park,-33.8695817,151.0260164,park
Kundibah Reserve,-33.7007666,151.2836117,park
Kung Fu Grocery,-33.9119398,151.1553081,supermarket
Kura Park,-33.7903812,150.9351891,park
Kurara Reserve,-33.6806168,151.2219727,park
Kurmond Public School,-33.5497532,150.6922718,school
Kurnell Public School,-34.0101713,151.2038145,school
Kurraba Point Reserve,-33.8453115,151.2233375,park
Kurrajong Bark Park,-33.5502122,150.6718645,park
Kurrajong East Public School,-33.5110759,150.7772684,school
Kurrajong Memorial Park,-33.5542088,150.6651206,park
Kurrajong North Public School,-33.5417892,150.6394189,school
Kurrajong Public School,-33.5552048,150.6625622,school
Kurrajong Reserve,-34.0663045,150.756982,park
Kurrambee School,-33.7661073,150.7570022,school
Kurung Reserve,-33.8282318,150.9960582,park
Kutti Beach,-33.8471979,151.2791089,beach
Kyeemagh Public School,-33.9488979,151.1621574,school
Kyle Williams Recreational Reserve,-33.9916146,151.1050767,park
Kynaston Avenue Reserve,-33.9111618,151.2373276,park
Kywong Reserve,-33.6968763,151.2789934,park
L'Estrange Park,-33.931476,151.200622,park
La Fiesta Dance Factory,-33.8880349,151.1700187,school
La Perouse Headland,-33.9888056,151.2317769,park
La Perouse Public School,-33.9783539,151.2354031,school
La Salle Catholic College,-33.9089161,151.0346441,school
La Valla Park,-34.0296336,150.7795981,park
Lachlan Macquarie Park,-33.7975807,151.0589892,park
Lachlan Reserve,-33.8992999,151.2345121,park
Lack Reserve,-34.0929442,150.7885353,park
Lacrozia Playground,-33.880518,151.2217988,park
Ladbury Avenue Reserve,-33.7514142,150.6812466,park
Lady Bay Beach,-33.8355498,151.2793729,beach
Lady Gowrie Lookout,-33.850984,151.2195784,park
Lady Martins Beach,-33.8648654,151.2533773,beach
Lady Penhryn Park,-33.7438089,150.9316222,park
Lady Woodward Park,-33.9204542,150.8840013,park
Lagoon Park,-33.7851066,151.2843871,park
Laguna Street Primary,-34.0463553,151.1126506,school
Laing Reserve,-33.745671,150.9424551,park
Lake Gillowarna Reserve,-33.9060149,150.9810831,park
Lake Parramatta Reserve,-33.7932387,151.0092335,park
Lake Parramatta Reserve,-33.7877716,151.0085803,park
Lake Street Reserve,-33.9145364,151.0943661,park
Lake Yandelora Reserve,-34.0659876,150.7538776,park
Lakemba Public School,-33.9236247,151.0700286,school
Lakemba Supermarket,-33.9204046,151.0772077,supermarket
Laker Reserve,-33.8696228,151.0906499,park
Lakes Edge Park,-33.6959156,150.9153466,park
Lakeside Park,-34.0414028,150.7722429,park
Lakeside Park,-33.9494606,150.9399571,park
Lakewood City Reserve,-34.0073687,151.0475466,park
Lalich Avenue Reserve,-33.901009,150.8912085,park
Lalor Park,-33.9705841,150.8995466,park
Lalor Park Public School,-33.7604843,150.9311753,school
Lambert Park,-33.8846005,151.1471366,park
Lambert Park,-33.7981928,151.0699087,park
Lambert Reserve,-33.971018,151.0563848,park
Lambert's Clearing,-33.7054473,151.1773907,park
Lambeth Reserve,-33.9718716,150.9966966,park
Lamonica IGA,-33.879934,151.1387207,supermarket
Lancaster Park,-33.9109198,150.8451101,park
Lance Crescent Park,-33.8207191,150.9558806,park
Lance Street Reserve,-33.818926,150.9574361,park
Lance Studdert Reserve,-33.9500047,151.155053,park
Lance Webb Reserve,-33.5156951,151.3394552,park
Landais Place Drainage Reserve,-33.7388668,150.65145,park
Landon Street Reserve,-33.8735299,150.96562,park
Landsdowne Park,-33.8984064,150.9809004,park
Lane Cove Bus Interchange,-33.8121082,151.1713788,park
Lane Cove Bushland Park,-33.8224385,151.1800913,park
Lane Cove Primary School,-33.8165137,151.1690974,school
Lane Cove West Public School,-33.809883,151.1519954,school
Lang Park,-33.8637908,151.2059021,park
Lang Park,-33.7674239,150.7719798,park
Langford Park,-33.7230814,150.8428808,park
Langhof Park,-33.9212985,150.9544336,park
Langports,-33.8708069,151.1974402,school
Lansdowne Road Reserve,-33.6885523,150.9590406,park
Lansvale East Public School,-33.897988,150.9642905,school
Lansvale Park,-33.8922278,150.9668276,park
Lansvale Public School,-33.8910206,150.9535246,school
Lantana Park,-33.9987837,150.8913486,park
Lantana Road Reserve,-34.0529004,151.0173288,park
Lapham Reserve,-33.9685237,151.0958537,park
Lapstone Public School,-33.7721011,150.6313306,school
Lapwing Reserve,-33.728648,151.171747,park
Larchmont Place Reserve,-33.7566761,151.0462123,park
Lardelli Park,-33.8199122,151.1093043,park
Larissa Avenue Reserve,-33.7466704,151.0432781,park
Lark Reserve,-33.9016994,150.8718957,park
Lark Reserve,-33.9014351,150.87307,park
Larkin Street Park,-33.8845668,151.1809084,park
Larkins Reserve,-33.8635308,151.1414009,park
Larry Bolitho Reserve,-33.7785677,151.0500742,park
Latham Park,-33.9351456,151.2505191,park
Laura Osborne Houison Sanctuary,-33.7313469,151.1183254,park
Laurina Park,-34.0150154,150.7177476,park
Lauriston Park,-33.9255063,151.198044,park
Law Lawns,-33.8872816,151.1903105,park
Law Lawns,-33.8872592,151.1902053,park
Law Lawns,-33.8872379,151.1904103,park
Law Lawns,-33.8871707,151.1903773,park
Law Lawns,-33.8871139,151.1901558,park
Law Lawns,-33.8870983,151.1903159,park
Law Lawns,-33.8869889,151.190269,park
Law Lawns,-33.8869254,151.1900764,park
Law Lawns,-33.8869023,151.1902503,park
Lawler Park,-33.7554212,150.7080908,park
Lawn,-33.8879771,151.1889726,park
Lawrence Hargrave Reserve,-33.8732636,151.2264461,park
Lawrence Hargrave School,-33.9082186,150.9353572,school
Lawry Plunkett Reserve,-33.8298956,151.2515858,park
Lawry Plunkett Reserve,-33.828754,151.251184,park
Lawson Public School,-33.7212065,150.4282128,school
Lawson Reserve,-34.0842266,150.6917929,park
Lawson Square,-33.838069,150.9789033,park
Lawson Street Reserve,-33.9597746,151.2409889,park
Lawson Town Square,-33.7206818,150.4291164,park
Laxton Reserve,-33.9033914,151.1364752,park
Le Gay Brereton Park,-33.8165003,151.233725,park
Le Gou Supermarket,-33.9650841,151.1004183,supermarket
Leagues Club Park,-33.429833,151.3396667,park
Leahvera Reserve,-33.6382608,151.2869965,park
Leahy Park,-33.8217975,151.2507573,park
Leawarra Reserve,-33.8227727,150.9848828,park
Lee Park,-33.8987469,151.0631259,park
Lee Park,-33.6851762,150.6109896,park
Lee Place Reserve,-33.704046,151.1645747,park
Lee Street Reserve,-33.9211011,151.010156,park
Leeder Park,-34.2463456,150.9765243,park
Lees Park,-33.9042228,151.1114938,park
Leete Park,-33.9234549,151.249134,park
Leeton Street Park,-33.8301558,150.966722,park
Leichhardt IGA,-33.8825196,151.1567588,supermarket
Leichhardt Park,-33.8680382,151.1537513,park
Leichhardt Public School,-33.8842666,151.158126,school
Leigh Street Park,-33.8435638,150.9751152,park
Leighton Park,-33.9789524,151.1270486,park
Leisure Square,-33.6888196,150.9279451,park
Len Reynolds Reserve,-33.9935263,151.1267554,park
Len Waters Park,-34.0274709,151.0039572,park
Len Waters Park,-33.902451,150.8525307,park
Lennox Park,-33.7514407,150.6170752,park
Lentara Road Playground,-33.5063832,151.3039322,park
Leo Reserve,-33.9061327,151.0462771,park
Leon Lachal Reserve,-33.9262191,151.2072761,park
Leonard Reserve,-33.9289637,151.0883368,park
Leonay Oval,-33.7588569,150.6497008,park
Leonay Parade Reserve,-33.7674255,150.6484748,park
Leonay Public School,-33.7643302,150.650483,school
Leonie Crescent Reserve,-33.8757007,151.0290207,park
Leonora Close Park,-33.6557234,151.1061008,park
Leppington Oval,-33.9710082,150.8047224,park
Leppington Park,-33.9564766,150.8247449,park
Leppington Public School,-33.9592485,150.8108765,school
Les Powell School,-33.90434,150.91237,school
Les Shore Reserve,-33.5923009,151.0047275,park
Les White Reserve,-33.9028339,151.1917553,park
Lesley Crescent Reserve,-33.9634365,151.0715709,park
Lesley Muir Reserve,-33.914091,151.1201969,park
Lessing Park,-33.6939081,151.1055698,park
Lethbridge Park Public School,-33.737942,150.8001531,school
Lett Park,-33.4300097,151.4462572,park
Leumeah High School,-34.0543632,150.8473505,school
Leumeah Park,-34.0470414,150.8413923,park
Leumeah Public School,-34.0494202,150.8403531,school
Lever Reserve,-33.923248,151.1969627,park
Lewis Herman Reserve,-33.8941274,151.125784,park
Lewis Hoad Reserve,-33.8802547,151.1786125,park
Lewis Jones Reserve,-33.714985,150.939555,park
Lewis Reserve,-34.0669707,150.7367176,park
Lewisham Public School,-33.8977344,151.1460358,school
Leyland Reserve,-34.0111264,150.8743673,park
Li Cheng Supermarket,-33.9675783,151.1038763,supermarket
Liberty Park,-33.7819899,151.1102778,park
Library Lawn,-33.9167601,151.2335534,park
Lidcombe Public School,-33.8608476,151.0468715,school
Lidcombe Remembrance Park,-33.8656481,151.0439012,park
Lieutenant Cantello Reserve,-33.9506405,150.9698372,park
Lighthorse Park,-33.9267042,150.9268555,park
Lighthouse Reserve,-33.8525366,151.2855852,park
Lilian Bratkovic Park,-33.9632991,150.863855,park
Lilian Reserve,-34.0681761,150.8223943,park
Lilli Pilli Infants School,-34.0638101,151.1184808,school
Lilli Pilli Oval,-34.0627061,151.1193472,park
Lilli Pilli Primary School,-34.0665944,151.1183687,school
Lillian Fowler Reserve,-33.9001753,151.1802308,park
Lillian Road Reserve,-33.9519141,151.0431846,park
Lincoln Grove Reserve,-34.0356961,150.7399206,park
Lincoln Park,-33.7502046,150.7276963,park
Lincoln Reserve,-33.9132818,151.0021085,park
Linden Park,-33.7670009,150.9367456,park
Linden Park,-33.7155215,150.4970843,park
Linden Way Reserve,-33.8001373,151.2272633,park
Lindesay Park,-33.8862041,150.8564934,park
Lindfield East Public School,-33.7674762,151.1842822,school
Lindfield Primary School,-33.7807581,151.1688857,school
Lindfield Rotary Park,-33.7743153,151.168251,park
Lindfield Village Green,-33.7747712,151.1702887,park
Lindisfarne Crescent Reserve,-33.7747449,151.039961,park
Lindsay Park,-33.6814129,150.5616603,park
Lindsay Reserve,-33.7559388,151.2170297,park
Lindum Park,-33.8775147,150.9032259,park
Linear Park,-33.9218839,151.1910297,park
Linlee Street Park,-33.8048328,150.9468447,park
Linley Point,-33.8256316,151.1501291,park
Lion's Park,-33.4360161,151.341727,park
Lionel Bowen Park,-33.9257294,151.1904655,park
Lionel Watts Park,-33.7405612,151.2115751,park
Lions Park,-34.2230943,150.5938695,park
Lions Park,-33.9288823,150.8995478,park
Lions Park,-33.8054968,151.0802579,park
Lions Park,-33.7524432,150.6653318,park
Lions Park,-33.6771379,150.8646353,park
Lions Park,-33.5972044,150.7634532,park
Lipscomb Reserve,-33.7224857,151.0987756,park
Liquidamber Reserve,-34.0462017,150.745649,park
Lisbon Park,-33.8714046,150.9715326,park
Lisle Court Reserve,-33.7584223,151.0438211,park
Little Ark Preschool,-33.8863991,151.1554369,school
Little Ashton Park,-33.84123,151.2410534,park
Little Beach,-33.5106656,151.4189339,beach
Little Curraghbeena Reserve,-33.843515,151.233778,park
Little Digger Park,-33.7789604,151.1857858,park
Little Duck Creek Reserve,-33.8541755,151.0048003,park
Little Eveleigh Street Reserve,-33.8917508,151.1971876,park
Little Garie Beach,-34.1744626,151.0626755,beach
Little India Supermarket,-33.8213701,151.0089494,supermarket
Little Jibbon Beach,-34.0764976,151.1674956,beach
Little Lost Library Park,-33.7779082,151.1150417,park
Little Manly Cove,-33.8066012,151.2866272,beach
Little Manly Point,-33.8077027,151.2877484,park
Little Marley Beach,-34.1211437,151.1352094,beach
Little Patonga Beach,-33.5643176,151.2638743,beach
Little Ray Park,-33.7637536,151.0638836,park
Little Shanghai Asian Supermarket,-33.887869,151.1234647,supermarket
Little Shark Rock Point Beach,-33.5924547,151.2229433,beach
Little Tallow Beach,-33.5402029,151.3483715,beach
Little Tasker Park,-33.9090355,151.1144005,park
Littlefields Road Park,-33.8360215,150.6525582,park
Liverpool Apex Park,-33.9190404,150.9201445,park
Liverpool Boys High School,-33.9181685,150.9316731,school
Liverpool Girls High School,-33.9170001,150.9319066,school
Liverpool Hospital School,-33.919912,150.931084,school
Liverpool India,-33.9257183,150.9215767,supermarket
Liverpool Pioneers' Memorial Park,-33.9161365,150.924359,park
Liverpool Public School,-33.9235762,150.9259526,school
Liverpool West Public School,-33.9265444,150.9072268,school
Livvi's Place,-33.7215329,150.7238648,park
Livvi's Place Playground,-34.0381864,151.1424119,park
Lizard Log Park,-33.8518496,150.8718812,park
Liên An Asian Grocery & Food Centre,-33.9187091,151.0320012,supermarket
Llandilo Public School,-33.7072416,150.7517727,school
Lloyd Avenue Reserve,-33.8211596,151.2275864,park
Lloyd Rees Lookout,-33.848019,151.204319,park
Lloyd's IGA,-33.8956921,151.1804767,supermarket
Lloyds Supa IGA,-34.0518247,151.1526635,supermarket
Lloyds Supa IGA,-33.9775879,151.1039175,supermarket
Lloyds Supa IGA,-33.6987766,150.5658227,supermarket
Lobster Beach,-33.5299085,151.3410597,beach
Locali by Romeo's IGA,-33.8685486,151.2074143,supermarket
Locali's by Romeo IGA,-33.8657874,151.2069208,supermarket
Loch Street Reserve,-33.9111973,151.0965552,park
Locke Park,-33.8515601,150.9028335,park
Lockyer Reserve,-33.8086009,151.061196,park
Lofts Garden,-33.907064,151.1035816,park
Loftus Public School,-34.0469811,151.0491815,school
Loftus Reserve,-34.046494,151.0505437,park
Loftus Reserve,-33.9976695,150.9026359,park
Loftus Reserve,-33.8741664,151.2361423,park
Loftus Square Park,-33.7773398,151.0648137,park
Loftus Square Park,-33.7768107,151.0646627,park
Logan Park,-34.0593791,151.0127465,park
Logan Park,-33.9254527,150.8889471,park
Lomandra School,-34.06173,150.824344,school
Lomatia Park,-33.6947491,150.5677624,park
Lomond Reserve,-33.7802303,150.9794005,park
Londonderry Park,-33.6460038,150.7380529,park
Londonderry Public School,-33.6471259,150.736982,school
Long Reef Beach,-33.7443351,151.3091288,beach
Long Tan Reserve,-33.7282597,150.8226064,park
Longfield Park,-33.8935353,150.9431031,park
Longfields Park,-33.8890064,150.8445332,park
Longhurst Reserve,-34.0242121,150.8612402,park
Longneck Lagoon Environmental Education Centre,-33.576219,150.892806,school
Lonsdale Park,-33.8000839,151.0744794,park
Lord Street Road Reserve,-33.8387965,151.2024343,park
Loreto Kirribilli,-33.8471695,151.2166115,school
Loreto Normanhurst,-33.7271683,151.0976028,school
Lorius Park,-33.7143406,150.903688,park
Lorraine Cibilig Reserve,-34.0470341,150.8241294,park
Lorraine Taylor Reserve,-33.7224102,151.1812322,park
Lough Playing Fields,-33.8850608,151.2472787,park
Louisa Bliss Park,-33.6931837,150.8663176,park
Louisa Lawson Reserve,-33.9158441,151.1488274,park
Louisa Reserve,-33.9053967,150.9996814,park
Lovedale Place,-33.835329,151.0920476,park
Lovers Jump Creek Park,-33.7175889,151.1410241,park
Lowana Reserve,-33.8945525,150.9900846,park
Lowanna Park,-33.7971876,151.1679845,park
Lowe Crescent Reserve,-34.0560332,150.7142816,park
Loyal Henry Park,-33.7862887,151.1686623,park
Lucas Gardens School,-33.8689023,151.1142921,school
Lucas Heights Community School,-34.0361652,151.0047507,school
Lucas Reserve,-33.9710173,151.2500931,park
Lucinda Park,-33.787835,151.1070581,park
Lucinda Park,-33.6011377,151.3163196,park
Lucknow Park,-33.7678277,151.0955666,park
Lucky Mart,-33.8080772,151.1851058,supermarket
Lucky Supermarket,-33.9082211,151.2237856,supermarket
Lucy Cobcroft Park,-33.7730496,150.7990494,park
Luddenham Public School,-33.8813683,150.6914614,school
Luddenham Showground,-33.8747213,150.6866903,park
Ludlow Courtyard,-33.8974276,151.2557383,school
Ludovic Blackwood Memorial Sancturay,-33.7412579,151.0610976,park
Ludowici Reserve,-33.8178724,151.1551678,park
Lugarno Public School,-33.9849434,151.044669,school
Luke Avenue Reserve,-33.8703983,151.1099818,park
Luke Park,-33.7643443,150.8166838,park
Lukes Lane Reserve,-33.8027438,150.7798136,park
Lumeah Reserve,-33.7058093,151.2763028,park
Lurnea High School,-33.9417477,150.8959804,school
Lurnea Public School,-33.9320956,150.8919266,school
Luxford Gardens,-33.7536384,150.8033577,park
Lyal Sarina Park,-33.7577939,150.833143,park
Lydia Burton Park,-33.9294121,150.8395165,park
Lyndhurst Court Reserve,-33.7427641,151.0329287,park
Lyndhurst Reserve,-33.8372743,151.1517146,park
Lyne Park,-33.8713703,151.2636932,park
Lyne Road Reserve,-33.7613505,151.077889,park
Lynelle Park,-33.7812421,151.0996282,park
Lynesta Park,-33.8706184,150.9211052,park
Lynwood Park,-34.1009449,150.8237089,park
Lynwood Park,-33.7564719,150.9201169,park
Lynwood Park Public School,-33.7544123,150.9263115,school
Lyons Park,-33.9469682,150.8474638,park
Lyons Road Reserve,-33.885965,151.1789275,park
Lytton Street Park,-33.8117489,150.9734911,park
M.F.C Supermarket,-33.9220575,151.2001109,supermarket
M.J Hayes Playground,-33.8940854,151.1820689,park
M.J. Bennett Reserve,-33.8130015,150.9824224,park
MGM Spices,-33.8915961,151.2140183,supermarket
MLC Middle School Burwood,-33.8703215,151.1010607,school
MLC Primary School Burwood,-33.8707436,151.1021602,school
Ma'anshan Friendship Park,-33.9758621,151.1091414,park
MacArthur Park,-33.8788855,151.2008002,park
MacArthur Park,-33.8769827,150.9745184,park
MacDonald Park,-33.7597456,150.934776,park
MacKillop Drive Reserve,-33.7407695,150.9758338,park
MacMasters Beach,-33.5000272,151.4249022,beach
MacPherson Park,-33.9060956,151.2600772,park
Macarthur Adventist College,-33.9829572,150.8850074,school
Macarthur Anglican School,-34.0109903,150.7183962,school
Macarthur Girls High School,-33.8129993,151.0125052,school
Macarthur Park,-34.0592245,150.6954298,park
Macartney Reserve,-33.9788084,151.2459536,park
Macedon Park,-33.8657576,150.892052,park
Macfarlane Reserve,-33.7388382,151.1899683,park
Macken Crescent Reserve,-33.9823671,151.0696113,park
Mackey Park,-33.9222035,151.1547092,park
Macks Place,-33.7724694,151.1754643,park
Macleay Reserve,-34.0879956,150.8193833,park
Macleay Reserve,-34.0339482,150.7358876,park
Macleay Reserve,-33.8717314,151.229967,park
Macleod Park,-33.9462793,150.8612878,park
Macquarie English Language Centre,-33.7751386,151.114714,school
Macquarie Fields High School,-33.9968035,150.8851214,school
Macquarie Fields Park,-33.992828,150.8903512,park
Macquarie Fields Primary School,-33.995722,150.8828719,school
Macquarie Park,-33.6028276,150.819688,park
Macquarie Place Park,-33.8631778,151.2100208,park
Macquarie Road Reserve,-33.9960176,150.878279,park
Macquarie University International College,-33.7754459,151.1148966,school
Maculata Park,-34.0230549,150.7482673,park
Madang Avenue Public School,-33.760202,150.8050794,school
Madang Preschool,-33.759486,150.8059538,school
Maddison Reserve,-33.7322228,151.1481577,park
Madge Bagust Reserve,-33.9618831,151.0574544,park
Magdalene Catholic College,-34.0423237,150.7576032,school
Magney Reserve,-33.8869991,151.0234983,park
Magnolia Park,-34.0263638,150.752201,park
Mahogany Park,-33.9906543,150.8965927,park
Maian Bar Beach,-34.0772992,151.1334695,beach
Maianbar Foreshore Reserves,-34.0774986,151.1304555,park
Maiden's Brush Oval,-33.409695,151.3574881,park
Main Arena,-34.0562301,150.6882179,park
Main Grocery Market,-33.7707629,150.9098431,supermarket
Mainsbridge School,-33.9254135,150.9067223,school
Maitland Bay,-33.5240283,151.3935795,beach
Maitland Reserve,-33.7464257,151.1993572,park
Major Druitt Park,-33.7699953,150.8198105,park
Majors Bay Reserve,-33.8448688,151.0992351,park
Makim Reserve,-33.7616053,151.2838205,park
Malabar Beach,-33.9643432,151.2524856,beach
Malabar Public School,-33.9620668,151.248562,school
Malek Fahd Islamic School,-33.92747,150.8551189,school
Malek Fahd Islamic School,-33.8916146,151.0617207,school
Malek Fahd Islamic School Beaumont Hills Campus,-33.6907797,150.9395417,school
Maley Park,-33.8483083,150.9676995,park
Malga Avenue,-33.7751672,151.2001645,park
Malinya Park,-33.9401539,150.9551429,park
Mallam Reserve,-33.9032014,151.1422172,park
Mallee Reserve,-33.8241966,151.1165953,park
Maloney's,-33.8866732,151.2138781,supermarket
Malta Street Reserve,-33.8739949,150.9727368,park
Maluga Passive Park,-33.8941495,151.0155969,park
Malvern Reserve,-33.963552,151.0006687,park
Mamre Anglican School,-33.8291229,150.7873723,school
Mamre House,-33.7896926,150.7671769,park
Mamre Park,-34.0889529,150.8285647,park
Manahan Reserve,-33.9203377,151.0062199,park
Manchester Street Reserve,-33.8308841,150.9884385,park
Mandarin Drainage Reserve,-33.8756687,150.9767986,park
Mandurama Reserve,-34.0974897,150.785797,park
Mangrove Park,-33.4975057,151.3502255,park
Manly Beach,-33.7976829,151.2894717,beach
Manly Dam Picnic Area,-33.782792,151.2545679,park
Manly Food Co-op,-33.7987092,151.2872711,supermarket
Manly Vale Public School,-33.7837018,151.2597397,school
Manly Village Public School,-33.7993648,151.287628,school
Manly West Park,-33.7886566,151.2691883,park
Manly West Public School,-33.7918693,151.2687399,school
Manna Gum Reserve,-34.0508138,150.7468558,park
Manners Park,-33.6986342,150.5644203,park
Mannes Park,-34.0220195,150.7734585,park
Mannix Park,-33.9109852,150.8919737,park
Manooka Reserve,-34.0905763,150.8080693,park
Manooka Reserve,-34.0375973,150.7767062,park
Manor Place Reserve,-33.7530698,150.9877528,park
Manse Reserve,-33.7700376,150.8129925,park
Mansfield Creek Reserve,-34.1124061,150.8038584,park
Mansfield Street Park,-33.8089545,150.9457276,park
Mansion Point Park,-34.0599206,151.0881498,park
Manuka Reserve,-33.9025247,150.9963197,park
Maple Reserve,-33.7345835,151.2105545,park
Maple Tree Road Reserve,-33.8068802,150.9863376,park
Maraylya Park,-33.5984,150.9121674,park
Maraylya Public School,-33.5927101,150.9162632,school
Marayong Heights Public School,-33.7422949,150.8967015,school
Marayong Heights Reserve,-33.743718,150.8949377,park
Marayong Park,-33.7490078,150.8954089,park
Marayong Public School,-33.7566147,150.8952979,school
Marayong South Public School,-33.7601569,150.8852158,school
Marcellin College,-33.9136371,151.2408595,school
Marcellin Park,-34.0293776,150.7725535,park
March Street Reserve,-33.8826099,151.2532121,park
Marco Reserve,-33.9517856,150.9901482,park
Marden Reserve,-33.9073313,150.9868188,park
Mardi Street Park,-33.8041811,150.9438571,park
Margaret Park,-33.8751944,150.9337274,park
Margaret Porter Reserve,-33.7789858,150.7800095,park
Margaret Street Road Reserve,-33.8407038,151.2139237,park
Maria Iori Park,-33.6718313,150.9294122,park
Maria Lock Park,-33.7969935,151.0041687,park
Maria Locke Park,-33.8991983,150.8737489,park
Maria Regina Primary School,-33.6333924,151.3300287,school
Maria Reserve,-33.897717,151.084313,park
Marian Catholic College,-33.6834386,151.0031855,school
Marianna Park,-34.2374975,150.6803587,park
Marie Bashir Public School,-33.8746252,151.0788322,school
Marie Crescent Reserve,-33.6748652,151.2920693,park
Marie Street Reserve,-33.9201963,151.0868904,park
Marine Biological Station Park,-33.8407533,151.278386,park
Marine Drive Reserve,-33.9872943,151.066587,park
Marinea Street Reserve,-33.9414635,151.1472447,park
Marion Catholic Primary School,-33.8418701,150.8518199,school
Marion Reserve,-33.9147133,151.0101294,park
Maris Park,-34.0681898,151.1243745,park
Marist Catholic College Penshurst,-33.9783739,151.1015057,school
Marist Catholic College Penshurst,-33.9684544,151.0827443,school
Marist College Eastwood,-33.7893022,151.076813,school
Marist College Kogarah,-33.9582493,151.130424,school
Marist College North Shore,-33.8314582,151.2076563,school
Marist Sisters' College,-33.8391477,151.1675058,school
Marjorie York Park,-33.8207282,151.1643282,park
Market Place Hen Lee Asian grocery,-33.8780194,151.1019958,supermarket
Market Square,-33.6917038,150.9245697,park
Market city,-33.8799335,151.2036189,supermarket
Marks Park,-33.8984367,151.2751572,park
Marlborough Reserve,-33.8996014,151.259339,park
Marlborough Street Playground,-33.8827404,151.1540272,park
Marlene Reserve,-33.8834947,151.0661566,park
Marlene Sewell Park,-33.7851642,150.8508438,park
Marley Beach,-34.1144394,151.1415472,beach
Marlow St Reserve,-33.8045431,151.1926285,park
Marmion Lane Reserve,-33.846097,151.1313117,park
Maroa Reserve,-33.7771264,151.2574599,park
Maronite College of the Holy Family Parramatta,-33.8216267,151.0145066,school
Maroota Public School,-33.4552863,150.9936474,school
Maroubra Bay Public School,-33.9442432,151.2529685,school
Maroubra Junction Public School,-33.9360755,151.2395326,school
Marr Reserve,-33.8857372,151.1529962,park
Marri Badoo Reserve,-33.8051258,151.0463533,park
Marrickville High School,-33.9057803,151.1559876,school
Marrickville Public School,-33.9067019,151.1626308,school
Marrickville West Primary,-33.9144689,151.1454268,school
Marriott Street Reserve,-33.8930737,151.2117278,park
Marsden High School & Meadowbank Public School,-33.8126123,151.0915425,school
Marsden Park Anglican College,-33.6913088,150.8468926,school
Marsden Park Public School,-33.6964879,150.8336099,school
Marsden Road Public School,-33.9164895,150.9135809,school
Marsfield Park,-33.771114,151.1043669,park
Martin Crescent Park,-33.8403105,150.9638961,park
Martin Knight Reserve,-33.7064199,150.9596288,park
Martin Reserve,-33.894048,151.1081715,park
Marton Park,-34.0114748,151.2116669,park
Marton Public School,-34.0464792,151.0242559,school
Maru Reserve,-33.8254775,150.9894284,park
Mary Ann Street Park,-33.8810183,151.1988329,park
Mary Barry Park,-33.9250587,151.0530213,park
Mary Brookes Park,-34.108884,150.8058635,park
Mary Brooksbank School,-34.0978319,150.7927401,school
Mary Carlson Park,-33.8420552,151.1814897,park
Mary Doherty Reserve,-34.0749213,150.8463112,park
Mary Ellen Park,-33.801273,151.0713499,park
Mary French Reserve,-33.8452934,151.203547,park
Mary Immaculate Catholic Primary School,-34.038772,150.8144102,school
Mary Immaculate Catholic Primary School,-33.8608262,150.8915513,school
Mary Immaculate Primary School,-33.7209042,150.9037728,school
Mary MacKillop Catholic College,-33.8668067,150.9108379,school
Mary Mackillop Park,-33.7721789,150.7688334,park
Mary O'Brien Reserve,-33.9056588,151.2081549,park
Masada College,-33.7713808,151.1654989,school
Masada College,-33.7295124,151.167399,school
Mascot Memorial Park,-33.9260717,151.1943855,park
Mascot Public School,-33.9285763,151.1924856,school
Maserati Reserve,-34.009823,150.8757627,park
Mashman Park,-33.7939612,151.1912402,park
Mason Park,-33.854697,151.0812244,park
Mason Park,-33.6168135,150.8033703,park
Mater Dei Catholic Primary School,-33.9863964,151.1115547,school
Mater Dei Special School,-34.0240545,150.6971439,school
Mater Maria Catholic College,-33.6839553,151.2846401,school
Matheison Street Reserve,-33.886245,151.1728513,park
Mathers Place Reserve,-34.0226392,151.0106006,park
Matraville Public School,-33.9550615,151.2290946,school
Matraville Soldiers' Settlement Public School,-33.9580449,151.2399644,school
Matraville Sports High School,-33.9652992,151.2442357,school
Matrix Education Parramatta Campus,-33.8181635,151.0047373,school
Matrix Education Parramatta Campus,-33.8181604,151.0047505,school
Matron Ruby Grant Park,-33.9093355,151.2061779,park
Matt Hogan Reserve,-33.9029975,151.1773362,park
Matthew Pearce Public School,-33.7581426,150.9634014,school
Matthews Reserve,-34.0037019,150.8695793,park
Maunder Avenue Reserve,-33.7203139,151.1699871,park
Maunder Reserve,-33.8496164,150.98447,park
Maundrell Park,-33.8957844,151.1591368,park
Maureen Caird Reserve,-33.7869625,150.9249517,park
Maurice Hughes Reserve,-33.7261958,151.0036986,park
Maurice O'Connell Reserve,-33.8593873,150.9907718,park
Mawarra Public School,-34.0611873,150.7121615,school
Mawson Park,-34.065709,150.8160443,park
Max Baker Reserve,-33.7629156,150.6787149,park
Max Ruddock Reserve,-33.774527,150.9742202,park
Maxwell Park,-33.9135638,151.0186792,park
May Road Reserve,-33.7551376,151.2758676,park
May Street Reserve,-33.9090924,151.1800864,park
Mayalu Mini Market,-33.968682,151.1248465,supermarket
Mayalu Mini Market,-33.9672381,151.1066496,supermarket
Mayes Street Reserve,-33.8831993,151.1660368,park
Mayfair Fresh,-33.8963345,151.1587466,supermarket
Mays Hill,-33.8169566,150.9956732,park
Mays Hill Reserve,-33.8194584,150.9933254,park
Maze Park,-33.8051571,151.0741259,park
McAuley Primary School,-33.8703543,151.2719957,school
McBurney Avenue Reservce,-33.9364092,151.1947757,park
McBurney Park,-33.8908597,150.9262869,park
McBurney Reserve,-33.7569036,151.0025502,park
McCallums Hill Primary,-33.9348989,151.0847491,school
McCarrs Creek Foreshore Reserve,-33.6575309,151.2702868,park
McCarrs Creek Road Reserve,-33.647291,151.2792045,park
McCarthy Memorial Park,-33.8560339,150.9381786,park
McCarthy Park,-33.9338925,150.8933775,park
McCarthy Reserve,-33.9556369,151.1466856,park
McConville Reserve,-33.9090442,151.19986,park
McCourt Street Reserve,-33.9174115,151.0686159,park
McCredie Park,-33.8538056,150.9725917,park
McGilvray Place Reserve,-33.6756267,150.91751,park
McGirr Park,-33.9238967,150.8845361,park
McGowan Reserve,-33.9774501,151.04127,park
McGrath Park,-33.9417456,150.9149619,park
McIlwaine Park,-33.8304193,151.0897216,park
McIntosh Lane Reserve,-33.8310644,151.21414,park
McKay Drive Park,-33.9090084,150.6124352,park
McKee Street Reserve,-33.8810789,151.1975211,park
McKell Park,-33.8669987,151.2398756,park
McKenzie Park,-33.7182689,151.1183304,park
McKenzie Park,-33.5533747,150.8491154,park
McLaughlin Oval,-33.939958,151.0448554,park
McLean Reserve,-33.904982,150.9960961,park
McLeans Lookout,-33.7251196,151.2941446,park
McLeod Park,-33.6186867,150.805671,park
McLeod Reserve,-33.9080149,151.0323498,park
McMahon Park,-33.5523049,150.6571002,park
McMahons Park,-33.6979684,151.1213414,park
McMahons Point Grocer,-33.8430897,151.2046317,supermarket
McMilan Park,-33.9272474,150.9413177,park
McMillan Avenue Reserve,-33.7735752,150.9961497,park
McMullen Avenue Park,-33.7679646,151.0527857,park
McNeilly Park,-33.9133805,151.1509211,park
McPherson Reserve,-33.9238043,151.1315782,park
McRaes Park,-33.9697741,151.0864008,park
Mclean Reserve,-34.0650928,150.8341825,park
Meade Park,-33.9734184,151.1136624,park
Meadowbank Park,-33.8170566,151.0830279,park
Meadowbank Scout Hall,-33.8159565,151.0925581,school
Meat Favor & Hapigo Supermarket,-33.7907084,151.0808005,supermarket
Meehan Park,-33.9456993,150.94774,park
Meehan Street Reserve,-33.7387695,151.2749056,park
Meere Park,-33.9425301,150.8918216,park
Mega Mart Asian Supermarket,-33.875852,151.1031787,supermarket
Melaleuca Park,-33.6954654,150.9320278,park
Melaleuca Reserve,-34.0517066,150.7434331,park
Melbourne Road Reserve,-33.7731798,150.9939012,park
Meldrum Reserve,-34.0286212,151.1100369,park
Melody Gardens,-33.7621818,150.955206,park
Melonba High School,-33.6980925,150.8023421,school
Melonba Public School,-33.6991407,150.8029821,school
Melrose Park Public School,-33.8148686,151.0719357,school
Melville Reserve,-33.8689622,151.07043,park
Memorial Avenue Reserve,-33.7221605,151.1625553,park
Memorial Park,-33.9636903,151.148207,park
Memorial Park,-33.7347706,150.4769394,park
Memorial Reserve,-33.9540109,151.2410001,park
Memory Park,-33.8311601,151.237527,park
Memory Park,-33.7539365,150.6973236,park
Memory Park,-33.723842,150.4556545,park
Memory Reserve,-33.9160966,151.166632,park
Menai High School,-34.0027551,151.0237846,school
Menai Public School,-34.012119,151.0064974,school
Menzies Reserve,-33.8456828,151.1569049,park
Merabi Groceries,-33.9192109,151.0344175,supermarket
Meriden Junior School,-33.8745666,151.0899265,school
Meriden Pre K School,-33.8748382,151.0913807,school
Meriden Senior School,-33.8739948,151.0920865,school
Meriel Reserve,-34.0642868,150.8279546,park
Merilyn Sleigh Lawn,-33.9175427,151.2296544,park
Merino Park,-34.0908404,150.8261343,park
Merino Reserve,-34.0600354,150.7144963,park
Meriton,-33.9074989,151.2130997,park
Meriton Park,-33.9214688,151.1868962,park
Merlin Street Reserve,-33.8310067,151.2145772,park
Merric Circle,-33.742354,150.8379245,park
Merrilee Reserve,-33.7462098,151.2132844,park
Merrylands East Public School,-33.8419594,150.9892744,school
Merrylands High School,-33.840852,150.9695561,school
Merrylands Memorial Park,-33.8336926,150.9866233,park
Merrylands Park,-33.8319051,150.9789573,park
Merrylands Public School,-33.8405213,150.9760382,school
Merrylands Remembrance Park,-33.8335912,150.9718957,park
Merv Lynch Reserve,-33.9510382,151.0779304,park
Meryl Burton Reserve,-33.9547115,151.0901439,park
Metcalfe Park,-33.9355848,150.9480748,park
Metcalfe Park,-33.8659235,151.1958803,park
Michael Birt Gardens,-33.9165494,151.2345892,park
Michael Kelly Rest Area,-33.8942802,151.1846584,park
Michael Koroneos Reserve,-33.9192427,150.9153857,park
Michael Simpson Reserve,-33.7612412,150.9687685,park
Michele Reserve,-33.7399098,151.2891542,park
Mick Downes Reserve,-33.970664,151.0786734,park
Mick Martin Park,-33.7804814,150.789563,park
Middle Dural Public School,-33.6445355,151.0228408,school
Middle Harbour Public School,-33.8228101,151.2326827,school
Middlehope Park,-33.8925087,150.8594905,park
Middlemiss Reserve,-33.8427189,151.2099528,park
Middleton Grange Public School,-33.9183746,150.8486178,school
Middleton Park,-33.9032314,151.0090945,park
Mihajlovic Reserve,-33.8986108,150.8686527,park
Mihkelson Reserve,-33.7223002,150.8938396,park
Mike Dwyer Reserve,-34.2850664,150.9509263,park
Miklouho-Maclay Park,-33.8498995,151.1838161,park
Mil Mil Street Road Reserve,-33.8453453,151.2029344,park
Milba Road Public Reserve,-34.0411084,151.1325312,park
Milford Drive Reserve,-33.6719591,150.9316335,park
Milk Beach,-33.8565396,151.267277,beach
Mill Creek Picnic Area,-33.400791,151.0483455,park
Mill Park,-33.935063,150.9210132,park
Mill Park,-33.8234749,151.0876663,park
Mill Park,-33.782671,151.2796657,park
Mill Street Reserve,-33.6757955,150.8599741,park
Millard Reserve,-33.8781773,151.1921622,park
Miller Park,-33.9248818,150.8772652,park
Miller Public School,-33.9214543,150.8768672,school
Miller Reserve,-33.7794253,151.2659127,park
Miller Technology High School,-33.9235838,150.8811,school
Millet Supermarket,-33.851317,151.0336836,supermarket
Mills Park,-33.6898621,151.11765,park
Mills Reserve,-33.7552896,151.2506769,park
Millwood Park,-33.781106,151.170434,park
Milperra Primary,-33.9420828,150.9797547,school
Milperra Reserve,-33.9385269,150.9899699,park
Milperra Sports Centre,-33.9353184,150.9743577,park
Milray Reserve,-33.8350592,151.189219,park
Milson Park,-33.8442974,151.2146869,park
Milson Park,-33.8029471,150.9798761,park
Milsop Place Reserve,-33.9657111,151.0807863,park
Mimosa Public School,-33.7432456,151.2054923,school
Minarah College,-33.8983188,150.8658982,school
Minchinbury Public School,-33.7888134,150.8324111,school
Minchinbury Reserve,-33.7854253,150.8324913,park
Mindarie Park,-33.806149,151.1564729,park
Minerva School,-34.0349665,151.0587227,school
Mini Masterminds,-33.9037146,151.1902594,school
Minmai Reserve,-33.6717724,151.2882447,park
Minnie Freeman Park,-33.9192163,150.9191639,park
Minogue Crescent Reserve,-33.8803646,151.1770164,park
Minogue Reserve,-33.8832639,151.1922528,park
Mint Fresh IGA,-33.7948053,150.9346176,supermarket
Mint Fresh IGA,-33.7567928,151.0031234,supermarket
Minto Park,-33.8884783,150.8662426,park
Minto Public School,-34.0299843,150.8472549,school
Miracle,-33.8928234,151.1861078,supermarket
Miracle Asian Supermarket,-33.8774327,151.2068763,supermarket
Miracle Supermarket,-33.9080226,151.1716622,supermarket
Miracle Supermarket,-33.90561,151.2030644,supermarket
Miracle Supermarket,-33.9027182,151.207431,supermarket
Miracle Supermarket Mandarin Center,-33.7978479,151.1821666,supermarket
Mirage Reserve,-34.0224046,150.8147952,park
Miranda North Primary School,-34.0320324,151.1127879,school
Miranda Park,-34.0311157,151.0958828,park
Miranda Public School,-34.0344348,151.0978186,school
Miriam Park,-33.8034232,151.0888683,park
Mirrabook Place Reserve,-34.0845513,151.0047452,park
Miss Gladys Carey Reserve,-33.8439892,151.2154418,park
Mitchell Park,-33.4039628,151.3316078,park
Mitchell Road Reserve,-33.8996161,151.1945083,park
Mitchell Street Reserve,-33.8435802,151.2033555,park
Mitcherson Reserve,-34.0330829,150.8557042,park
Mittigar Reserve,-33.7327899,150.8423538,park
Model Farms High School,-33.7694349,150.9713885,school
Model Farms Siding Reserve,-33.7773227,150.9995354,park
Molineux Reserve,-33.9840037,151.2126322,park
Molletts Reserve,-33.9518935,151.0963694,park
Mona Park,-33.8492184,151.019256,park
Mona Vale Beach,-33.6830251,151.3127846,beach
Mona Vale Beach Foreshore Reserve,-33.677859,151.3147239,park
Mona Vale Head,-33.6747512,151.3157916,park
Mona Vale Public School,-33.6770068,151.3002968,school
Monash Park,-33.8234476,151.1268658,park
Monash Reserve,-33.9637216,150.9883884,park
Monash Reserve,-33.8728868,151.1139066,park
Moncur Reserve,-33.8865772,151.2371627,park
Monfarville Reserve,-33.7818597,150.7746286,park
Monro Park,-34.0562061,151.1522427,park
Mont St Quentin Reserve,-33.9770026,150.8525451,park
Montague Gardens,-33.8961841,151.1668134,park
Montague Park,-33.8586703,151.1523891,park
Monte Sant' Angelo Mercy College,-33.8356826,151.2065897,school
Monterey Street Park,-33.8211239,150.970061,park
Montessori Preschool of Sydney,-33.9068976,151.2071097,school
Montgomery Reserve,-34.04419,150.7515887,park
Montgomery Reserve,-33.9542778,151.0201853,park
Montgrove College,-33.7750174,150.7149425,school
Montheith Reserve,-33.7489059,150.9818542,park
Montrose Park,-33.8751311,150.9735762,park
Montview Oval,-33.6662408,151.0946103,park
Moolanda Avenue Reserve,-33.7573563,151.0322273,park
Moonas End,-33.7377008,151.0996159,park
Mooney Mooney Public School,-33.5248088,151.201869,school
Moonlight Nepalese & Indian Grocery,-33.7807959,151.1132462,supermarket
Mooramba Park,-33.7537743,151.2832877,park
Moore Park,-33.9758525,151.1300002,park
Moore Park,-33.8894354,151.2187751,park
Moore Park,-33.8417487,150.98003,park
Moore Park,-33.7858103,151.0863215,park
Moore Reserve,-33.9798737,151.0872224,park
Moore Theological College,-33.8949446,151.1118485,school
Moorebank High School,-33.9257751,150.9586675,school
Moorebank Reserve,-33.9276191,150.9290858,park
Moorfield Hills Reserve,-33.7064832,151.0289102,park
Moreshead Park,-33.7930795,151.1307521,park
Morgan Park,-33.9233181,150.8769954,park
Morgan Street Park,-33.8235119,150.9861697,park
Moriac Reserve,-33.6823822,151.2957485,park
Moriah War Memorial College,-33.8996938,151.2436763,school
Mornington Reserve,-33.8378955,151.1633059,park
Morona Avenue Reserve,-33.7441673,151.1001521,park
Moronga Park,-34.2598135,150.9697968,park
Morreau Reserve,-33.7780888,150.8527575,park
Morrell Reserve,-33.7864737,151.1940558,park
Morris Park,-33.9432519,150.8646228,park
Morris Street Park,-33.8403531,150.9806946,park
Mort Bay Park,-33.8537292,151.1854679,park
Mortdale Memorial Park,-33.9717064,151.075394,park
Mortdale Public School,-33.9722764,151.0810198,school
Mortlake Public School,-33.84983,151.1038509,school
Mortlock Reserve,-33.8186022,151.2186448,park
Morunga Park,-33.5862921,150.716028,park
Mosman Church of England Preparatory School,-33.8328502,151.2402406,school
Mosman High School,-33.8296729,151.2434113,school
Mosman Preparatory School,-33.6814389,151.2155088,school
Mosman Public School,-33.8280517,151.2411901,school
Mount Annan Christian College,-34.0479327,150.7772538,school
Mount Annan High School,-34.0573818,150.7607826,school
Mount Annan Public School,-34.0617396,150.7604935,school
Mount Carmel College,-34.009425,150.8221085,school
Mount Carmel Park,-33.7621311,150.9487194,park
Mount Colah Public School,-33.672945,151.1156715,school
Mount Druitt Park,-33.7748936,150.808653,park
Mount Druitt Public School,-33.7639912,150.8124951,school
Mount Druitt Rotary Park,-33.7556712,150.8182808,park
Mount Hunter Public School,-34.0716841,150.636365,school
Mount Huon Park,-34.0797867,150.7893263,park
Mount Kuring-Gai Public School,-33.6574916,151.1355425,school
Mount Lewis Infants School,-33.9160736,151.0497502,school
Mount Lewis Park,-33.9170848,151.0496444,park
Mount Pritchard East Public School,-33.905023,150.9119869,school
Mount Pritchard Public School,-33.8998462,150.9000461,school
Mount Riverview Public School,-33.7295157,150.6325701,school
Mount Saint Benedict College,-33.7418769,151.0586239,school
Mount Saint Francis Reserve,-33.7052135,150.9508042,park
Mount Street Reserve,-33.8870062,150.8661835,park
Mount Wilberforce Lookout Reserve,-33.7458902,151.0479023,park
Mountain Street Reserve,-33.8810772,151.1959158,park
Mountain View Reserve,-33.7173845,150.7004453,park
Mountbatten Park,-33.768715,151.1361055,park
Mowbray Park,-33.8010165,151.1518209,park
Mowbray Public School,-33.8039354,151.1558735,school
Mowbray Road Reserve,-33.8026683,151.1928387,park
Mrs Isabella Hill Rest Area,-33.9011752,151.1813188,park
Mt Druitt Town Centre Reserve,-33.7678824,150.8282206,park
Mt Riverview Supermarket,-33.7313416,150.6294751,supermarket
Mt St Joseph Catholic School,-33.941352,150.9934267,school
Mubo Park,-33.9592342,150.9483412,park
Muirfield High School,-33.7646938,151.0223094,school
Mujar Bija Reserve,-33.7794617,150.9171594,park
Mujar Reserve,-33.8205015,150.9657493,park
Mulberry Street Reserve,-34.0488809,151.0404901,park
Mulgoa Public School,-33.8365106,150.6503518,school
Mulhall Park,-33.7982341,151.1575285,park
Mullane Avenue Reserve,-33.7644094,150.9762013,park
Munda Street Reserve,-33.9308546,151.2469674,park
Munn Reserve,-33.8581557,151.2021621,park
Munnumba Reserve,-33.7305741,151.2178259,park
Munro Park,-33.9398262,150.8971102,park
Muraborah Reserve,-33.9439251,151.2543362,park
Murdoch Playground,-33.9083539,151.1587416,park
Murdoch Reserve,-34.0316564,150.7305674,park
Murdock Street Park,-33.8493898,150.983745,park
Murray Farm Park,-33.7632797,151.0372712,park
Murray Farm Public School,-33.766107,151.0401667,school
Murray Reserve,-33.8173934,150.9505653,park
Murray-Prior Reserve,-33.8355244,151.1426611,park
Murrigan Park,-33.9120882,150.8676205,park
Murrumbooee Place Reserve,-33.4514389,151.317211,park
Muslim Girls Grammar School,-33.8348158,151.0102132,school
Muston Park,-33.7887361,151.1948016,park
Mutch Avenue Reserve,-33.9499098,151.1594243,park
Mutch Park,-33.9409345,151.2196645,park
My Indian Bazaar,-33.7059191,150.9118209,supermarket
Myall Avenue Park,-33.7255304,151.1173367,park
Myrtle Road Reserve,-33.7723064,150.7495457,park
Myrtle Street Road Closure Reserve,-33.9816855,151.0716982,park
NSW School of Languages,-33.8951293,151.1508981,school
Nagle College,-33.7896192,150.9003856,school
Nagle Park,-33.943384,151.2331158,park
Naked Lady Lawn,-33.9183546,151.2305359,park
Nallawilli Reserve,-33.8304568,150.986707,park
Nalya Reserve,-33.7432802,151.2714264,park
Namatjira Park,-33.7755119,150.8486104,park
Nanbaree Reserve,-33.8026083,151.2642992,park
Nancy Bird-Walton Reserve,-33.9241191,151.1869335,park
Nancy Hillier Park,-33.950227,151.2052607,park
Nangamay Public School,-33.8029975,150.6816307,school
Napier Street Open Space,-33.8834332,151.220469,park
Napoli St Park,-33.9383119,151.0214954,park
Nar-Rang Reserve,-33.7533442,151.1445159,park
Narang Reserve,-33.9736563,150.8966209,park
Narang Reserve,-33.8146586,150.9843105,park
Naranga Avenue Reserve,-34.0722487,151.0088476,park
Nareen Park,-33.7045312,151.2905545,park
Narellan Public School,-34.0427639,150.7337507,school
Narellan Vale Public School,-34.0561441,150.7446689,school
Naremburn Park,-33.8165714,151.1949166,park
Naremburn School,-33.8193755,151.200326,school
Narrabeen Beach,-33.7176392,151.300675,beach
Narrabeen Lakes Public School,-33.7203233,151.2973885,school
Narrabeen North Public School,-33.6988708,151.2977905,school
Narrabeen Sports High School,-33.7008634,151.2976353,school
Narraweena Public School,-33.7491925,151.2736398,school
Narroy Park,-33.7056721,151.2920051,park
Narwee Public School,-33.9481666,151.0687033,school
Natchez Park,-33.8772391,150.8860102,park
Nature Area,-33.8121046,151.0167373,park
Navua Reserve,-33.6081048,150.6963047,park
Neate Reserve,-33.9130956,151.0966614,park
Nebbia Park,-33.8840369,150.8584261,park
NeedAStop,-33.9240894,151.2276588,supermarket
Neild Avenue Maze,-33.879762,151.2270928,park
Nell Griffith Reserve,-33.7493311,151.2777707,park
Nell Griffith Reserve,-33.7491481,151.2764696,park
Nelson Park,-33.8695696,150.9517644,park
Nelson Phillis Park,-33.9081118,150.8584264,park
Nemesia Street Park,-33.8343694,150.9421344,park
Nepean Christian School,-33.8065852,150.6572787,school
Nepean High School,-33.7477498,150.6688643,school
Nepean Reserve,-34.0720176,150.6980186,park
Neptune Park,-33.9640928,151.0190768,park
Neptune Park,-33.926538,151.2588935,park
Nerang Park,-33.805939,151.1229311,park
Ness Park,-33.9105832,151.1482828,park
Nestor Park,-33.8868363,151.1627003,park
Neutral Bay Public School,-33.8326797,151.2195986,school
Neutral Street Road Reserve,-33.8385317,151.2124307,park
Neverfail Bay Reserve,-33.9929581,151.0734882,park
Neville Beyer Park,-34.0015366,150.7405463,park
Neville Reserve,-33.9091066,151.0033986,park
New Farm Road Reserve,-33.7338914,151.053513,park
New Glasgow Park,-33.8425581,151.0158536,park
New Reserve,-34.0585107,150.7440345,park
New Settlers Park,-33.8038472,151.0279821,park
New Yen Yen Supermarket,-33.9676189,151.1072141,supermarket
New Yen Yen Supermarket,-33.8811911,151.203509,supermarket
Newbridge Heights Public School,-33.9260756,150.9520498,school
Newgate Park,-33.8997256,150.844426,park
Newhaven Avenue Reserve,-33.6173374,150.9077142,park
Newington Asian Grocery,-33.8337745,151.0567335,supermarket
Newington College,-33.8980361,151.1631471,school
Newington College K-6,-33.8950586,151.1663302,school
Newington College Lindfield Preparatory School,-33.7688276,151.172397,school
Newington Public School,-33.8412,151.0553044,school
Newington Reserve,-33.8313431,151.0512449,park
Newington Road Playground,-33.9008804,151.1662216,park
Newland Reserve,-33.9380577,150.9790577,park
Newlands Park,-33.8270301,151.1940364,park
Newport Beach,-33.653998,151.3245405,beach
Newport Park,-33.6575871,151.3166774,park
Newport Public School,-33.6607951,151.3129022,school
Newtown High School of the Performing Arts,-33.8992781,151.1786055,school
Newtown North Public School,-33.8918267,151.1853799,school
Newtown Public School,-33.9008313,151.1794316,school
NextSense,-33.7669797,151.0286121,school
Ngaku Island,-33.9225891,150.9463565,park
Ngamba Island,-33.9223363,150.9455197,park
Ngarala Public School (primary school),-33.7812611,151.0692912,school
Nianbilla Reserve,-33.7429936,151.2075069,park
Nichols Reserve,-33.813066,151.1608488,park
Nicholson Street Public School,-33.8557474,151.1931217,school
Nicol Murray Reserve,-33.9730846,151.0779597,park
Nield Park,-33.8640418,151.1442127,park
Nielsen Park,-33.8513757,151.2671805,park
Nielson Avenue Reserve,-33.9593689,151.0661123,park
Niland School,-33.7367952,150.8133055,school
Nimrod Street Rest Area,-33.8769125,151.2222669,park
Nindi Crescent Reserve,-33.7803413,150.6814171,park
Nirimba Fields Public School,-33.7150263,150.8717195,school
Nita McCrae Park,-33.8586267,151.2041343,park
Nixon Place Reserve,-34.007471,151.0518987,park
Noakes Park,-33.7628159,150.9352302,park
Noel Seiffert Reserve,-33.9924629,151.1382317,park
Nolan Park,-33.9010621,150.9112576,park
Nolan Reserve,-33.7784395,151.2723982,park
Noller Park,-33.8227012,151.000096,park
Noorumba Reserve,-34.1150091,150.7912981,park
Norfolk Reserve,-33.8935908,151.0626341,park
Norford Park,-33.876389,151.0109738,park
Norm Neilson Reserve,-33.9072316,151.0638601,park
Norm O'Brien Park,-34.1814579,150.9939359,park
Norma Park,-33.6065102,151.3348417,park
Norman Park,-33.8656522,151.0277644,park
Norman Peek Reserve,-33.7493105,150.705369,park
Normandy Reserve,-34.0449397,150.842668,park
Normanhurst Boys High School,-33.7214744,151.1014359,school
Normanhurst Park,-33.7191545,151.0922561,park
Normanhurst Public School,-33.7233358,151.0980106,school
Normanhurst West Public School,-33.7210664,151.0884222,school
North Avoca Beach,-33.4604513,151.4380125,beach
North Bondi Grocer,-33.8894266,151.2830514,supermarket
North Brighton Pre-School,-33.9491573,151.1624471,school
North Burge Road Reserve,-33.4864186,151.3342789,park
North Cronulla Beach,-34.0510831,151.156379,beach
North Epping Park,-33.7587246,151.1011496,park
North Era Beach,-34.1783842,151.0572326,beach
North Goldstein Reserve,-33.919977,151.2577354,park
North Gosford Learning Centre,-33.4171344,151.3506585,school
North Harbour Reserve,-33.7984806,151.2651154,park
North Kellyville Public School,-33.6917775,150.9539068,school
North Narrabeen Beach,-33.7076694,151.3045708,beach
North Narrabeen Beach Reserve,-33.7051943,151.3046704,park
North Narrabeen Headland Reserve,-33.6997931,151.3082568,park
North Richmond Park & Turnbull Oval,-33.5790844,150.7232748,park
North Rocks Park,-33.7709046,151.0391027,park
North Rocks Public School,-33.7684257,151.0251181,school
North Ryde Common,-33.8017527,151.1227008,park
North Ryde Community Preschool,-33.8014663,151.1077158,school
North Ryde Park,-33.8011465,151.1363517,park
North Ryde Public School,-33.79478,151.1200439,school
North Street Playground,-33.8777467,151.1528833,park
North Sydney Boys' High School,-33.829518,151.2076823,school
North Sydney Demonstration School,-33.8348138,151.2036653,school
North Sydney Girls High School,-33.8302786,151.2034204,school
NorthConnex Site,-33.7112168,151.1152953,park
Northbourne Public School,-33.6886088,150.817799,school
Northbridge Park,-33.8125784,151.2197043,park
Northbridge Public School,-33.8128622,151.218587,school
Northcliff Park,-33.8480974,151.2106695,park
Northcote Park,-33.9012029,151.0574103,park
Northcross Christian School,-33.8062209,151.1115293,school
Northern Apron Park,-33.8462775,151.1717941,park
Northern Beaches Christian School,-33.6736438,151.2013693,school
Northern Beaches Secondary College Balgowlah Boys Campus,-33.7963482,151.2545758,school
Northern Beaches Secondary College Cromer Campus,-33.7377604,151.2844519,school
Northern Beaches Secondary College Freshwater Senior Campus,-33.7676652,151.27992,school
Northern Beaches Secondary College Mackellar Girls Campus,-33.7820988,151.2723701,school
Northern Beaches Secondary College Manly Campus,-33.7624029,151.2813594,school
Northern Corridor East,-33.9743878,150.8625496,park
Northern Corridor West,-33.9748084,150.8600349,park
Northern Sydney IEC,-33.7389484,151.1661785,school
Northholm Grammar School,-33.6036078,151.0533867,school
Northmead Creative and Performing Arts High School,-33.7880813,150.9995371,school
Northmead Primary School,-33.786501,150.9907315,school
Northmead Reserve,-33.780962,151.0024135,park
Northside Montessori School,-33.7348467,151.1368938,school
Northumberland Reserve,-33.84841,151.0343582,park
Norwest Christian College,-33.6767306,150.8738307,school
Noumea Public School,-33.732599,150.8098787,school
Novel Fresh IGA Epping,-33.7732459,151.0834157,supermarket
Nuffield Park,-33.9076537,151.2110201,park
Nugent Park,-33.8840845,150.9997822,park
Nugget Beames Reserve,-34.0560471,150.7425417,park
Nullawa Park,-33.4330253,151.2885249,park
Nunook Reserve,-33.7796135,151.0977736,park
Nurra Reserve,-34.0890908,150.8002623,park
Nurragingy Reserve,-33.7608995,150.8593269,park
Nuwarra Public School,-33.93324,150.9514799,school
Nyrang Place Reserve,-34.0375405,151.0690346,park
O S Young Park,-33.8528587,150.964998,park
O'Brien Lane Reserve,-33.8763518,151.2174336,park
O'Brien Park,-33.9224293,151.0163006,park
O'Connor Reserve,-33.8662327,151.1719175,park
O'Hara Street Playground,-33.9137638,151.1558938,park
O'Meally Reserve,-33.8670692,150.8993512,park
O'Neill Park,-33.9013786,151.0236624,park
Oag Crescent Reserve,-33.7718368,150.7118733,park
Oakdale Freindly Grocer,-34.0793614,150.5094485,supermarket
Oakdale Public School,-34.0789208,150.5081737,school
Oakdene Park,-33.8795801,150.9618422,park
Oakhill College Castle Hill,-33.7241162,151.0206445,school
Oakhill Drive Public School,-33.7215561,151.0229719,school
Oakleigh Park,-33.7256047,151.0716912,park
Oakville Public School,-33.62047,150.8705428,school
Oatlands IGA,-33.7973304,151.0255588,supermarket
Oatlands Public School,-33.8007179,151.023551,school
Oatley Memorial Gardens,-33.9798216,151.0799425,park
Oatley Memorial Park,-33.9825617,151.079615,park
Oatley Park,-33.9815324,151.0597694,park
Oatley Pleasure Ground,-33.986478,151.083614,park
Oatley West Primary School,-33.9790122,151.0654425,school
Obelisk Beach,-33.8298105,151.261011,beach
Oberon Park,-33.8423837,151.216371,park
Oberon Reserve,-34.0718624,150.8423515,park
Oberton Street Drainage Reserve,-33.4677428,151.4001246,park
Observatory Hill Environmental Education Centre,-33.8608697,151.2048297,school
Observatory Hill Park,-33.8597244,151.2049607,park
Observatory Park,-33.7407955,151.0623969,park
Ocean Road Reserve,-33.5962249,151.3243761,park
Ocean Street Reserve,-33.9631715,151.0808984,park
Ocean View Reserve,-33.9544184,151.2474356,park
Octavia Reserve,-34.0995793,150.78757,park
Old Bush Road Reserve,-34.0575416,151.0269695,park
Old Guildford Public School,-33.8674767,150.9864651,school
Old Kings Parade Ground,-33.8102919,151.0021006,park
Old Quarry Park,-34.1971208,150.9780007,park
Old Saleyards Reserve,-33.8009275,151.0179988,park
Old School Park,-34.0480964,151.0872843,park
Old pony club,-33.7251675,151.0602754,park
Olds Park,-33.9592521,151.0744055,park
Oleander Reserve,-33.9552967,151.0591907,park
Olga Robshaw Reserve,-33.7556563,150.8996281,park
Ollie Webb Reserve,-33.821711,150.9974467,park
Olson Reserve,-33.7433065,150.8339375,park
One Foot Reserve,-33.8506669,150.977256,park
One Tree Hill Reserve,-33.7779993,150.9682604,park
OneSchool Global NSW Illawarra,-34.2446851,150.9421947,school
Onions Point Reserve,-33.8361346,151.1795912,park
Only Park,-33.9404178,150.9511564,park
Onslow Park,-34.0537555,150.6913228,park
Onslow Street Reserve,-33.8767146,151.2766713,park
Opala Reserve,-33.7380413,151.2128132,park
Ophelia Reserve,-34.1077942,150.7976642,park
Oppy Reserve,-33.7223359,150.8839775,park
Oran Park Anglican College,-34.0023493,150.7444597,school
Oran Park High School,-33.9981135,150.7363811,school
Oran Park Public School,-33.9968552,150.7357043,school
Orana Reserve,-33.7300891,151.2140524,park
Orange Green Park,-33.7155526,151.1485572,park
Orange Grocery,-33.823105,151.0788904,supermarket
Orange Grove Public School,-33.8722686,151.1586142,school
Orange Parade Playground,-33.4043048,151.3567308,park
Orange Supermarket,-33.8315616,151.0865317,supermarket
Orange Supermarket (Asian),-33.9290997,151.1536498,supermarket
Orara Park,-33.9434813,150.9355207,park
Orara Park,-33.7072288,151.1046013,park
Orchard Hills Public School,-33.7830297,150.7213473,school
Orchard Park,-33.6592905,151.1594439,park
Orchard Park,-33.6325415,150.9008588,park
Oriental City Centre,-33.894013,150.938394,supermarket
Origlass Park,-33.8566716,151.192436,park
Oriole Park,-33.8537392,151.0176159,park
Orion Place Reserve,-33.7649902,150.6426696,park
Orphan School Creek,-33.8830732,151.1778114,park
Orr Park,-33.6685228,151.1160283,park
Osborne Park,-33.8231296,151.1758736,park
Osborne Park,-33.7508043,150.8912747,park
Ossie Connors Park,-34.2884684,150.9451775,park
Oswald Reserve,-33.9099861,151.109358,park
Oswald Scholes Reserve,-33.9476793,151.1129054,park
Otford Park,-34.2099456,151.0020778,park
Otford Public School,-34.2122028,151.0014919,school
Our Lady Of Dolours Catholic Primary School,-33.7946611,151.1843575,school
Our Lady Queen of Peace Catholic Primary School,-33.8256557,151.1267188,school
Our Lady Queen of Peace Primary School,-33.8190289,150.9537179,school
Our Lady Star of the Sea,-34.0327111,151.1040404,school
Our Lady Star of the Sea Catholic Primary School,-33.4361624,151.413897,school
Our Lady of Fatima Catholic Primary School,-34.0444327,151.122069,school
Our Lady of Fatima Catholic Primary School,-33.9418847,151.10312,school
Our Lady of Good Counsel Catholic Primary School,-33.7605768,151.2211599,school
Our Lady of Lourdes Catholic Primary School,-33.9278846,151.1264637,school
Our Lady of Lourdes Primary School,-33.7782322,150.9334231,school
Our Lady of Lourdes Primary School,-33.7666943,150.9983034,school
Our Lady of Mercy College,-33.8078613,151.0029106,school
Our Lady of Mercy College Burraneer,-34.0545152,151.1351241,school
Our Lady of Mercy College Burraneer,-34.0535053,151.1350494,school
Our Lady of Mount Carmel Catholic Primary School,-33.8995447,151.2056774,school
Our Lady of Mount Carmel Primary School,-33.8122279,150.9692836,school
Our Lady of Mt. Carmel Primary School,-33.8934789,150.8990784,school
Our Lady of Perpetual Succour,-33.7613806,151.1309298,school
Our Lady of The Rosary Catholic Primary School,-33.7140954,151.1043466,school
Our Lady of the Angels Primary School,-33.6840531,150.9337084,school
Our Lady of the Nativity Primary School,-33.7208251,150.4400832,school
Our Lady of the Rosary Catholic Primary School,-33.4124793,151.3504731,school
Our Lady of the Rosary Primary School,-33.7736103,150.7720496,school
Our Lady of the Rosary School,-33.8723353,150.9599324,school
Our Lady of the Rosary School,-33.7076236,150.9526586,school
Our Lady of the Rosary St Marys,-33.7726675,150.7755059,school
Our Lady of the Sacred Heart Catholic Primary School,-33.9160022,151.2430715,school
Our Lady of the Way Primary School,-33.7554647,150.6555789,school
Outlook Avenue Reserve,-33.744089,150.6467259,park
Outlook Park,-33.7952667,151.0814328,park
Outrim Park,-33.7444571,150.6087872,park
Overett Park,-33.8794336,150.7675958,park
Owens Park,-33.7172898,150.7187935,park
Owl Park,-33.7172605,150.9127742,park
Oxford Falls Grammar School,-33.7382389,151.2458711,school
Oxford Falls Peace Park,-33.7399759,151.244984,park
Oxford Street Park,-33.8377945,150.9833024,park
Oxford Street Reserve,-33.8968523,151.1752791,park
Oxley Park,-33.7728562,150.7913241,park
Oxley Park Public School,-33.7714591,150.7888805,school
Oxley Reserve,-33.6567665,151.1156436,park
Oyster Bay Public School,-34.0077969,151.0776059,school
Oyster Bay Public School,-34.0077944,151.0806756,school
Oyster Cove Reserve,-33.8376605,151.1933725,park
O’Dea Reserve,-33.8906868,151.1736621,park
P H Jeffery Reserve,-33.8018484,151.0226902,park
PLC Sydney Preschools,-33.8884436,151.1228602,school
PRCAC Model Aerodrome,-33.7791622,150.9547176,park
Pacific Green Grocery,-33.7633097,150.7747548,supermarket
Pacific Hills Christian School,-33.6957381,151.0389135,school
PacificWay,-33.9857517,150.8921054,supermarket
Paddington Public School,-33.8876019,151.2301688,school
Paddington Reservoir Gardens,-33.8853618,151.2267604,park
Paddy Pallin Reserve,-33.776081,151.1611687,park
Paddy Tyler Reserve,-33.9687706,151.0812166,park
Paddy's Market Flemington,-33.8612052,151.0720144,supermarket
Padstow ANZAC Memorial Park,-33.9513767,151.0319753,park
Padstow Heights Public School,-33.9665296,151.0299849,school
Padstow North Public School,-33.945301,151.0314017,school
Padstow Park,-33.95012,151.037103,park
Padstow Park Primary School,-33.9549761,151.0308637,school
Pagewood Public School,-33.9421071,151.2141638,school
Paine Park,-33.9311128,150.9620589,park
Paine Park,-33.611795,150.8144334,park
Paine Reserve,-33.9242307,151.2356147,park
Paints Lane Garden,-33.8867492,151.1962156,park
Pal Buddhist School,-33.8878608,150.9438827,school
Palermo Reserve,-33.4998293,151.3541549,park
Palm Avenue School,-33.8002432,150.9866253,school
Palm Street Reserve,-33.796465,150.9430061,park
Palmerston Steps Open Space,-33.8774857,151.1868883,park
Palmgrove Park,-33.6404777,151.3233822,park
Palmgrove Park,-33.6403046,151.3246962,park
Palomar Reserve,-33.7803349,151.2799524,park
Palomino Road Drainage Reserve,-33.7387122,150.6540559,park
Palomino Road Reserve,-33.7372469,150.6521898,park
Pambula Road Reserve,-34.0520789,151.0189353,park
Pamela Crescent Reserve,-33.6591914,151.2932419,park
Pamela Parade Reserve,-33.7630452,150.6537638,park
Panania North Public School,-33.9445041,150.9995436,school
Panania Public School,-33.9659764,150.9994365,school
Panda Asia Mart,-33.963556,151.132713,supermarket
Panetta Mercado,-33.9083246,151.1718179,supermarket
Panetta Mercato,-34.0386256,151.1423652,supermarket
Panetta Mercato,-34.0332323,151.073314,supermarket
Pannerong Reserve,-33.8711293,151.2696524,park
Panorama Park,-33.5103434,151.3039398,park
Paperbark Reserve,-33.7837894,150.8009216,park
Parabianga Reserve,-33.8006278,150.9784729,park
Paradise Beach,-33.6242976,151.3166931,beach
Paradise Reserve,-33.871467,151.1934835,park
Paramor Reserve,-33.8975174,150.8584166,park
Parbury Lane Park,-33.8557742,151.2074783,park
Parc Menai,-34.0166184,151.0149002,park
Paringa Reserve,-33.8549105,151.1698938,park
Park Road Reserve,-33.9839877,151.1281087,park
Park n' Shop Asian Supermarket,-33.9161803,151.2403568,supermarket
Parker Street Reserve,-33.7492174,150.7114605,park
Parkes Avenue Sporting Complex,-33.7549588,150.7576493,park
Parkes Reserve,-33.8845282,150.9571644,park
Parkes Road Reserve,-33.7410998,151.2899008,park
Parklands Clubhouse,-33.7164823,150.9203725,park
Parklands Oval,-33.6659715,151.1103395,park
Parklea Public School,-33.725877,150.9347628,school
Parkside Reserve,-34.0435568,150.7713627,park
Parr Park,-33.7466786,151.2678547,park
Parramatta East Public School,-33.8060792,151.0177533,school
Parramatta High School,-33.8178888,150.9960698,school
Parramatta Marist High School,-33.8058024,150.9848856,school
Parramatta North Public School,-33.8039604,151.0046862,school
Parramatta Public School,-33.8164092,151.0073468,school
Parramatta West Public School,-33.824001,150.9909579,school
Parraweena Park,-33.8024003,150.9293531,park
Parriwi Park,-33.8090064,151.2467617,park
Parry Park,-33.9148731,151.0671586,park
Parry Park,-33.9124723,151.0709767,park
Parry Park,-33.8227981,151.1107236,park
Parsley Bay Reserve,-33.8519049,151.278733,park
Partridge Avenue Reserve,-34.0393053,151.1068647,park
Passfield Park,-34.0213256,150.8603473,park
Passfield Park School,-34.0244422,150.851268,school
Passmore Reserve,-33.7802241,151.2716528,park
Pat O'Connor Reserve,-33.919629,151.1169801,park
Pat Thompson Park,-33.8862879,151.237769,park
Patanga Park,-33.7504421,151.2433889,park
Patel Brothers,-33.8227383,151.0104674,supermarket
Paterson Reserve,-33.7211292,150.9061457,park
Pathan SuperMarket,-33.8206063,151.0090893,supermarket
Pathilda Reserve,-33.6392605,151.2944698,park
Patience Park,-33.8017584,151.0694505,park
Patongal Park,-33.74828,151.233429,park
Patricia Gardner Reserve,-33.7770762,151.1500716,park
Patricia Giles Reserve,-33.6700423,151.3059425,park
Patrician Brothers College Fairfield,-33.8728456,150.9626092,school
Patrick Croke Oval,-33.4700501,151.404307,park
Patrick Newman Park,-34.0841463,150.7937151,park
Paul Calderon Reserve,-33.9512502,151.0188845,park
Paul Crescent Reserve,-33.8257392,150.9637877,park
Paul Landa Reserve,-33.5456346,151.3099505,park
Pauline Fields Park,-33.7621547,150.7078359,park
Pavesi Park,-33.9445838,150.8708078,park
Pavich Reserve Park,-33.6725824,151.3097245,park
Pavlo Park,-33.9234154,150.867727,park
Payten Reserve,-34.046787,150.8267534,park
Payton Reserve,-34.0603342,150.748514,park
Peace Park,-34.0366233,150.8273459,park
Peace Park,-33.8982484,151.1225005,park
Peace Park,-33.8872205,151.1966586,park
Peace Park,-33.8370367,151.1974184,park
Peace Park,-33.8087104,151.2835078,park
Peace Park,-33.4340546,151.3464241,park
Peace Reserve,-33.9031197,151.1792928,park
Peachtree Avenue Reserve,-33.7878759,150.9729976,park
Peakhurst Park,-33.9575634,151.05574,park
Peakhurst Primary School,-33.9554065,151.0622886,school
Peakhurst South Public School,-33.9729056,151.0559937,school
Peakhurst West Public School,-33.9620215,151.0494012,school
Pearce Avenue Reserve,-33.9584658,151.0607053,park
Pearce Reserve,-33.7485389,150.9422859,park
Pearl Beach,-33.5419019,151.3099284,beach
Pearl St Reserve,-33.9054986,151.1777297,park
Pee Wee Park,-33.7612345,151.1399742,park
Peel Park,-33.9168332,151.0817695,park
Peel Park,-33.8285304,151.1208355,park
Peel Park,-33.5781475,150.7030612,park
Peg Paterson Park,-33.8314535,151.0850284,park
Pelican Park,-33.4838625,151.3261599,park
Pelican Reserve,-33.8500519,151.1595741,park
Pemberton Reserve,-33.9864363,151.1428383,park
Pemberton Reserve,-33.8787999,151.0684764,park
Pembroke Park,-33.7747231,151.0947532,park
Pemulwuy Park,-33.7748778,150.9628581,park
Pemulwuy Reserve,-33.8114461,150.9903176,park
Pendle Hill Park,-33.8080301,150.943502,park
Pendle Hill Public School,-33.8103054,150.9539474,school
Pendlebury Park,-34.0513136,151.0442013,park
Peninsula Park,-33.7016221,150.5844985,park
Peninsula Recreation Precinct,-33.5274259,151.3131183,park
Penna Park,-33.8868958,150.867059,park
Pennant Hills High School,-33.7336983,151.0610785,school
Pennant Hills Public School,-33.7375773,151.0652372,school
Pennant Hills Public School,-33.7357939,151.068049,school
Penola Catholic College Emu Plains,-33.7421617,150.6788803,school
Penrith Anglican College,-33.7968545,150.7074521,school
Penrith Beach,-33.6944422,150.6772805,park
Penrith Christian School,-33.7841916,150.7082865,school
Penrith City Park,-33.7523618,150.6959419,park
Penrith High School,-33.7567922,150.7068796,school
Penrith Lakes Environmental Education Centre,-33.7257556,150.6701951,school
Penrith Park,-33.7589877,150.6870314,park
Penrith South Public School,-33.7639027,150.7006197,school
Penrith Valley School,-33.766408,150.7588995,school
Penrose Park,-33.7650494,150.7034711,park
Pensacola Park,-33.9398158,150.9131739,park
Penshurst Park,-33.9612293,151.0897361,park
Penshurst Public School,-33.9626323,151.0876546,school
Peppercorn Park,-34.0724413,150.640787,park
Peppercorn Park,-33.7430477,151.2338334,park
Peppercorn Place,-33.9433986,150.848007,park
Peppercorn Reserve,-33.8524254,151.1612119,park
Peppermint Reserve,-33.7691498,150.7195174,park
Peppertree Reserve,-33.8053355,150.8060347,park
Percival Park,-33.8696787,151.2685259,park
Percy Park,-33.8662161,150.9338262,park
Percy Rabett Park,-33.9451155,150.8462566,park
Peridot Park,-33.7276834,150.9102482,park
Peridot Park A,-33.7267205,150.9086888,park
Perry Park,-33.908282,151.1963603,park
Perry Reserve,-34.031912,150.7333801,park
Peter Cotter Reserve,-33.8916789,151.1750161,park
Peter D'Emden Reserve,-33.5238463,151.2031306,park
Peter Dawson Park,-33.8979783,150.9091613,park
Peter Depena Reserve,-33.9957577,151.1449463,park
Peter Hislop Park,-33.8714947,151.01376,park
Peter Low Reserve,-33.9478217,151.0948668,park
Peter Miller Park,-33.9506037,150.8866308,park
Peter Moore Fields,-33.9156287,151.0963536,park
Peter Van Hasselt Park,-33.7271213,150.7997212,park
Peterlee Park,-33.8856421,150.9186445,park
Petersham Park,-33.8915309,151.150617,park
Petersham Public School,-33.8956448,151.1501513,school
Petersham Road Reserve,-33.9076757,151.1547274,park
Peterson Park,-33.7406139,150.7906643,park
Phil Engisch Reserve,-33.9162008,151.0353196,park
Phil Tolhurst Park,-33.9337385,150.9550499,park
Philippa O'Leary Park,-33.7259643,151.1026969,park
Phillip Park,-33.9638707,150.9990429,park
Phillip Park,-33.8723048,151.2143979,park
Phillips Park,-33.9329283,150.8970596,park
Phillips Park,-33.8585107,151.0531529,park
Phillips Street Playground,-33.837429,151.218593,park
Phoenix Park,-33.8276922,151.0857661,park
Phyllis Bennett Reserve,-33.4412935,151.3520817,park
Picnic Point High School,-33.9643679,151.0106841,school
Picnic Point Public School,-33.9691235,151.0102276,school
Picton Avenue Reserve,-34.1771019,150.6119701,park
Picton High School,-34.194473,150.6083308,school
Picton Public School,-34.1761543,150.6093166,school
Pidding Park,-33.8122147,151.1226766,park
Pied Piper Playground,-33.7634502,150.9530328,park
Piggott Park,-34.0268169,150.8622112,park
Pilgrim Park,-33.8710022,151.0755557,park
Pindari Reserve,-34.069646,150.6934673,park
Pindari Road Island,-33.9734971,151.05485,park
Pindari Road Reserve,-33.9729546,151.0544704,park
Pindari Road Reserve (South),-33.9738859,151.0543448,park
Pine Avenue Reserve,-33.4874207,151.3639045,park
Pine Hill Reserve,-33.7856686,150.8288861,park
Pine Park,-33.8584316,151.0249601,park
Pine Square Reserve,-33.885048,151.1598389,park
Pine Tree Park,-33.7649685,151.0448825,park
Pinyari Park,-33.4740209,151.3963998,park
Pioneer Park,-33.7765757,151.1049343,park
Pioneer Park,-33.7702811,150.6956063,park
Pioneer Park,-33.7692096,150.9302593,park
Pioneer Park,-33.4493937,151.3418635,park
Pioneer Place Reserve,-33.7282955,151.0148502,park
Pioneers Memorial Park,-33.8786422,151.157451,park
Pirrama Park,-33.8642618,151.1924633,park
Pitt Park,-33.8192039,150.9781263,park
Pitt Town Primary School,-33.5836039,150.8597231,school
Pitt Town War Memorial Park (Joseph Edward Hobbs Memorial,-33.5872891,150.8609113,park
Pittwater High School,-33.6683198,151.3026487,school
Pittwater House,-33.7405451,151.2914637,school
Pittwater Park,-33.5963202,151.319864,park
Playfield Park,-33.9339858,150.9618929,park
Playford Park,-33.94697,151.0273527,park
Plaza Park,-33.7061106,150.9095144,park
Pleasant Avenue Reserve,-33.7678969,151.1881393,park
Pleasure Point Reserve,-33.9670924,150.987686,park
Plough and Harrow,-33.8810246,150.8576515,park
Plumb Reserve,-33.8890115,151.251953,park
Plumpton High School,-33.7481752,150.836019,school
Plumpton House School,-33.7502839,150.8407131,school
Plumpton Park,-33.7532476,150.8365348,park
Plumpton Public School,-33.7486275,150.8389161,school
Plunkett Street Public School,-33.871078,151.220956,school
Pobje Reserve,-33.8949157,151.0230158,park
Poets Ridge Park,-33.6949803,150.5895412,park
Pogson Park,-33.9775096,151.0999671,park
Polar Place Reserve,-33.9845361,151.0426857,park
Pole Depot Park,-33.9634181,151.0834559,park
Pollard Park,-34.03535,151.070159,park
Pollock Reserve,-33.9068224,150.9895002,park
Polocrosse Arena,-34.0580645,150.6848571,park
Pony Club Arena,-34.0537099,150.6879578,park
Pool Flat,-34.0716751,151.0602811,park
Pope Paul VI Reserve,-33.8715651,151.1802083,park
Popondetta Park,-33.7389038,150.8070186,park
Popplewell Park,-33.9344988,151.2573036,park
Poppy Park Forestville,-33.7640638,151.2106308,park
Port Hacking High School,-34.0323921,151.0972274,school
Port Hacking Road Reserve,-34.0245796,151.1079114,park
Porter Reserve,-34.0179578,150.8646536,park
Porter Reserve,-33.649814,151.3219207,park
Portia Road Reserve,-33.7910971,150.9436212,park
Portico Park,-33.7875078,150.9507382,park
Portugese Beach,-33.6107854,151.3017096,beach
Portview Reserve,-33.8254274,151.1897083,park
Possum Park,-33.7249979,150.5997979,park
Post Office Reserve,-33.7736195,150.9853825,park
Potter Field,-33.7861783,150.7883817,park
Pottery Green,-33.8145563,151.1721436,park
Pottinger Park,-33.8561636,151.2068039,park
Potts Hill Reserve,-33.8876004,151.0351693,park
Poulton Park,-33.9798568,151.0979401,park
Powell Park,-33.9267193,150.8777101,park
Powell Park,-33.5397815,150.6316086,park
Power Park,-33.8596327,150.9083993,park
Power Place Reserve,-34.0167649,151.006997,park
Powhatan Park,-33.8700561,150.8868288,park
Prairie Vale Reserve,-33.916792,151.0441385,park
Prairie Vale Reserve,-33.9157226,151.0443624,park
Prairievale Public School,-33.866475,150.8908684,school
Prairievale Reserve,-33.9825386,151.1062895,park
Prairiewood High School,-33.8594782,150.9017433,school
Pratten Park,-33.8926886,151.1230125,park
Pratten Park Bowling Club,-33.892005,151.1230647,park
Premier Street Reserve,-34.0338687,151.0873626,park
Premier Street Reserve,-33.918028,151.1479453,park
Prentice Park,-34.0224714,150.8073605,park
Presbyterian Ladies College Sydney,-33.8817067,151.1161151,school
Presland Reserve,-33.9443396,151.0085454,park
Presti's Grocer,-33.9137911,151.1697813,supermarket
Prestons Public School,-33.9464389,150.8899683,school
Pretty Beach Public School,-33.5264067,151.350359,school
Price Park,-33.9920481,150.7977406,park
Prices Circuit Reserve,-34.0222497,151.0476208,park
Primrose Park,-33.8228183,151.2235721,park
Prince Alfred Park,-33.8877218,151.2047331,park
Prince Alfred Square,-33.809218,151.0043655,park
Prince Edward Reserve,-33.8408321,151.165764,park
Prince Edward Reserve,-33.8406555,151.1643936,park
Prince Street Park,-33.8820422,150.9363274,park
Princes Park,-33.8737201,151.0132734,park
Princes Park,-33.8132242,151.1118086,park
Princes Park,-33.7783731,151.1569916,park
Princes Street Park,-33.8457833,150.9663402,park
Princess Mary Street Reserve,-33.7518176,151.2669101,park
Prior Avenue Reserve Park,-33.8377259,151.2254431,park
Pritchard Place Reserve,-33.9616441,151.0610577,park
Pritchard Street Reserve,-33.8735884,151.1711581,park
Progress Park,-33.9495598,151.0676829,park
Progress Park,-33.8614836,151.0163204,park
Progress Street Reserve,-34.2253839,150.5964505,park
Propeller Park,-33.8563439,151.1898923,park
Propsting Reserve,-33.8272133,151.1904513,park
Prospect View Reserve,-33.8603768,150.9353596,park
Prosperity Parade Park,-33.6822269,151.2907772,park
Prouille Catholic Primary School,-33.7161544,151.1214408,school
Prout Park,-33.9037167,150.9064773,park
Province Street Park,-33.871687,150.8629583,park
Prowse Reserve,-33.8715112,151.1133754,park
Pullbrook Park,-33.941085,150.9077348,park
Pullen Reserve,-33.9102813,151.02515,park
Punch Park,-33.8608851,151.1789862,park
Punchbowl Boys High School,-33.9240281,151.0529179,school
Punchbowl Park,-33.9312967,151.0474921,park
Punchbowl Public School,-33.9306095,151.0558899,school
Punt Park,-33.8373443,151.1054654,park
Puntillo Park,-33.9407244,150.8304874,park
Purcell Park,-33.9629264,151.226011,park
Pusan Reserve,-33.7370799,151.2164481,park
Putarri Avenue Reserve,-33.7331427,151.1599024,park
Putland School,-33.764297,150.750385,school
Putney Public School,-33.8245672,151.1110032,school
Pye Hill Reserve,-33.8883932,150.8540348,park
Pye Street Reserve,-33.8125983,150.9878683,park
Pymble Ladies College,-33.7465049,151.1366907,school
Pymble Public School,-33.7322753,151.1410713,school
Pyrmont Bay Park,-33.8681474,151.1969539,park
QE Foodstore,-33.8456104,151.211098,supermarket
QE Foodstore Waterloo,-33.9018064,151.2098673,supermarket
QE Foodstores,-33.9080365,151.2487349,supermarket
QE Foodstores,-33.899954,151.178239,supermarket
QE Foodstores,-33.8877225,151.180329,supermarket
QE Foodstores,-33.8564631,151.1784491,supermarket
Quadrangle Rest Area,-33.9172509,151.2301657,park
Quakers Hat Park,-33.8187916,151.2397432,park
Quakers Hat Park,-33.8104876,151.2411082,park
Quakers Hat Park,-33.8101965,151.2389333,park
Quakers Hill East Public School,-33.7324594,150.9141689,school
Quakers Hill High School,-33.729184,150.8964327,school
Quakers Hill Park,-33.7224147,150.888593,park
Quandong Reserve,-33.7801362,151.1173731,park
Quang Minh Asian Grocery,-33.9189691,151.031822,supermarket
Quarantine Beach,-33.8151729,151.2865013,beach
Quarantine Boat Depot,-33.845593,151.1949424,park
Quarantine Boat Depot Beach,-33.8451307,151.194913,beach
Quarry Green,-33.8769918,151.1964641,park
Quarry Green,-33.876683,151.1971023,park
Quarry Lane Streetscape,-33.8766449,151.1958834,park
Quarry Mason's Forest,-33.7578577,151.1669439,park
Quarry Reserve,-33.9374357,151.2485463,park
Quarry Reserve,-33.7692636,151.2764708,park
Queen Elizabeth Park,-33.8628217,151.1033952,park
Queen Elizabeth Reserve,-33.7798387,151.1487487,park
Queen St Grocers,-33.7647032,150.7741968,supermarket
Queen Street Reserve,-34.0497443,150.7405946,park
Queen Victoria Jubilee Fountain,-33.8163555,151.1091648,park
Queens Beach,-33.8611211,151.2689252,beach
Queens Oak Park,-33.7206896,150.4335449,park
Queens Park,-33.9015714,151.2487019,park
Queens Wharf Park,-33.8161026,151.015966,park
Queenwood Art and Design Campus,-33.8263066,151.2508162,school
Queenwood School for Girls,-33.8241123,151.2486882,school
Queenwood School for Girls,-33.8230383,151.2499397,school
Queenwood School for Girls (Junior School),-33.8348156,151.2426633,school
Quibaree Park,-33.8441529,151.207386,park
Quickstop,-33.5082668,151.3716025,supermarket
Quinn Playground,-33.888925,151.1577425,park
Quirk Reserve,-34.0903857,150.8133975,park
Quota Park,-33.9254616,150.9410408,park
R & R Providores,-33.8927413,151.205606,supermarket
RAAF Memorial Park,-33.7561703,150.8167396,park
RAAF Site Park 1,-33.8779579,151.0137003,park
RAAF Stores Park,-33.8745199,151.0187513,park
RM Campbell Reserve Park,-33.9128364,151.0381868,park
RTA Motorcycle Training Area,-33.7261769,150.677142,school
Rabaul Reserve,-33.9563827,151.2425894,park
Rabbett Reserve,-33.7471648,151.2272177,park
Raby Sports Complex,-34.0174535,150.8117884,park
Radhe,-33.8220996,151.0081987,supermarket
Radhe Indian Grocery,-33.7653015,150.9085389,supermarket
Railway Parade Reserve,-33.8726237,151.1710544,park
Railway Street Reserve,-33.8268172,151.00265,park
Rainbow Farm Reserve,-33.7611923,151.0452403,park
Rainbow Street Public School,-33.9244477,151.2371352,school
Rainforest Street Reserve,-33.6673866,150.9121335,park
Raleigh Park,-33.9057255,151.2177815,park
Raleigh Street Reserve,-33.9960016,151.1136953,park
Ralston Reserve,-33.7284947,151.2161919,park
Ramsay Avenue Reserve,-33.7537808,151.1222915,park
Ramsay Street Reserve,-33.7275549,151.2986595,park
Ramsgate Public School,-33.9814258,151.1435446,school
Randall Reserve,-33.738372,151.2894318,park
Randwick Boys High School,-33.9241964,151.2387615,school
Randwick Environment Park,-33.9316125,151.2485859,park
Randwick Girls High School,-33.9221726,151.2391611,school
Randwick Oriental,-33.9231966,151.2275943,supermarket
Randwick Peace Park,-33.9059296,151.2437117,park
Randwick Public School,-33.910258,151.2423903,school
Raoul Wallenberg Garden,-33.8874254,151.243493,park
Rapanea Community Forest,-33.7902123,151.048716,park
Raven Point Reserve,-33.8370377,151.1158409,park
Ravenswood School for Girls,-33.7593595,151.1555101,school
Rawson Park,-33.8352372,151.2496496,park
Ray Marshall Reserve,-33.8611538,151.0135341,park
Ray McCormack Reserve,-33.9541372,151.0156817,park
Ray O'Keefe Reserve,-33.8929886,151.2831559,park
Ray Park,-33.7655458,151.0620266,park
Raymond Avenue Reserve,-33.8454967,151.1468863,park
Rea Reserve,-33.8429316,151.1538736,park
Reave Reserve,-34.0855721,150.6936491,park
Reay Park,-33.93279,150.853058,park
Reconciliation Park,-33.8900412,151.2031302,park
Red Bank Reserve,-34.1889516,150.6044918,park
Red Cross Anniversary Park,-33.7582376,150.7166358,park
Red Hill Reserve,-33.7440012,151.2553678,park
Redbank School,-33.801024,150.9871352,school
Reddam House,-33.8901615,151.2529871,school
Reddam House,-33.8898158,151.2524737,school
Reddam House,-33.8849089,151.2763369,school
Redeemer Baptist School,-33.7938284,151.0155436,school
Redfern Community Centre Open Space,-33.8906112,151.1981485,park
Redfern Park,-34.0286304,150.8543987,park
Redfern Park,-33.8945739,151.2060479,park
Redfield College,-33.6892743,151.0329643,school
Redfield Reserve,-33.7540676,151.1805576,park
Redgum Reserve,-33.9575385,151.0395046,park
Redlands Junior School,-33.8324935,151.2273346,school
Reed Reserve,-33.8829243,151.1142458,park
Reef Beach,-33.8076278,151.2741541,beach
Reeves Street Bush Reserve,-33.4020172,151.3392157,park
Refinery Square,-33.8668916,151.1900055,park
Refuge Beach,-33.6027436,151.2494257,beach
Refuge Cove Reserve,-33.6403742,151.3078638,park
Reg Coady Reserve,-33.8736499,151.1351948,park
Regan Park,-33.9294917,150.9526682,park
Regent Street Reserve,-33.8859781,151.2283588,park
Regents Park Christian School,-33.8813117,151.0274873,school
Regents Park Public School,-33.885518,151.024693,school
Regents Park Public School,-33.8851452,151.0243454,school
Regentville Public School,-33.777281,150.668299,school
Regina Coeli Catholic Primary School,-33.9465709,151.0796717,school
Reginald Street Park,-33.8341088,151.2301247,park
Reid Park,-33.835557,151.2334101,park
Reid Park,-33.817893,151.0361405,park
Reids Flat Picnic Area,-34.0700233,151.0600111,park
Reliance Reserve,-33.9146097,151.0066806,park
Remembrance Gardens,-33.7758497,150.8070861,park
Remount Light Horse Memorial Park,-33.9589421,150.9544261,park
Renown Reserve,-33.9749745,151.086501,park
Renwick Street Playground,-33.8998534,151.1910716,park
Reserve 1010,-33.7247234,150.8493514,park
Reserve 1011,-33.7186766,150.8556702,park
Reserve 1012,-33.7201094,150.8608259,park
Reserve 1048,-33.6852796,150.894595,park
Reserve 1103,-33.7197474,150.8489852,park
Reserve 142,-33.7835436,150.9007312,park
Reserve 157,-33.7810805,150.9036135,park
Reserve 211,-33.7817369,150.9023955,park
Reserve 612,-33.7738457,150.8323967,park
Reserve 620,-33.7165543,150.9211278,park
Reserve 621,-33.7797612,150.8380378,park
Reserve 624,-33.7624172,150.8292525,park
Reserve 809,-33.7108271,150.9216762,park
Reserve 876,-33.7088235,150.8942406,park
Reserve 877,-33.7124976,150.8987188,park
Reserve 926,-33.6951064,150.8782535,park
Reserve 932,-33.7292664,150.862664,park
Reserve 95,-33.7831183,150.9042637,park
Reserve Park,-33.8309075,151.2422643,park
Reserve Street Road Reserve,-33.8365769,151.2190241,park
Reservoir Park,-33.9131993,150.9066304,park
Reservoir Park,-33.82376,151.2395765,park
Reservoir Park,-33.7305396,150.6295281,park
Reservoir Street Reserve,-33.8811053,151.2114925,park
Resolute Beach,-33.5848759,151.3070007,beach
Resolution Reserve,-33.7451369,150.9270209,park
Rest Park,-33.7000333,150.5633929,park
Retallack Park,-33.949593,150.8628424,park
Retreat Reserve,-33.7980265,151.2234363,park
Reverend Soo Park,-33.9209348,151.1848189,park
Revesby Flood Reserve,-33.9359965,151.0220102,park
Revesby Public School,-33.9444432,151.0171365,school
Revesby South Public School,-33.9605291,151.0173195,school
Rex Reserve,-33.9070435,150.9916287,park
Rhodes Foreshore Park,-33.8301061,151.0835,park
Rhodes Park,-33.8342169,151.0902229,park
Rhodes Street Reserve,-33.9540476,151.2279529,park
Rhondda Street Reserve,-33.8441504,150.9315787,park
Richard Healy Reserve,-33.7475324,151.1991153,park
Richard Johnson Anglican School,-33.7430429,150.836113,school
Richard Murden Reserve,-33.878327,151.1472013,park
Richard Podmore Reserve,-33.9430857,151.0667843,park
Richard Webb Reserve,-33.753326,151.0313929,park
Richards Close Reserve,-33.6158938,151.1546036,park
Richardson Park,-33.6053675,150.7548252,park
Richardson Place Reserve,-33.7797987,150.671332,park
Richardson Reserve,-33.9635588,151.0279276,park
Richmond High School,-33.6005549,150.746684,school
Richmond North Public School,-33.5805807,150.7168665,school
Richmond Park,-33.7960288,151.1000739,park
Richmond Park,-33.7489459,151.1556772,park
Richmond Park,-33.597981,150.7514141,park
Richmond Public School,-33.5990175,150.7574639,school
Richmond School of the Arts,-33.5979829,150.749719,school
Richmond Street Reserve,-33.818548,150.9724425,park
Richter Reserve,-33.7453295,151.1981116,park
Rickaby Park,-33.6267468,150.7941206,park
Riddell Park,-33.9322642,150.8417252,park
Riddle Reserve,-33.6538935,151.2901392,park
Ridge Park,-33.7732664,150.7945165,park
Ridgehaven Road Park,-33.9064733,150.6159325,park
Ridgeline Park,-33.7100986,150.9007582,park
Ridgeview Crescent Reserve,-33.8098108,150.7949036,park
Ridgeview Park,-33.6704186,150.8653489,park
Ringrose Public School,-33.8201812,150.9593905,school
Rita Harris Park,-34.026628,151.0584634,park
Ritchies,-34.0258159,151.1180637,supermarket
Ritchies Supa IGA,-33.8237916,151.2403688,supermarket
Rivendell School,-33.8322385,151.0980461,school
River Foreshore Reserve,-33.8118705,151.0090952,park
River Oak Circuit Reserve,-33.7076357,150.9457691,park
River Terrace,-33.8077927,150.9982149,park
Riverbank Park,-33.7068536,150.9010948,park
Riverbank Public School,-33.70445,150.8984606,school
Riverside Girls High School,-33.8400839,151.1414493,school
Riverside Park,-33.7477414,150.6784924,park
Riverstone High School,-33.679274,150.8754362,school
Riverstone IGA,-33.6785918,150.8608733,supermarket
Riverstone Public School,-33.6783604,150.8709955,school
Riverwood Park,-33.9495887,151.0463256,park
Riverwood Peace Park,-33.9437936,151.0478667,park
Riverwood Public School,-33.9472119,151.0465598,school
Rixon Hill Reserve,-34.0949622,150.801507,park
Rizal Park,-34.1011488,150.7924532,park
Rizal Park,-33.7597399,150.8329802,park
Robbins Park,-34.0154033,150.7486482,park
Robert Dunn Reserve,-33.6859942,151.3093136,park
Robert Gardener Reserve,-33.944239,151.065421,park
Robert Green Forest,-33.8013926,151.0301522,park
Robert Park,-33.7333837,151.031849,park
Robert Pymble Park,-33.7430459,151.1419699,park
Robert Townson High School,-34.0161803,150.8175313,school
Robert Townson Public School,-34.0169713,150.8194998,school
Roberta Street Park,-33.8217075,150.9392906,park
Roberts Park,-33.9270982,150.9482228,park
Roberts Park,-33.9125439,151.0577984,park
Roberts Reserve,-33.8642834,151.1400354,park
Roberts Reserve,-33.7241559,150.7897588,park
Robertson Park,-33.8438857,151.2828566,park
Robertson Street Reserve,-33.9612371,151.1310754,park
Robertswood  Park,-33.7407349,150.6274261,park
Robey Street Reserve,-33.9319491,151.1938295,park
Robin Hood Park,-33.7929977,150.9855786,park
Robin Place Reserve,-34.0484924,151.1247699,park
Robin Thomas Reserve,-33.8173125,151.012658,park
Robinson Park,-34.0755675,150.7908566,park
Robinson Park,-33.7733011,150.6799733,park
Robson Park,-33.8712133,151.143943,park
Robyn Kemmis Reserve,-33.8823842,151.1922595,park
Robyn Wiles Park,-33.7512036,150.7850312,park
Rochester Grove Reserve,-33.720927,150.9763272,park
Rochford Street Reserve,-33.9021855,151.1820944,park
Rock Farm Reserve,-33.7992576,151.0374615,park
Rockdale Express Mart,-33.9541443,151.1377481,supermarket
Rockdale Park,-33.9526284,151.1467867,park
Rockdale Primary School,-33.9525043,151.1414944,school
Rockdale Womens Sportsfields,-33.9536039,151.1491466,park
Rockleigh Park,-33.769976,151.0849503,park
Rodd Park,-33.865671,151.1486631,park
Rodeo Arena,-34.0605361,150.6845197,park
Rodney Reserve,-33.8747556,151.2833679,park
Rofe Park,-33.6804535,151.0992071,park
Roger Nethercote Park,-33.7747528,150.7282318,park
Roger Summers Reserve,-34.084497,151.1511196,park
Rogers Park,-33.5002391,151.3182896,park
Roland Reserve,-33.7317753,151.1166493,park
Roly Poly Hill,-33.7991981,151.0937234,park
Roma Reserve,-33.9705337,151.0338861,park
Romeo's Food Group,-33.8870186,151.2291805,supermarket
Romeo's Food Group,-33.8678081,151.2091566,supermarket
Romeo's Food Group,-33.8227964,151.1947257,supermarket
Romeo's Food Group,-33.7720878,150.8764628,supermarket
Romeo's Food Hall,-33.8944115,151.1959306,supermarket
Ron Dine Memorial Reserve,-34.0795847,150.6900716,park
Ron Gosling Reserve,-33.9320788,151.130404,park
Ron Payne Park,-33.7537121,151.0969113,park
Rona Street Reserve,-33.9657976,151.057415,park
Ronald Park,-33.8207388,151.1840637,park
Ronald Shores Park,-33.8764296,151.2247337,park
Ronald Shores Park,-33.8761729,151.22474,park
Rooty Hill Central Park,-33.775269,150.8428138,park
Rooty Hill High School,-33.7709767,150.8381212,school
Rooty Hill IGA,-33.7704322,150.843485,supermarket
Rooty Hill Primary School,-33.7692751,150.8404407,school
Ropes Crossing Public School,-33.7331854,150.7833547,school
Ropes Crossing Reserve,-33.7332683,150.7851458,park
Rorie Reserve,-33.9633554,151.0380551,park
Rose Avenue Reserve,-33.8321478,151.2133902,park
Rose Bay Beach,-33.8692865,151.2679864,beach
Rose Bay Park,-33.8695711,151.2535725,park
Rose Bay Public School,-33.8730121,151.2709509,school
Rose Bay Secondary College,-33.8783557,151.276111,school
Rose Park,-33.8950605,151.0131399,park
Rose Reserve,-34.0330364,150.8476496,park
Rose Street Playground,-33.8919586,151.1246395,park
Rose Terrace Park,-33.8824001,151.219262,park
Roseanne Reserve,-33.9387244,151.0695632,park
Rosebank Avenue Reserve,-33.692628,151.0182592,park
Rosebank College,-33.870309,151.1213724,school
Rosebank Park,-33.8759865,151.2202903,park
Rosedale Park,-33.9161732,150.9396943,park
Rosedale Reserve,-33.9019404,151.1032348,park
Rosehill Primary School,-33.8241891,151.0178759,school
Rosehill Public School Preschool,-33.8243073,151.0190855,school
Roselands Aquatic Centre,-33.9336768,151.0711667,park
Roselands Reserve,-33.746104,151.208221,park
Roselea Park,-33.7642682,151.0485673,park
Roselea Primary School,-33.7647372,151.0530057,school
Rosella Park,-33.9120884,150.8719077,park
Rosella Park,-33.8235874,151.0096527,park
Rosemeadow Public School,-34.1046621,150.7944389,school
Rosemeadow Reserve,-34.0976814,150.8010478,park
Rosevale Reserve,-34.0467111,150.742846,park
Roseville Chase Community Park,-33.7788175,151.1945176,park
Roseville College,-33.7844539,151.1825774,school
Roseville Memorial Park,-33.7858021,151.1777756,park
Roseville Park,-33.7762287,151.1807453,park
Roseville Public School,-33.7818808,151.1886875,school
Rosewood Park,-33.990634,150.8977546,park
Rosewood Park,-33.990493,150.8978858,park
Rosford Street Reserve,-33.843659,150.9286997,park
Rosherville Lighthouse Reserve,-33.812184,151.2466635,park
Rosherville Reserve,-33.8151903,151.2478798,park
Rosina Park,-33.8729937,150.9343578,park
Roslyn Park,-33.7304013,151.0344721,park
Ross Reserve,-34.0197548,151.0305096,park
Ross Street Reserve,-33.8811733,151.181288,park
Ross Street Reserve,-33.7972039,151.2494926,park
Rosslyn Blay Park,-33.8075528,151.008378,park
Rossmore Grange,-33.9221178,150.7596939,park
Rossmore Public School,-33.9465584,150.770887,school
Rostrevor Reserve,-33.6456884,151.2816092,park
Rotaract Hill,-33.7734595,150.9342971,park
Rotaract Park,-34.174767,150.6085466,park
Rotary Park,-34.0782526,150.6941541,park
Rotary Park,-33.9841997,151.1433897,park
Rotary Park,-33.9441694,151.0570348,park
Rotary Park,-33.9421385,151.0573567,park
Rotary Park,-33.9209863,151.0002427,park
Rotary Park,-33.8831932,151.1241471,park
Rotary Park,-33.8110966,151.0060044,park
Rotary Park,-33.7838832,151.0948723,park
Rotary Park,-33.7749212,150.7112807,park
Rotary Reserve Camden,-34.0633163,150.6931618,park
Rothwell Park,-33.8599334,151.1047716,park
Rotolactor Park,-34.1244061,150.7403463,park
Rounce Reserve,-33.7529392,151.2162541,park
Rouse Hill Anglican College,-33.6840658,150.9064279,school
Rouse Hill High School,-33.6865668,150.9308119,school
Rouse Hill Public School,-33.6792121,150.9209748,school
Rowanbrae Reserve,-33.7339975,150.9533544,park
Rowe Playground,-33.9093738,151.140129,park
Rowland Hassall School,-33.8677285,150.9887874,school
Rowland Park,-33.9313315,151.2278232,park
Rowley Park,-33.9015033,150.9689304,park
Roy Dudley Park,-33.6930584,150.9403661,park
Roy Godfrey Reserve,-33.8465981,151.0131712,park
Royal Hospital for Women Park,-33.8824286,151.2254688,park
Royal National Park Environmental Education Centre,-34.0640732,151.0579851,school
Royal North Shore Hospital School,-33.820685,151.19079,school
Rozelle Parklands,-33.8705079,151.172574,park
Rozelle Public School,-33.8625747,151.1697262,school
Rubie Reserve,-33.9713895,151.2526291,park
Ruby Wing Reserve,-33.969,151.0752217,park
Rudd Park,-33.9049163,151.0914801,park
Rudelle Reserve,-33.9001373,151.0264945,park
Rumbalara Environmental Education Centre,-33.428082,151.347464,school
Runway Park,-33.5044994,151.3248019,park
Rupertswood Park,-33.7752445,150.8215325,park
Ruse Park,-33.9295922,151.0342508,park
Ruse Park,-33.9261374,151.0350546,park
Ruse Public School,-34.0670031,150.8416389,school
Ruse-Satsukina Park,-34.077549,150.8341358,park
Rushcutters Bay Park,-33.8747864,151.2309553,park
Russel Street Reserve,-33.8755609,151.0948393,park
Russel Walker Reserve,-33.7892764,151.0016508,park
Russell Copeman Park,-33.9755433,150.8594116,park
Russell Lea Public School,-33.8614096,151.1425565,school
Ruth Street Park,-33.8354767,150.9756263,park
Rutherford Avenue Reserve,-33.7193148,150.9501485,park
Rutherford Park,-33.7997273,151.0769118,park
Ryan Avenue Reserve,-33.9393877,151.2508795,park
Ryan Park,-33.8980758,151.1657752,park
Ryan Reserve,-33.8704885,150.9913658,park
Ryan Reserve,-33.761005,151.2673804,park
Ryan Street Reserve,-33.8721744,151.1679179,park
Rydalmere East Public School,-33.8168958,151.0581587,school
Rydalmere Park,-33.8136828,151.0402543,park
Rydalmere Public School,-33.8143359,151.044681,school
Ryde East Public School,-33.8070564,151.1258702,school
Ryde Garden Central Park,-33.7954758,151.1375978,park
Ryde Park,-33.8144284,151.1096596,park
Ryde Public School,-33.8124663,151.1080996,school
Ryde Secondary College,-33.813362,151.1191561,school
Ryde Swim School,-33.8069752,151.106759,school
Ryrie Reserve,-33.7631304,151.205152,park
Rysdyk Parade Playground,-33.4277799,151.4393773,park
SCEGGS,-33.8762551,151.2182869,school
SJ Harrison Park,-33.9321991,151.1188725,park
ST Asian Grocery,-33.941285,151.1013902,supermarket
SUPA IGA,-33.8910075,151.136873,supermarket
SUPA IGA Summer Hill,-33.8909576,151.1370778,supermarket
Saber St Reserve,-33.8902113,151.2473678,park
Sackville North Memorial Park,-33.4829763,150.8875534,park
Sackville Street Public School,-34.011078,150.8635845,school
Sacred Heart Catholic Primary School,-33.9586644,151.2323813,school
Sacred Heart Catholic Primary School,-33.8888237,150.9753968,school
Sacred Heart Catholic Primary School,-33.7390736,151.1373697,school
Sacred Heart Catholic Primary School Mosman,-33.8248661,151.2360341,school
Sacred Heart Catholic School,-33.8903843,150.9369511,school
Sacred Heart Primary School,-33.8132161,150.9866665,school
Sacred Heart Primary School,-33.7742697,150.8138718,school
Sacred Heart Primary School,-33.6752768,151.3014625,school
Sacred Heart Primary Westmead,-33.8047008,150.983568,school
Saddlier Park,-33.8657752,150.9165134,park
Sadleir Park,-33.9178105,150.8943554,park
Sadleir Public School,-33.9158449,150.8909372,school
SaengSeng Mart Korean Groceries,-33.8070987,151.0044194,supermarket
Sai Grocery Mart,-33.8198898,151.0079601,supermarket
Saint Aloysius College Junior School Campus,-33.8465032,151.2138111,school
Saint Benedict's Catholic College,-34.0176351,150.7528063,school
Saint Charles' Primary School,-33.8990941,151.2533021,school
Saint Clare's College,-33.8985828,151.2534152,school
Saint Felix Primary School,-33.9074334,151.0349299,school
Saint Gerards Catholic Primary School,-33.7652224,151.0497912,school
Saint Ignatius' (Junior) College,-33.8224896,151.1563513,school
Saint Ignatius' College,-33.8268455,151.1568493,school
Saint Johns Park High School,-33.873348,150.8912491,school
Saint Johns Reserve,-33.8727378,151.0241642,park
Saint Malo Reserve,-33.8320118,151.1455947,park
Saint Mary MacKillop Place,-33.906169,151.2463497,park
Saint Mary Mckillop Reserve,-33.9137151,151.1167578,park
Saint Mary's Catholic Primary School,-33.8999412,151.1875005,school
Saint Michael's Primary School,-33.8190267,151.1697058,school
Saint Patrick’s Catholic Primary School,-33.9679052,151.1355366,school
Saint Therese School,-33.9204439,150.8864559,school
Sainty Park,-33.7209285,151.1270455,park
Sakura Supermarket,-33.7914833,151.0810443,supermarket
Salamah College,-33.8757845,151.0058336,school
Salamaua Park,-33.957579,150.950034,park
Salerwong Reserve,-33.8002998,151.1166711,park
Sales Park,-33.8815371,150.6880095,park
Salmon Playground,-33.901034,151.1778089,park
Salmon Reserve,-33.9270981,151.0478584,park
Salt Pan Creek Reserve,-33.9447288,151.0474686,park
Salter Park,-33.794586,151.0995274,park
Salter Reserve,-34.0331628,150.7327692,park
Salton Reserve,-33.8545637,151.1626658,park
Saltpan Reserve,-33.5490626,151.2100075,park
Sam Fizman Park,-33.8932822,151.2835256,park
Sam Taylor Reserve,-33.8433335,150.9941038,park
Sam's Supermarket,-33.8957301,150.9025452,supermarket
Samoa Reserve,-33.9714084,151.0029465,park
Samuel Foster Reserve,-33.7633539,150.7325328,park
Samuel Gilbert Public School,-33.7131176,150.9920272,school
Samuel King Park,-33.7106951,151.1469392,park
Samuel Marsden Reserve,-33.7865111,150.7594193,park
Samuel Oxley Park,-33.7444474,151.0515148,park
Samuel Park,-33.8578087,151.2781309,park
Samuel Terry Public School,-33.7133026,150.7087336,school
Sanananda Park,-33.9518349,150.9487815,park
Sanctuary Park,-33.7215389,151.0750217,park
Sandakan Park,-33.694084,151.1492472,park
Sandal Crescent Reserve,-33.884728,150.9587623,park
Sandal Park,-33.8856272,150.9590558,park
Sanders Park,-33.8072508,151.19847,park
Sanders Reserve,-33.8793421,151.0977651,park
Sandhurst Crescent Reserve,-33.7120451,151.0082349,park
Sando Reserve,-33.9023174,151.1006028,park
Sandra Street Park,-33.8436376,150.962515,park
Sandy Beach,-33.6039648,151.3187563,beach
Sandy Brennan Reserve,-33.7464564,150.6832096,park
Sandy Point Reserve,-33.9803281,150.993728,park
Sanfa Supermaket,-33.8940227,150.935805,supermarket
Sangrado Reserve,-33.798729,151.2400015,park
Sans Souci Park,-34.0037956,151.1267194,park
Sans Souci Public School,-33.9949985,151.1292075,school
Santa Maria del Monte,-33.8752943,151.0925914,school
Santa Rosa Park,-33.7959139,151.1075038,park
Santa Sabina College,-33.8775802,151.0951967,school
Santa Sophia Catholic College,-33.6247904,150.9083774,school
Sarah Peninton Reserve,-33.8777196,151.1874396,park
Sarah Redfern High School,-34.026782,150.85088,school
Sarah Redfern Playing Fields,-34.0254949,150.8518951,park
Sarah Redfern Primary and High Schools,-34.0270195,150.8511007,school
Sarah Redfern Public School,-34.0277761,150.8514568,school
Sarah Rose Reserve,-34.0582641,150.7677138,park
Satelberg Park,-33.9605555,150.9507652,park
Saunders Park,-33.7990346,150.7824282,park
Saw Pit Park,-33.7785618,151.1456713,park
Scahill Street Reserve,-33.9229447,151.1089209,park
Scarborough Beach,-34.27449,150.9592849,beach
Scarborough Park,-33.9745365,151.1427521,park
Scarborough Park,-33.7585203,150.9511831,park
Scarborough Public School,-34.2661487,150.9660368,school
Scarbourgh Park East,-33.9766397,151.1434969,park
Schaefer Park,-33.8140506,151.0292888,park
Schell Park,-33.9124987,150.9150727,park
Schoeffel Park,-33.9417515,150.843284,park
Schofields Park,-33.6939542,150.873832,park
Schofields Public School,-33.693105,150.8752062,school
Schultz Street Reserve,-33.776836,150.781565,park
Scientia Lawn,-33.9178886,151.2328786,park
Scoop wholefoods,-33.8242259,151.2409117,supermarket
Scott Crescent Reserve,-33.7825831,151.1963162,park
Scott Park,-34.0023341,151.1357534,park
Scott Park,-34.0002343,151.1366358,park
Scott Park,-33.9320254,151.0610793,park
Scott Street Plaza Bank Area,-33.8669041,151.1927249,park
Scout Memorial Park,-33.8373358,151.0097062,park
Scribbins Park,-34.0295828,151.0954847,park
Scribbly Gum Park,-33.6494982,151.107962,park
Seabrook Reserve,-33.4485877,151.3220097,park
Seaforth Park,-33.9544619,151.1291189,park
Seaforth Public School,-33.7932663,151.2512307,school
Seaforth Public School,-33.7916306,151.2482716,school
Seamer Street Reserve,-33.8840749,151.1867585,park
Searle Park,-33.7911968,151.0419411,park
Seating Area and Garden,-33.9062421,151.1772027,park
Seaview Street Playground,-33.6527155,151.1395299,park
Secret Cove,-33.8416641,151.2181154,beach
Seddon Park,-33.9763446,150.8896798,park
Sedgwick Reserve,-34.0455597,150.7655078,park
Sefton High School,-33.8795469,151.0088101,school
Sefton Infants School,-33.8892373,151.0095574,school
Sefton fresh4less,-33.8861919,151.0116493,supermarket
Selkirk Park,-33.7668607,151.1619758,park
Selwyn Reserve,-33.7360257,151.1394155,park
Sensory Park,-33.4077228,151.3464797,park
Sequoia Park,-33.763059,151.1258385,park
Serpentine St Park,-33.8322365,150.9645884,park
Serviced Apartments Park,-33.9080998,151.2125956,park
Settlers Park,-33.8239237,151.0990218,park
Seven Hills High School,-33.7627149,150.9448569,school
Seven Hills North Public School,-33.759991,150.9549967,school
Seven Hills West Public School,-33.7660048,150.921567,school
Seven Shillings Beach,-33.8709958,151.248815,beach
Seville Reserve,-33.7783084,151.0176012,park
Seymour Shaw Park,-34.0305454,151.1009383,park
Seymour Street Reserve,-33.9782938,151.0890489,park
Shakespeare Drive Reserve,-33.8030573,150.7866977,park
Shakespeare Park,-33.8535765,150.9067435,park
Shakespeare Park,-33.6757135,150.6184279,park
Shale Hills,-33.9298254,150.8335608,park
Shale Hills Dog Park,-33.9290535,150.8377114,park
Shalvey Public School,-33.7266037,150.8094208,school
Shangke Asian Supermarket,-33.8990653,151.2129499,supermarket
Shannon Avenue Park,-33.8320728,150.9819844,park
Shannon Reserve,-33.8856866,151.214195,park
Shannon Reserve,-33.7737867,151.2223068,park
Shannons Paddock,-33.8046464,150.9774014,park
Shark Beach,-33.8504364,151.2665242,beach
Shark Park,-34.2937038,150.9443907,park
Sharky Beach,-34.296273,150.943306,beach
Shaun Brinklow Park,-33.4899807,151.4309041,park
Shaw Playground,-33.8258954,151.1703201,park
Shaw Reserve,-33.9221857,151.2335387,park
Shaw Reserve,-33.8430163,151.1040145,park
Shearer Park,-33.9061078,150.9652602,park
Shearwater Reserve,-33.6888834,151.2917898,park
Shell Park,-33.8375448,151.1838806,park
Shelley Beach,-34.0799531,151.1701542,beach
Shelley Public School,-33.789148,150.9177624,school
Shelly Beach,-33.8005227,151.2979356,beach
Shennan Walkway,-33.7640739,150.8215131,park
Shepherd Parade Reserve,-33.9360679,151.1309124,park
Shepherd Street Park,-33.7859703,150.7898131,park
Shepherd Street Reserve,-33.8896996,151.1946274,park
Sheppard Road Reserve North,-33.750982,150.6706001,park
Sheppard Road Reserve South,-33.7512478,150.6703356,park
Sherack Park,-34.0467014,150.8512377,park
Sherringham Road Fields,-33.7227903,150.7117111,park
Sherwin Park,-33.8024476,151.0118484,park
Sherwood Grange Public School,-33.836787,150.9600869,school
Sherwood Park,-33.7248519,150.8865369,park
Sherwood Ridge Public School,-33.7068053,150.9755708,school
Shiel Park,-34.0896269,150.8031984,park
Shipwrights Bay Reserve,-33.996904,151.1094911,park
Shire Christian School,-34.0353886,151.0104056,school
Shirley Street Reserve,-33.7810945,151.0482028,park
Shop 10,-33.7919648,150.9744824,supermarket
Shore Preparatory School,-33.8393772,151.2033314,school
Shore School,-33.8403403,151.2039188,school
Shore School War Memorial Playing Fields,-33.8083388,151.2063334,school
Short Street Reserve,-33.9028484,151.2068642,park
Shrike Reserve,-33.998897,150.8784268,park
Shun Hing Long Grocery,-33.9118402,151.1595806,supermarket
Sickles Creek Reserve,-34.0482403,150.662321,park
Sid Neville Reserve,-33.9508771,150.8592317,park
Sidings Park,-33.9200757,151.0481893,park
Sierra Place Reserve,-33.7671465,150.9601164,park
Sierra Road Reserve,-34.051119,150.9991375,park
Signal Hill Reserve,-33.8501072,151.2866594,park
Silkstone Park,-33.8410851,151.1107289,park
Silver Beach,-34.0075477,151.2037379,beach
Silver Beach Reserve,-34.008039,151.1990838,park
Silver Beach Reserve,-34.0075818,151.2112735,park
Silver Jubilee Park,-33.9399102,151.1295789,park
Silverleaf Park,-33.7054887,150.9042692,park
Silverwater Park,-33.8255315,151.0496361,park
Simeon Pearce Park,-33.9223373,151.2362983,park
Simmons Point Reserve,-33.8544725,151.1932165,park
Simmos Beach,-33.9993684,150.9118339,beach
Simmos Beach Recreation Reserve,-33.9992204,150.9066947,park
Simon Johnson,-33.9174552,151.1984281,supermarket
Simon Johnson Providore,-33.8889359,151.2352677,supermarket
Simpson Park,-33.9109994,151.1774916,park
Simpson Park,-33.9056314,151.2579581,park
Simpson Reserve,-33.9902474,151.0731793,park
Simpson Reserve,-33.782806,151.059568,park
Sinclair Park,-33.9152895,150.8986542,park
Sindel Park,-33.8951939,150.8872343,park
Sindel Reserve,-33.813778,151.0754007,park
Sing Kee Asian Grocery Store,-33.8180634,151.0038378,supermarket
Singer Park,-34.0007873,150.7262333,park
Singh Indian Continental Grocer,-33.4110349,151.3472001,supermarket
Singletons Reserve,-33.5355804,150.6685585,park
Sir David Martin Reserve,-33.8727819,151.2350735,park
Sir Douglas Mawson Reserve,-33.7401663,150.8386525,park
Sir Eric Woodward Memorial School,-33.7195835,151.1797422,school
Sir Henry Parkes Park,-33.7253635,150.4080848,park
Sir Joseph Banks High School,-33.9397087,151.0212017,school
Sir Joseph Banks Park,-33.9525067,151.1969803,park
Sir Phillip Game Reserve South,-33.7866908,151.1562597,park
Sir Robert Menzies Park,-33.7369425,151.1042789,park
Sir Thomas Mitchell Reserve,-33.7909241,151.0544153,park
Sir Thomas Stephens Reserve,-33.6445126,151.2845952,park
Sirius Park,-33.8402813,151.2369605,park
Sirius Reserve,-33.7558163,150.950791,park
Skeleton Rocks Reserve,-33.4357428,150.8870692,park
Skillinger Park,-33.9134714,150.882683,park
Skinner's Reserve,-33.8078664,151.289095,park
Skylark Crescent Reserve,-33.8003871,150.803155,park
Slater Reserve,-33.8678577,151.0770665,park
Slessor Place Reserve,-34.0922819,150.9992382,park
Slidey Park,-33.6322215,150.9066851,park
Smail Reserve,-33.8962411,151.0267695,park
Smalls Park,-33.7991178,151.1113128,park
Smalls Road Public School,-33.7998655,151.1101889,school
Smart College,-33.7353843,151.0035739,school
Smith Park,-33.9428078,151.0981458,park
Smith Park,-33.6702779,150.6776448,park
Smith Park,-33.5926518,150.7422732,park
Smith Reserve,-34.0578851,150.7552205,park
"Smith, Hogan & Spindler Parks",-33.8801644,151.1758461,park
Smithfield Public School,-33.853588,150.9334916,school
Smithfield West Public School,-33.857613,150.9178702,school
Smoothey Park,-33.8293822,151.1921431,park
Snape Park,-33.935209,151.2340911,park
Snape Park Playground,-33.9356554,151.232506,park
Snapperman Beach,-33.5980039,151.318238,beach
Snowy Park,-33.9112225,150.8875949,park
Snowy Reserve,-33.7934355,150.9284507,park
Sohrab Supermarket,-33.8514103,151.0332753,supermarket
Soiland Reserve,-34.0221664,150.8528946,park
Solander Playing Fields,-34.0375205,151.1367827,park
Solander Reserve,-33.7554873,150.9451292,park
Solar Avenue Reserve,-33.7562187,150.9577152,park
Soldiers Memorial Park,-33.7394141,151.1525329,park
Soldiers Road Oval,-34.0166709,151.0607284,park
Soldiers settlement reserve,-33.7797445,150.9363181,park
Solo Reserve,-33.8536808,150.9512701,park
Somerset Park,-33.7665323,151.0986641,park
Somerset Reserve,-33.743657,151.0017835,park
Somerville Park,-33.7832043,151.0853485,park
Sorlie Avenue Reserve,-33.772127,151.0017552,park
South Bronte Reserve,-33.907443,151.2693168,park
South Coogee Public School,-33.9333371,151.254073,school
South Creek Park,-33.7676777,150.7677329,park
South Creek Recreation Precinct,-33.7634037,150.7674612,park
South Creek School,-33.6776511,150.8757386,school
South End Point Park,-33.4721971,151.4373694,park
South Era Beach,-34.1811228,151.0533147,beach
South Goldstein Reserve,-33.9219331,151.2571369,park
South Maroota Reserve,-33.5038249,150.9561442,park
South Maroubra Village Green,-33.9510342,151.2495022,park
South Park,-33.9115086,150.9514722,park
South Sydney High School,-33.9441477,151.234376,school
South Windsor Park,-33.62488,150.8044835,park
Southern Corridor West,-33.9783343,150.8609813,park
Southern Cross Baptist Church Christian School,-34.0602151,151.0058091,school
Southern Cross Drive Reserve,-33.9224221,151.2122162,park
Southern Hilltop Park,-34.1126366,150.758731,park
Southside Montessori School,-33.9522193,151.0448345,school
Spain Reserve,-33.7204878,151.0089295,park
Spains Wharf,-33.842325,151.2216767,park
Spar,-33.892622,151.1995018,supermarket
Spar,-33.8046955,151.0126833,supermarket
Sparks Street Reserve,-33.933836,151.2006796,park
Speers Road Reserve,-33.7873723,151.0036084,park
Spence Park,-34.1131478,150.7990408,park
Spence Park,-33.7597413,150.7044495,park
Spencer Park,-33.8784549,151.0302112,park
Spica Place Reserve,-33.8085283,150.8028339,park
Spices of Asia,-33.8150845,151.169843,supermarket
Spinks Road Reserve,-33.5399087,150.7939358,park
Spit East Reserve,-33.804638,151.2464481,park
Spit East Reserve,-33.8038289,151.2463136,park
Spitfire Park,-34.020368,150.822217,park
Spoon Bay Beach,-33.4198653,151.458961,beach
Spooner Park,-33.97511,151.132191,park
Spring Farm Public School,-34.0696478,150.7154952,school
Springbrook Boulevard Reserve,-33.6830796,150.9445238,park
Springfield Shopping Centre,-33.4318618,151.3646428,supermarket
Springvale Reserve,-33.7467634,151.2185357,park
Springwood High School,-33.6850591,150.5505927,school
Springwood Park,-33.6987819,150.5667853,park
Springwood Public School,-33.7046179,150.5734579,school
Spyglass Park,-33.8407241,151.1094255,park
Square Reserve,-33.8777718,151.1518664,park
St Agathas Catholic Primary School,-33.7388939,151.0667949,school
St Agnes Catholic High School,-33.7822204,150.8486711,school
St Aidan's Catholic Primary School,-33.9415663,151.2422117,school
St Aidan's Primary School,-33.7652674,150.8380959,school
St Aloysius Catholic Primary School,-34.0574452,151.1532845,school
St Aloysius Oval,-33.7938129,151.2069944,park
St Ambrose Catholic Primary School,-33.8497842,151.0868248,school
St Andrew's Primary School,-33.9641503,151.2472439,school
St Andrews Cathedral School,-33.8738021,151.205592,school
St Andrews College Senior Campus,-33.7490081,150.8890778,school
St Andrews Park,-34.0234296,150.832497,park
St Andrews Park,-33.9439572,150.9155192,park
St Andrews Public School,-34.0224491,150.8313513,school
St Angela's Primary School,-33.7168278,150.9719791,school
St Anthony of Padua Catholic College,-33.9310783,150.8079388,school
St Anthony's Catholic Primary School,-33.781078,151.1021387,school
St Anthony's College,-33.8564867,150.9869808,school
St Anthony's Primary School,-33.7922035,150.9502848,school
St Anthonys Catholic Primary School,-33.9107306,151.2583128,school
St Augustine's College,-33.7593103,151.271251,school
St Bernadette's Primary School,-33.7910432,151.0501167,school
St Bernadette's Primary School,-33.732033,151.0121716,school
St Bernard's Primary School,-33.6143644,151.143596,school
St Bishoy Coptic Orthodox College,-33.7622087,150.8273585,school
St Brendan's Catholic Primary School,-33.922004,151.0286293,school
St Brendan's Catholic Primary School,-33.8842562,151.1707069,school
St Brigid's Catholic Primary School,-33.9200242,151.2528266,school
St Brigid's Catholic Primary School,-33.9102324,151.1526374,school
St Brigids Catholic Primary School,-33.9199093,151.2530308,school
St Catherine Labouré Primary School,-34.0369733,151.0839337,school
St Catherine of Siena Catholic Primary School,-33.9526055,150.8672479,school
St Catherine's School,-33.9039978,151.2555837,school
St Cecilia’s Catholic Primary School Balhowlah,-33.7961778,151.2582368,school
St Charles Catholic Primary School,-33.819289,151.1151647,school
St Christopher's,-33.9528414,150.9516297,school
St Christophers Catholic Primary School,-33.957189,150.996829,school
St Clair High School,-33.7950688,150.7859512,school
St Clair Public School,-33.7960546,150.7864512,school
St Clare's Catholic High School,-33.7344675,150.8404448,school
St Clare's Catholic Primary School,-34.0489758,150.7461711,school
St Columba's Primary School,-33.8791073,151.1525332,school
St Crispens Green,-33.7795776,151.1420434,park
St Declan's Catholic Primary School,-33.9627648,151.0869109,school
St Dominic Savio School,-33.9509534,151.1491029,school
St Dominic's College,-33.7538435,150.7149114,school
St Edmund's College,-33.7136002,151.126615,school
St Edwards Christian Brothers College,-33.4390693,151.3479261,school
St Elmo Park,-34.0660402,150.8255044,park
St Euphemia College,-33.9190672,151.0393562,school
St Fiacre's Primary School,-33.8841998,151.1617577,school
St Finbar's Catholic Primary School,-33.9922743,151.1292587,school
St Finbar's Primary School,-33.7613394,150.6190671,school
St Francis Catholic College,-33.9627222,150.8539284,school
St Francis Xavier,-33.9332831,150.8992613,school
St Francis Xavier's Primary School,-33.8969441,151.1143578,school
St Francis Xavier's School,-33.9396438,151.1466568,school
St Francis de Sales Primary School,-34.0523572,151.1421472,school
St Francis of Assisi Primary School,-33.7369745,150.8521871,school
St Gabriel Catholic Primary School Bexley,-33.9481702,151.1217006,school
St Gabriel's School for Hearing Impaired Children,-33.7402039,150.9985071,school
St George Christian School,-33.9717567,151.1113717,school
St George Christian School Infants Campus,-33.9869101,151.134867,school
St George Girls High School,-33.9590768,151.1360124,school
St George Hospital School,-33.96671,151.13399,school
St George School,-33.9691306,151.1381865,school
St Georges Reserve,-33.8545169,151.1617524,park
St Gertrude's Catholic Primary School,-33.8546651,150.938756,school
St Helens Park,-34.1017819,150.8040757,park
St Helens Park Public School,-34.1102234,150.8040279,school
St Hurmizd Assyrian Primary School,-33.8709344,150.8913549,school
St Ives High School,-33.740239,151.1663673,school
St Ives Memorial Park,-33.7305459,151.160476,park
St Ives North Public School,-33.7186763,151.1636186,school
St Ives Park Public School,-33.724039,151.1787657,school
St Ives Primary School,-33.7384331,151.1667104,school
St James Catholic Primary School,-33.8794858,151.1850596,school
St James Park,-34.2929284,150.9429429,park
St James Park,-33.8800794,151.1844132,park
St James Reserve,-33.8920825,151.2426066,park
St Jerome's Catholic Primary School,-33.9276028,151.0546698,school
St Joachim's Catholic Primary School,-33.8630444,151.0461251,school
St Joan of Arc Catholic Primary School,-33.8790647,151.139278,school
St John Bosco Catholic Primary School,-34.0664254,151.0080665,school
St John Bosco College,-34.0641788,151.0074697,school
St John Paul II Catholic College (Nirimba),-33.7254959,150.8805734,school
St John Paul II Catholic College (Schofields),-33.7055937,150.8921141,school
St John The Apostle Catholic Primary School,-33.7506372,151.273528,school
St John The Evangelist Primary School,-34.0695078,150.8171765,school
St John Vianney Primary School,-33.9041138,151.0590994,school
St John Vianney's Catholic Primary,-33.7582568,150.8724842,school
St John the Baptist Catholic Primary School,-33.7755074,151.2833288,school
St John's Catholic Primary School,-33.8480758,151.030422,school
St John's Church Grounds,-33.881768,151.1277812,park
St John's Park,-34.0566804,150.6972152,park
St John's Pre-School,-33.88204,151.1273521,school
St John's Primary School,-33.6753842,150.8716923,school
St Johns Park,-34.0814484,150.8207006,park
St Johns Park,-33.8840105,150.894814,park
St Johns Park Public School,-33.8872101,150.899274,school
St Joseph Trades Skills Centre,-33.92545,150.8565189,school
St Joseph the Worker Catholic Primary School,-33.8650226,151.0245744,school
St Joseph's Catholic College,-33.4377744,151.3476218,school
St Joseph's Catholic Primary School,-34.0093969,151.0724319,school
St Joseph's Catholic Primary School,-33.9517601,151.0542051,school
St Joseph's Catholic Primary School,-33.9274163,150.9549278,school
St Joseph's Catholic Primary School,-33.9238235,151.089388,school
St Joseph's Catholic Primary School,-33.7127203,151.2994,school
St Joseph's Primary,-33.705506,150.8884614,school
St Joseph's Primary School,-33.9819691,151.0823918,school
St Joseph's Primary School,-33.7571872,150.7221432,school
St Josephs College,-33.8316868,151.1392029,school
St Josephs Primary School,-33.8883466,151.1006776,school
St Jude's Crescent Park,-33.9242567,151.0968208,park
St Justin's Catholic Parish Primary School,-34.0174189,150.7507978,school
St Kevin's Primary School,-33.7897299,151.079018,school
St Kevins Primary School,-33.7544441,151.2903627,school
St Kieran's Catholic Primary School,-33.7821567,151.2671189,school
St Leo's Catholic College,-33.7151245,151.1046037,school
St Leonards Park,-33.8312719,151.210622,park
St Lucy's School,-33.7168638,151.1207194,school
St Luke's Catholic Primary School,-33.9455978,151.0169604,school
St Luke's Grammar School Bayview Campus,-33.6579207,151.2952897,school
St Lukes Catholic College,-33.6981706,150.8177915,school
St Lukes Grammar,-33.7593344,151.2833767,school
St Madeleine's Primary School,-33.6823014,151.0026705,school
St Margaret Mary's Catholic Primary School,-33.9053133,151.2448642,school
St Margaret Mary's Primary School,-33.8356797,150.9817727,school
St Mark's Primary School,-33.8558153,151.1539588,school
St Marks Coptic Orthodox College,-33.955264,150.943066,school
St Maroun's School,-33.9093526,151.1451669,school
St Martha's Catholic Primary School,-33.8739812,151.0873161,school
St Martin's Catholic Primary School,-33.7413055,151.1983137,school
St Mary & St Mina's Coptic Orthodox College,-33.9463886,151.1273501,school
St Mary MacKillop Primary School,-33.7786653,150.7067365,school
St Mary St Joseph Catholic Primary School,-33.9472393,151.2522703,school
St Mary and St Mina's Coptic Orthodox College - Rockdale Campus,-33.9542614,151.1349844,school
"St Mary's Cathedral College, Sydney",-33.8714561,151.2140927,school
St Mary's Catholic Primary School,-33.9101218,150.9831219,school
St Mary's Catholic Primary School,-33.8678745,151.1019991,school
St Mary's Catholic School,-33.7951199,151.2863646,school
St Mary's Primary School,-33.8323546,151.2072085,school
St Mary's Star of the Sea,-33.9605208,151.1121892,school
St Marys North Public School,-33.7562384,150.7825792,school
St Marys Public School,-33.7683743,150.7706502,school
St Marys Senior High School,-33.7631113,150.7699867,school
St Marys South Public School,-33.7799912,150.7763671,school
St Matthew's Primary School,-33.6090456,150.8158019,school
St Mel's Primary School,-33.9114956,151.1057835,school
St Michael's Catholic Primary School,-33.9293127,151.2260246,school
St Michael's Catholic Primary School,-33.9013951,151.0888372,school
St Michael's Catholic Primary School,-33.8124661,151.0874946,school
St Michael's Primary Catholic School,-33.8920411,151.1650713,school
St Michael's Primary School,-33.7901408,150.8996614,school
St Michael's Primary School,-33.7428541,150.9794007,school
St Monica's Primary School,-33.7934422,151.0008265,school
St Monica's Primary School,-33.5997443,150.7592823,school
St Narsai Assyrian Christian College,-33.8425033,150.8296016,school
St Neots Reserve,-33.8673908,151.2252449,park
St Nicholas of Myra Primary School,-33.7557556,150.6997524,school
St Oliver's Primary School,-33.8245186,151.0089866,school
St Patrick's Catholic Primary School,-33.8939788,151.1330118,school
St Patrick's Catholic Primary School,-33.8461651,151.108117,school
St Patrick's Catholic Primary School,-33.6876159,151.109693,school
St Patrick's College Strathfield,-33.8744093,151.0755725,school
St Patrick's College Sutherland,-34.0333794,151.0611457,school
St Patrick's Marist College,-33.8005321,151.0478759,school
St Patrick's Primary School,-33.8071125,151.0036187,school
St Patricks College,-34.0782767,150.8247159,school
St Patricks Primary School,-33.8546865,150.9803439,school
St Paul the Apostle Catholic Primary School,-33.777043,150.9731139,school
St Paul's Catholic College Manly,-33.8056552,151.2920107,school
St Paul's Catholic Primary School,-34.0528187,150.6959609,school
St Paul's Grammar School,-33.6897354,150.7182801,school
St Pauls Catholic College,-33.820154,150.9521332,school
St Peter Chanel Catholic Primary School,-33.8790054,151.0276136,school
St Peter's Green,-33.80549,151.1632078,park
St Peter's Park,-33.8414407,151.2062688,park
St Peters Anglican Primary School,-34.0665991,150.8178274,school
St Peters Public School,-33.912985,151.1766721,school
St Philip's Christian College Gosford Campus,-33.4084206,151.3344759,school
St Pius' Catholic Primary School,-33.9070823,151.1739725,school
St Raphael's Primary Catholic School,-33.9756251,151.1112134,school
St Rose Catholic Primary School,-33.7262355,151.2859435,school
St Sava College,-33.9927969,150.8088022,school
St Scholastica's College,-33.876061,151.1803336,school
St Spyridon,-33.9250143,151.2241907,school
St Spyridon High School,-33.9550945,151.2438095,school
St Therese Catholic Primary School,-33.962695,151.031166,school
St Therese's Catholic Primary School,-33.9166236,151.0780534,school
St Therese's Catholic Primary School,-33.7977715,151.0940691,school
St Thomas Aquinas Primary School,-33.6800038,150.5898442,school
St Thomas More School,-34.0805355,150.8252517,school
St Thomas Rest Park,-33.8237541,151.2064613,park
St Thomas Willoughby,-33.7962773,151.200123,school
St Ursula's College,-33.9410501,151.1031959,school
St Vincent's College,-33.8697036,151.2239469,school
St Vincent's College Ashfield,-33.8852373,151.1248137,school
St Vincent's Primary School,-33.8858843,151.1258942,school
St Vincents Playground,-33.8273466,151.1857809,park
St. Benards Catholic Primary School,-33.9452343,151.2002959,school
St. Gregory's College,-34.0368938,150.7864148,school
Standfield Park,-33.9223427,151.1897105,park
Stanley Park,-33.5072247,150.799268,park
Stanmore Public School,-33.8957039,151.1648311,school
Stanwell Park Beach Reserve,-34.228022,150.9886421,park
Stanwell Park Public School,-34.2287321,150.984528,school
Stargazing Park,-33.6270959,150.9019204,park
Starkey Reserve,-33.7779218,151.2213519,park
Starling Park,-33.9052703,150.873897,park
Starr Reserve,-33.9630746,151.0328718,park
Startop Reserve,-34.0889792,150.797502,park
Station Park,-33.9286448,151.1548829,park
Station Street Reserve,-33.9271732,151.1613203,park
Steam Roller Park,-33.9813743,151.060249,park
Steamroller Park,-33.7547316,150.7217525,park
Steel Park,-33.9208218,151.145112,park
Stell Reserve,-33.9678906,151.1249409,park
Stell Reserve,-33.9344111,151.0492547,park
Stella Maris College - Benedict Campus,-33.786363,151.2814317,school
Stella Maris College - Main Campus,-33.7864734,151.285275,school
Stella Park,-33.869869,150.9389468,park
Stephen Street Playground,-33.8599137,151.1863997,park
Steve Folkes Reserve,-33.9069557,150.9949996,park
Stevens Park,-33.9749765,151.1332565,park
Stevens Reserve,-33.9785706,151.0712916,park
Stevens Reserve,-33.9217483,151.038636,park
Stevenson's Reserve,-33.870379,151.1310272,park
Stewart House School,-33.7734225,151.2908726,school
Stewart Park,-33.7734263,151.1010331,park
Stewart Park,-33.7394948,150.7109445,park
Stewart Street Pocket Park,-33.8880204,151.2281584,park
Stewart Street Reserve,-33.8880142,151.2285263,park
Stewart Street Reserve,-33.8732646,151.1828423,park
Steyne Park,-33.8735523,151.2415113,park
Stiller Reserve,-33.9082208,151.0453959,park
Stimson Reserve,-33.864804,151.1730065,park
Stirgess Reserve,-33.7676357,151.2871438,park
Sto Nino Oriental Mini Mart,-33.7629007,150.774815,supermarket
Stockdale Reserve,-33.8714001,150.8677969,park
Stockmans Drift Reserve,-34.0541271,150.7692551,park
Stoddart Park,-33.7080776,150.9170127,park
Stoddart Reserve,-33.7457011,151.2835506,park
Stonehead Reserve,-34.0605475,150.8402281,park
Stoney Park,-33.4924805,151.3143369,park
Storey Park,-33.8633459,151.1320527,park
Storey Park,-33.6893505,151.1012698,park
Stradbroke Reserve,-33.9081176,150.8630764,park
Strangers Creek Park,-33.7308323,150.9611536,park
Stratford Park,-33.4381006,151.4110855,park
Strathfield Girls High School,-33.8739167,151.0845566,school
Strathfield North Public School,-33.854517,151.0920181,school
Strathfield Office - NSW Department of Education,-33.8722238,151.0861091,school
Strathfield Park,-33.884276,151.0830498,park
Strathfield South High School,-33.8853645,151.0710347,school
Strathfield South Public School,-33.8907643,151.0845804,school
Strickland House Estate,-33.8558713,151.268063,park
Strickland Park,-33.8878522,151.1996457,park
Stringer Road Sports Complex Reserve,-33.6767548,150.9435615,park
Stringybark Reserve,-33.8091723,151.1694621,park
Stromboli Park,-33.8313976,151.0756677,park
Stromeferry Reserve,-34.0315128,150.8259006,park
Stromlo Reserve,-34.0670018,150.844657,park
Strong Memorial Reserve,-33.8878014,151.230451,park
Strong Park,-33.9037311,150.9660512,park
Stuart Mould Park,-33.7582638,150.9284743,park
Stuart Park,-33.9896892,151.1092074,park
Stuart Road Playground,-33.7472597,150.8151602,park
Stuart Street Reserve,-33.9451616,151.0378252,park
Studley Park,-33.8868973,150.964878,park
Sturt Park,-33.7980849,151.0449916,park
Sturt Reserve,-33.9146928,150.9941504,park
Style Street Reserve,-33.8828763,151.1661555,park
Style Street Reserve,-33.8825668,151.1663692,park
Suffolk Avenue Reserve,-33.7390561,151.2958185,park
Sugar Works Reserve,-33.8382632,151.1946651,park
Sullivan Park,-33.9292205,150.8956202,park
Sulman Park,-33.7152636,151.1163237,park
Summer Hill Organic Fruit Market,-33.8953301,151.1397938,supermarket
Summer Hill Public School,-33.8958176,151.1358071,school
Summerhayes Park,-33.6756963,150.6006711,park
Summit Asian Supermarket,-33.8926218,151.2481591,supermarket
Sun Valley Park,-33.44538,151.3736091,park
Sun Valley Pre-School Kindergarten,-33.7473988,151.0273332,school
Sun Valley Reserve,-33.7059947,150.5937394,park
Sunbird Terrace Reserve,-33.7945238,150.6767236,park
Suncroft Reserve,-33.9126854,151.0041634,park
Sunlea Avenue Reserve,-33.9648107,151.0705703,park
Sunnyhurst Reserve,-33.9662796,151.0898924,park
Sunnyside Reserve,-34.0397337,151.1225721,park
Sunset Reserve,-33.9303978,150.8917863,park
Supa IGA,-33.698298,150.9411644,supermarket
Supabarn,-33.9930278,151.1320039,supermarket
Supabarn,-33.8829727,151.1748023,supermarket
Supamart,-33.8761678,151.1779475,supermarket
Supamart IGA,-33.7745185,151.1695608,supermarket
Supamart IGA Cremorne,-33.8286756,151.2299385,supermarket
Super Orange,-33.7967283,151.1824076,supermarket
Supersave Market,-33.8959102,150.9017198,supermarket
Surfrider Gardens,-33.7183544,151.2991271,park
Surgeon Park,-34.023654,150.8551924,park
Surgeon White Reserve,-33.733616,151.177855,park
Surrey Reserve,-33.9147865,150.9991124,park
Surrey Street Playground,-33.8772992,151.2229987,park
Surrey Street Reserve,-33.8495882,150.9853367,park
Surveyors Creek Public School,-33.7872828,150.689165,school
Susan Fahey Park,-33.486223,151.436165,park
Sustainable Garden,-33.9700236,150.8908818,park
Sutcliffe Reserve,-33.9137018,150.9922589,park
Sutherland Hospital School,-34.038034,151.114597,school
Sutherland North Public School,-34.0267912,151.0670703,school
Sutherland Oval,-34.0286574,151.0525412,park
Sutherland Park,-34.0289796,151.0546394,park
Sutherland Park,-33.8822046,151.2328127,park
Sutherland Park,-33.802589,151.1781429,park
Sutherland Public School,-34.0330054,151.0591354,school
Sutherland Shire Centenary Park,-34.0383511,151.1046562,park
Sutton Park,-33.9146997,150.8996135,park
Suva Reserve,-33.912031,151.0474569,park
Swaine Reserve,-33.7882259,151.2640079,park
Swann Reserve,-33.8201995,151.0161405,park
Swanson Street Reserve,-33.8998593,151.1861088,park
Swayne Reserve,-33.917536,151.034874,park
Sweetacres Park,-33.9130381,151.2050767,park
Sweethaven Reserve,-33.8802261,150.88643,park
Swete Street Reserve,-33.8603519,151.0497691,park
Syd Sherar Park,-33.4311877,151.3929028,park
Sydenham Green,-33.9185857,151.1680293,park
Sydenham Green,-33.9179521,151.1683754,park
Sydenham Green,-33.9174356,151.1687271,park
Sydenham Green,-33.9165666,151.1681339,park
Sydney Adventist School Auburn,-33.8480759,151.03313,school
Sydney Boys High School,-33.892332,151.2193771,school
Sydney Catholic Schools,-33.8864481,151.1561191,school
Sydney Childrens Hospital School,-33.9176183,151.2386635,school
Sydney Cowell Park,-33.8172655,151.1769996,park
Sydney Distance Education High School,-33.8708477,151.2205069,school
Sydney Distance Education Primary School,-33.8861716,151.2127781,school
Sydney Girls High School,-33.8938236,151.2203404,school
Sydney Grammar School,-33.8750137,151.2133767,school
Sydney Grammar School Edgecliff Preparatory,-33.8795379,151.2302853,school
Sydney Grammar St Ives Preparatory School,-33.7179117,151.1709904,school
Sydney Japanese School,-33.675415,151.2009438,school
Sydney Luker Park,-33.8895969,150.9216938,park
Sydney Montessori School,-34.0373006,151.0875663,school
Sydney Murugan Store,-33.9247647,150.9213125,supermarket
Sydney Olympic Asian Market,-33.8507296,151.0605729,supermarket
Sydney Park,-33.9110522,151.1854672,park
Sydney Secondary College Balmain Campus,-33.8585079,151.1700468,school
Sydney Secondary College Blackwattle Bay Campus,-33.8751705,151.1882525,school
Sydney Secondary College Leichhardt Campus,-33.8791971,151.1589788,school
Sydney Smith Park,-33.8159856,150.9878698,park
Sydney Street Reserve,-33.9000323,151.1869143,park
Sydney Technical High School,-33.9630718,151.1143247,school
Sydney United Sports Centre,-33.8762373,150.8739175,park
Sydney's Best,-34.0656862,151.012417,supermarket
Sylvania Heights Primary,-34.0127316,151.0973345,school
Sylvania High School,-34.0173713,151.103639,school
Sylvania Public School,-34.0080344,151.1120911,school
Sylvania Road North Reserve,-34.0162683,151.0963969,park
Sylvia Chase Square,-33.8719109,151.2149171,park
Syme Park,-33.9370215,150.9509882,park
Symon's Reserve,-33.7993397,151.0879114,park
Symonds Avenue Reserve,-33.8062963,151.0184906,park
Symonds Reserve,-34.0049109,150.8806745,park
TJ Hickey Park,-33.8961613,151.2013515,park
Tae supermarket,-33.8725729,151.0944682,supermarket
Tahlee Park,-33.7182229,151.022816,park
Tahmoor Park,-34.2150877,150.6008911,park
Tahmoor Public School,-34.2276804,150.5889477,school
Tait Street Park,-33.846537,150.9460333,park
Talavera reserve,-33.7671362,151.1120279,park
Talinga Park,-33.7816893,151.0565089,park
Tall Gums Park,-33.9560516,150.8982831,park
Tall Gums Park,-33.9450736,150.8990433,park
Tallawalla Street Reserve East,-33.9406821,151.0870436,park
Tallawalla Street Reserve West,-33.9408447,151.0850612,park
Tallawong Oval,-33.7753055,150.8834119,park
Tallawong Public School,-33.6869037,150.8994028,school
Tallow Beach,-33.5373606,151.3516009,beach
Tallowood Park,-33.8604735,150.8755574,park
Tallowood School,-33.7063832,150.9522804,school
Tallowwood Avenue Reserve,-33.974377,151.0452292,park
Taloma Park,-33.7649313,150.7026322,park
Tamarama Beach,-33.9005688,151.2704819,beach
Tamarama Park,-33.8996522,151.2700291,park
Tamarama Park,-33.8990557,151.2680594,park
Tandarra Park,-33.7265534,150.8074955,park
Tangara School,-33.7357937,151.0365741,school
Tania Park,-33.8092578,151.265693,park
Tantallon Park,-33.8092712,151.1594079,park
Taplin Park,-33.8499645,151.1485914,park
Tara Anglican School for Girls,-33.7879863,151.0156525,school
Tarakan Reserve,-33.9202411,151.2047639,park
Tarban Creek Reserve,-33.8338042,151.1348625,park
Taren Point Public School,-34.018309,151.1227034,school
Taren Point Reserve,-34.0141836,151.122124,park
Tarrawarra Reserve,-33.8535864,150.9491254,park
Tasker Park,-33.9095821,151.1130493,park
Tasman Park,-33.8652799,150.9234098,park
Taste Growers Market,-33.9057378,151.2129396,supermarket
Taste Organic,-33.8991504,151.172775,supermarket
Taste Organic,-33.8212323,151.210462,supermarket
Taste Organic,-33.7277598,151.1419186,supermarket
Tatiana Reserve,-33.7017422,151.2867776,park
Taunton Reserve,-33.9801355,151.1111807,park
Taverners Hill Infants School,-33.8889653,151.1571826,school
Tavistock Reserve,-33.8667638,151.0654661,park
Taylor Reserve,-33.9569857,150.9885393,park
Taylors Reserve,-33.9879088,151.0474554,park
Ted Burge Sports Ground,-33.8256641,150.9704804,park
Ted Cullen Reserve,-33.8278159,150.9641922,park
Ted Horwood Reserve,-33.7616297,151.0062923,park
Ted Jackson Reserve,-33.7540156,151.2970217,park
Ted Little Park,-33.7816424,150.7974047,park
Ted Mack Civic Park,-33.8337408,151.2070976,park
Ted Pike Reserve,-33.7068687,150.9742086,park
Telopea Park,-34.2570317,150.5334768,park
Telopea Public School,-33.7970421,151.0436008,school
Tempe High School,-33.9197556,151.1609171,school
Tempe Lands,-33.9270454,151.1640434,park
Tempe Public School,-33.9209369,151.1611421,school
Tempe Reserve,-33.929837,151.1601969,park
Temporary Park,-34.0020617,150.7391806,park
Tench Reserve,-33.761338,150.6654843,park
Tennyson Park,-33.8318106,151.1141224,park
Tennyson Park,-33.8183116,151.159024,park
Teresa James Reserve,-33.7765812,150.7537305,park
Terone Park,-33.860964,150.893167,park
Terpentine Reserve,-33.9000284,151.0275383,park
Terrace Park,-33.5658538,150.7724185,park
Terrey Hills Public School,-33.6857098,151.222606,school
Terrigal Beach,-33.4450193,151.4440043,beach
Terrigal Haven,-33.4489322,151.4503053,park
Terrigal High School,-33.4412398,151.429299,school
Terrigal Lagoon Reserve,-33.4393899,151.4386688,park
Terrigal Public School,-33.4424542,151.4381785,school
Terrigal Reserve,-33.6836732,151.2222415,park
Terrigal Rotary Park,-33.4395039,151.4354614,park
Terry Lamb Complex - Abbott Park,-33.8812485,150.9950715,park
Terry Lamb Reserve,-33.9172147,151.0926142,park
Terry Street Reserve,-33.9825824,151.10737,park
Thai Hung Supermarket,-33.9120248,151.155206,supermarket
Thai Kee IGA,-33.8796334,151.2031238,supermarket
Thane Street Reserve,-33.7990629,150.9654891,park
Thank You Mart,-33.8880379,151.1254081,supermarket
Tharawal Park,-33.9500172,150.901762,park
Tharawal Public School,-34.0027098,151.0260177,school
That Luang Asian Grocery,-34.0683147,150.8135078,supermarket
The Athena School,-33.8954817,151.1744713,school
The Beach School,-33.7719796,151.2626033,school
The Boulevarde,-33.9950238,151.1281512,park
The Carriageway Reserve,-33.7880899,150.6590835,park
The Childrens Hospital School,-33.802243,150.991834,school
The Coal Loader,-33.8442436,151.1936951,park
The Crescent Garden,-33.8720702,151.203204,park
The Crescent Reserve,-33.7556766,151.2895751,park
The Domain,-33.8680617,151.2153763,park
The Drying Green,-33.9077197,151.2054508,park
The Entry Garden,-33.8933662,151.1975154,park
The Esplanade Garden,-33.7319699,151.0778437,park
The Esplanade Reserve,-33.8493956,150.9826981,park
The Flat Reserve,-34.0075378,151.1106871,park
The Food Store,-33.7458087,150.6218013,supermarket
The Gap,-33.8456818,151.285461,park
The Gathering Park,-33.71037,150.907765,park
The Grange Park,-33.7092945,150.8434812,park
The Grange Public School,-34.0220568,150.857337,school
The Grass Area,-33.7815905,151.1892486,park
The Green,-33.9871204,151.1016619,park
The Green,-33.9063897,151.2055093,park
The Green,-33.9062962,151.2054365,park
The Hills Grammar School,-33.6853717,151.0143408,school
The Hills School,-33.779747,151.0039276,school
The Homestead Park,-33.9065669,150.9590864,park
The International French School of Sydney,-33.9357067,151.2389551,school
The Jannali High School,-34.0218999,151.0618941,school
The King's School,-33.7879748,151.0221428,school
The Kingsway,-33.765534,150.7636931,park
The Kingsway,-33.7632487,150.760606,park
The Kingsway,-33.7630943,150.764497,park
The Lakes Christian College,-33.6859127,150.6838915,school
The Lookout,-33.7336162,151.1301845,park
The Mall Reserve,-33.7116028,151.1596779,park
The Mcdonald College,-33.8587254,151.0873043,school
The Meadows Public School,-33.7813723,150.9425625,school
The Mondo,-33.7510993,150.690215,park
The Oaks Public School,-34.0783907,150.5717156,school
The Outlook,-33.7046413,150.9399937,park
The Paddock,-33.8572931,151.2056828,park
The Ponds High School,-33.7032686,150.8967823,school
The Ponds Parklands,-33.7166055,150.9085884,park
The Ponds School,-33.697909,150.9116717,school
The Quadrangle,-33.8859085,151.1887853,park
The Rope Walk,-33.9028774,151.2101051,park
The Rope Walk,-33.9022542,151.2105232,park
The Rope Walk,-33.9013896,151.2109839,park
The Sanctuary,-33.7205089,151.0740864,park
The Sanctuary - Waterside Community Centre,-33.7270001,150.6968053,park
The Scots College,-33.8756334,151.2520458,school
The Scots College,-33.8749945,151.2537837,school
The Scots College Brighton Preparatory School,-33.9943944,151.1471116,school
The Scots College Early Learning Centre,-33.8800185,151.2530722,school
The Source Bulk Foods,-34.0331146,151.0730271,supermarket
The Source Bulk Foods,-33.8806948,151.1878437,supermarket
The Swot Shop,-33.7311479,150.9674455,school
The Tops Conference Centre,-34.2222327,150.9683892,park
The Treacy Complex,-33.7400767,151.2418995,school
The Village Fruit Market,-33.6744819,151.3057989,supermarket
The Woods Circuit Reserve,-34.0204569,151.0169536,park
The Zig Zag,-33.8550319,151.1922502,park
Thella Reserve,-33.9158164,151.015917,park
Thesiger Park,-33.8936681,150.8846052,park
Thien Huong Asian Grocery,-33.91833,151.032679,supermarket
Third Avenue Reserve,-34.0399528,151.0500667,park
Third Settlement Reserve,-33.7836676,150.9763574,park
Thirlmere IGA,-34.2030108,150.5710082,supermarket
Thirlmere Public School,-34.2044211,150.5693122,school
Thirlmere Sportsground,-34.2043351,150.5657986,park
Thistle Park,-33.8177899,151.0976612,park
Thomas Acres Public School,-34.0935517,150.7892346,school
Thomas Atkins Walk,-33.9959238,150.8873314,park
Thomas Clarkson Reserve,-34.0372481,150.8108393,park
Thomas Donovan Park,-34.0253832,150.7725884,park
Thomas Extrem Reserve,-33.7604166,150.9773359,park
Thomas Hassall Anglican College,-33.9177317,150.8390404,school
Thomas Hogan Reserve,-33.8891491,151.2631559,park
Thomas Moore Park,-33.9241833,150.9438186,park
Thomas Park,-33.7432817,150.6179355,park
Thomas Reddall High School,-34.0820928,150.8022634,school
Thomas Smith Reserve,-33.7490708,150.7025289,park
Thomas Wemys Park,-33.8056915,151.0567239,park
Thomas Williams Reserve,-33.8002813,151.0090493,park
Thompson Square,-33.6043028,150.8230363,park
Thomson Park,-33.8114393,151.1842223,park
Thorley Park,-33.8565655,150.9394409,park
Thornleigh Park,-33.736264,151.086638,park
Thornleigh Reserve,-34.0501145,150.7521278,park
Thornleigh West Public School,-33.7238645,151.0721401,school
Thornton Park,-33.8567678,151.1953949,park
Thornton Reserve,-33.9077359,151.0014121,park
Thornton Reserve,-33.8797464,151.2586129,park
Thorpe Park,-33.9532346,151.095392,park
Throsby Park,-33.9622806,150.9028689,park
Thuan Loi,-33.8843962,150.9252046,supermarket
Thuc Pham A Chau,-33.9118082,151.1554225,supermarket
Thurina Park,-33.8905483,150.9878926,park
Tiara Place Reserve,-33.8271563,150.9956638,park
Tiley Reserve,-33.9701554,151.1200121,park
Tilford Street Reserve,-33.9055913,151.2071045,park
Tillman Park,-33.9167449,151.1641619,park
Timbergetters Reserve,-33.7733929,150.9799038,park
Timbertop Reserve,-33.8001934,150.9111696,park
Timbrell Park,-33.8707597,151.1371324,park
Timbrell Reserve,-33.8367385,151.1467952,park
Timesweep Drive Reserve,-33.7985812,150.7874192,park
Tindale Reserve,-33.9664693,151.1220584,park
Tindarra Reserve,-33.7901815,151.1126527,park
Tingara Beach,-33.8574608,151.2682199,beach
Tingira Memorial Park,-33.8711096,151.2664548,park
Tirriwan Reserve,-33.788494,151.1338952,park
Tobruk Reserve,-34.0457294,150.7513657,park
Tobruk Reserve,-33.8989112,151.2061802,park
Toby Reserve,-33.9443344,150.9970788,park
Todd Reserve,-33.934843,151.198669,park
Todd Street Park,-33.8352455,150.9712773,park
Todman Reserve,-33.8770101,151.0799215,park
Tokyo Mart,-33.8099595,151.20916,supermarket
Tokyo Super,-33.9220515,151.2267242,supermarket
Tom Bass Sculpture Studio School,-33.8991504,151.1880494,school
Tom Chalmers Memorial Park,-33.705671,150.5263289,park
Tom Evans Fields,-34.0153958,151.052465,park
Tom Hanratty Reserve,-33.962722,151.131178,park
Tom Hunter Park,-33.68845,150.5569726,park
Tom Kenny Reserve,-33.9120231,151.1427554,park
Tom Uglys Point Reserve,-34.0007009,151.1151732,park
Tom Uren Park,-33.8479545,150.9602241,park
Tompson Reserve,-33.943122,150.9848411,park
Tonbridge Street Reserve,-33.9826896,151.1429862,park
Tong Li Asian Supermarket Castle Hill,-33.7329106,151.0062985,supermarket
Tong Li Supermarket,-33.9676769,151.1029662,supermarket
Tong Li Supermarket Cabramatta,-33.8943841,150.9384819,supermarket
Tonga Park,-33.7847862,150.9440086,park
Tongli,-33.7937316,151.1863203,supermarket
Tongli,-33.7053538,151.1003098,supermarket
Tongli Supermarket,-33.916686,151.0368333,supermarket
Tongli Supermarket,-33.9132301,151.1031471,supermarket
Tongli Supermarket,-33.8179745,151.0002157,supermarket
Tony Baker Reserve,-33.9574028,151.1505296,park
Tonyon Supermarket,-33.7918492,151.0796488,supermarket
Toogagal Reserve,-33.7958025,150.9442336,park
Toongabbie East Public School,-33.7972461,150.9800283,school
Toongabbie Reserve,-33.7890438,150.9509436,park
Toongabbie Road Reserve,-33.7932399,150.9397616,park
Top Ryde Park,-33.8130611,151.1045524,park
Topaz Park,-33.7875281,150.9217483,park
Topin Park,-33.9405048,150.9467959,park
Tote Park,-33.9046075,151.2098797,park
Towards Park,-33.9970531,150.8965447,park
Tower Street Mixed Business,-33.9579432,151.0113694,supermarket
Tower Street Public School,-33.9564692,151.0073567,school
Town Park,-33.9990985,150.7430625,park
Towra Spit Beach,-34.0034497,151.1640572,beach
Tracey Reserve,-33.9413628,151.004416,park
Trafalgar Park,-33.6590563,151.3120729,park
Trafalgar Reserve,-33.7686657,151.1069364,park
Tramantana Park,-33.9060572,150.8906884,park
Tredinnick Park,-34.032497,150.7453899,park
Treelands Reserve,-34.0142482,150.8671045,park
Treelands Walk,-34.0113259,150.8683903,park
Treelands Walk,-34.0054868,150.8675445,park
Tregear Public School,-33.7458856,150.7943193,school
Tregear Reserve,-33.7466845,150.7894665,park
Treloar Avenue Reserve,-33.9638231,151.070216,park
Trenerry Reserve,-33.9278776,151.2602869,park
Treuer Reserve,-33.9113021,151.0101241,park
Trewatha Park,-33.9367934,150.8923949,park
Triangle Park,-33.7525271,150.6928163,park
Trinity Avenue Playground,-33.8579395,151.2064262,park
Trinity Catholic College,-33.8502994,151.0300741,school
Trinity Catholic College Regents Park Campus,-33.87845,151.0278047,school
Trinity Catholic Primary School,-33.829053,150.7887945,school
Trinity Grammar School,-33.8993911,151.1308347,school
Trinity Grammar School,-33.8816444,151.0916117,school
Trins Asian Mart,-33.7505846,150.6910185,supermarket
Tripoli Avenue Park,-33.7673037,151.0492337,park
Tristram Road Reserve,-33.7504585,151.2584135,park
Trobriand Park,-33.9714926,150.9058677,park
Trotwood Reserve,-34.0895862,150.7950978,park
Tru'ò'ng Ly,-33.8840812,150.9261067,supermarket
Truman Reserve,-33.7307637,151.2648997,park
Truscott Street Public School,-33.7940998,151.1309028,school
Tuabilli Park,-33.7738887,150.8943769,park
Tucker Reserve,-33.9783799,151.0556803,park
Tucker Reserve,-33.9600345,150.8965166,park
Tucker Reserve,-33.9062717,151.0030423,park
Tuckwell Park,-33.7786135,151.1336631,park
Tudor Street Reserve,-33.8875062,151.2132347,park
Tudor Street Reserve,-33.8874861,151.2134021,park
Tully Reserve,-33.936668,150.9091092,park
Tumbalong Park,-33.8756923,151.2017197,park
Tunks Park,-33.8174923,151.2155571,park
Turimetta Beach,-33.6991808,151.3099208,beach
Turis Mini Market,-33.9332761,151.142585,supermarket
Turkeys Nest Reserve,-33.7007629,150.9424686,park
Turnbull Park,-33.6696085,150.6126014,park
Turnbull Reserve,-33.6623721,150.8957921,park
Turo Reserve,-33.5276968,151.3464879,park
Turon Avenue Reserve,-33.7519614,150.9758476,park
Turon Avenue Reserve,-33.7486308,150.977688,park
Tuross Close Reserve,-33.4654838,151.3866899,park
Turramurra High School,-33.7573528,151.1147672,school
Turramurra Memorial Park,-33.7257741,151.1315831,park
Turramurra North Public School,-33.7147252,151.1477974,school
Turramurra Public School,-33.7452557,151.1142976,school
Turramurra Village Park,-33.7331457,151.1287626,park
Turrella Reserve,-33.9278573,151.1421121,park
Turriell Bay Road Reserve,-34.0638066,151.1192051,park
Turrumburra Park,-33.810901,151.162488,park
Turruwul Park,-33.9193727,151.2040825,park
Tusculum Park,-33.9628529,150.9338509,park
Tweedie Park,-33.8904045,151.065748,park
Twickenham Avenue Reserve,-33.6937331,150.9592829,park
Twin Gums Reserve,-33.759219,150.9391634,park
Twin Willow Reserve,-33.7427707,150.9197167,park
Two Turners Reserve,-33.7813063,151.1666751,park
Tyagarah Park,-33.8238488,151.1150361,park
Tye Park,-33.8393287,151.2015073,park
Tynan Park,-33.8002591,151.0597087,park
Tyrell Park,-33.8629713,150.9324517,park
UTS Alumni Green,-33.8831483,151.2003404,park
Udaya Spice,-33.8094961,150.9717792,supermarket
Udaya Supermart,-33.8092744,150.9720117,supermarket
Ulolo Community Park,-33.6682517,151.0922402,park
Ultimo Public School,-33.8776785,151.1955854,school
Ultimo Pyrmont Supermarket,-33.8737683,151.1960375,supermarket
Ulundri Reserve,-33.7212707,151.003206,park
Umina Beach Public School,-33.5250222,151.3140485,school
Undercliffe Public School,-33.9240872,151.1385879,school
Undula Reserve,-33.7319221,151.2089364,park
Union Plaza,-33.8695411,151.1942011,park
Union Street Reserve,-33.902831,151.1809726,park
Unity Grammar College,-33.9450479,150.8027172,school
Unnamed beach (node/10290659574),-34.0449281,151.1115783,beach
Unnamed beach (way/1017723157),-33.6352525,151.3065507,beach
Unnamed beach (way/1019595135),-34.0079739,151.1898556,beach
Unnamed beach (way/1025699557),-33.6035003,151.2546748,beach
Unnamed beach (way/1044399246),-33.8535087,151.1623589,beach
Unnamed beach (way/1044399247),-33.85445,151.1633121,beach
Unnamed beach (way/1051990580),-33.5735545,151.2892316,beach
Unnamed beach (way/105577372),-33.955611,151.1956794,beach
Unnamed beach (way/105826278),-33.9558097,150.9839882,beach
Unnamed beach (way/111082026),-33.9809657,151.0040193,beach
Unnamed beach (way/1162801014),-33.9934082,151.1167284,beach
Unnamed beach (way/1174535653),-34.0213539,151.1858936,beach
Unnamed beach (way/1210173504),-34.0828721,151.1371335,beach
Unnamed beach (way/1210509130),-33.9846843,151.0587664,beach
Unnamed beach (way/1226442706),-33.8419166,151.1998137,beach
Unnamed beach (way/1226442725),-33.8459748,151.2018848,beach
Unnamed beach (way/1228781914),-33.8298106,151.0899003,beach
Unnamed beach (way/1241272373),-34.046378,151.0059005,beach
Unnamed beach (way/1244028243),-33.8554048,151.1872447,beach
Unnamed beach (way/1244028311),-33.8566598,151.1887034,beach
Unnamed beach (way/1245779076),-33.8593646,151.2582071,beach
Unnamed beach (way/1245779077),-33.8589587,151.2578159,beach
Unnamed beach (way/1249353993),-34.0586184,151.1492641,beach
Unnamed beach (way/1249353995),-34.0727805,151.1499125,beach
Unnamed beach (way/1249354309),-34.0692448,151.1566706,beach
Unnamed beach (way/1257037703),-34.0024372,151.2206931,beach
Unnamed beach (way/1259572541),-33.8468693,151.2060672,beach
Unnamed beach (way/1259572552),-33.8455415,151.2063278,beach
Unnamed beach (way/1269883163),-33.8484207,151.1654833,beach
Unnamed beach (way/1269883166),-33.8496185,151.1638538,beach
Unnamed beach (way/1269883167),-33.8495962,151.1642836,beach
Unnamed beach (way/1269883168),-33.8484953,151.1641776,beach
Unnamed beach (way/1269883169),-33.848462,151.1644333,beach
Unnamed beach (way/1269883173),-33.8479891,151.1655331,beach
Unnamed beach (way/1270322742),-33.8501703,151.1597969,beach
Unnamed beach (way/1270322754),-33.834516,151.1112878,beach
Unnamed beach (way/1270322755),-33.8351572,151.110585,beach
Unnamed beach (way/1272172939),-33.8402765,151.1476531,beach
Unnamed beach (way/1272469185),-33.9461817,151.1620023,beach
Unnamed beach (way/1272469186),-33.946051,151.161681,beach
Unnamed beach (way/1279812504),-33.9613809,151.2066752,beach
Unnamed beach (way/1281873844),-33.8581969,151.2156413,beach
Unnamed beach (way/1282460412),-33.8333042,151.0755677,beach
Unnamed beach (way/1297581025),-33.8014734,151.2453174,beach
Unnamed beach (way/1297581097),-33.795768,151.2373363,beach
Unnamed beach (way/1301528201),-33.8623008,151.1258632,beach
Unnamed beach (way/1308599108),-33.8474611,151.219338,beach
Unnamed beach (way/1312365319),-34.0153214,151.1258995,beach
Unnamed beach (way/1347310746),-33.7493762,151.1922985,beach
Unnamed beach (way/1354580845),-33.5809264,151.3248132,beach
Unnamed beach (way/1356144342),-33.7786354,151.2504684,beach
Unnamed beach (way/1358491241),-33.7481782,151.1919091,beach
Unnamed beach (way/1368371366),-33.8031814,151.2428475,beach
Unnamed beach (way/1368371384),-33.8022443,151.2434991,beach
Unnamed beach (way/1369925397),-33.8377825,151.2316884,beach
Unnamed beach (way/1395890899),-33.6590355,151.2989207,beach
Unnamed beach (way/1408467823),-33.7903552,151.0078705,beach
Unnamed beach (way/1427506674),-33.6024976,151.2367435,beach
Unnamed beach (way/1427953063),-33.5341876,151.1976858,beach
Unnamed beach (way/1427953064),-33.5338701,151.1975012,beach
Unnamed beach (way/1431419122),-33.6455909,151.2818867,beach
Unnamed beach (way/1445334307),-33.8496149,151.1828418,beach
Unnamed beach (way/1466430416),-33.8637562,151.1528931,beach
Unnamed beach (way/1468725392),-33.8417695,151.1944546,beach
Unnamed beach (way/1468725408),-33.8384767,151.1943037,beach
Unnamed beach (way/1484905068),-33.8472167,151.202625,beach
Unnamed beach (way/1484905072),-33.8480619,151.2032047,beach
Unnamed beach (way/1486294363),-33.847832,151.2030762,beach
Unnamed beach (way/1486475850),-33.8470107,151.2025309,beach
Unnamed beach (way/1495804337),-33.840508,151.2162128,beach
Unnamed beach (way/1496100352),-33.8556568,151.1911227,beach
Unnamed beach (way/1496100407),-33.8551975,151.1870575,beach
Unnamed beach (way/1496100408),-33.8552363,151.1871215,beach
Unnamed beach (way/1496100416),-33.8551333,151.1870181,beach
Unnamed beach (way/1496130540),-33.8537536,151.1733029,beach
Unnamed beach (way/1496130551),-33.8530843,151.17489,beach
Unnamed beach (way/1496130556),-33.8530586,151.1718658,beach
Unnamed beach (way/1496130557),-33.8531301,151.1714475,beach
Unnamed beach (way/1496130583),-33.8549692,151.1703632,beach
Unnamed beach (way/1496130596),-33.8550401,151.1709128,beach
Unnamed beach (way/1497017290),-33.842774,151.1731286,beach
Unnamed beach (way/1498418764),-33.8439415,151.1283411,beach
Unnamed beach (way/1498418782),-33.8438719,151.1292198,beach
Unnamed beach (way/1498418813),-33.8490762,151.1323417,beach
Unnamed beach (way/1498418846),-33.8522122,151.16107,beach
Unnamed beach (way/1500242197),-33.8371016,151.1614484,beach
Unnamed beach (way/1500242233),-33.8390634,151.170121,beach
Unnamed beach (way/1500242247),-33.837722,151.171881,beach
Unnamed beach (way/1500242253),-33.8360291,151.1798197,beach
Unnamed beach (way/1500242275),-33.8362589,151.1755111,beach
Unnamed beach (way/1500242281),-33.8374763,151.1778889,beach
Unnamed beach (way/1500242286),-33.8373595,151.1735051,beach
Unnamed beach (way/1500327658),-33.646704,151.2793446,beach
Unnamed beach (way/1501430940),-33.8000428,151.2678553,beach
Unnamed beach (way/1511442224),-33.8196278,151.2250973,beach
Unnamed beach (way/1511442236),-33.8187711,151.2258203,beach
Unnamed beach (way/1513974364),-34.0375291,151.1480491,beach
Unnamed beach (way/1517569054),-33.7677815,151.2003937,beach
Unnamed beach (way/1523479847),-33.6465449,151.2862406,beach
Unnamed beach (way/1523479849),-33.6452575,151.2857271,beach
Unnamed beach (way/1523479852),-33.6475226,151.2785933,beach
Unnamed beach (way/1524854748),-33.8136427,151.2321246,beach
Unnamed beach (way/1530968986),-33.8098825,151.2477596,beach
Unnamed beach (way/1531183931),-33.8323223,151.1140586,beach
Unnamed beach (way/1532996338),-33.8416846,151.2157135,beach
Unnamed beach (way/1534238683),-33.8412725,151.1824399,beach
Unnamed beach (way/1544749037),-33.8416843,151.1834079,beach
Unnamed beach (way/1549252095),-33.8074394,151.2833042,beach
Unnamed beach (way/1550449297),-34.029812,150.9203304,beach
Unnamed beach (way/1558738617),-33.702912,151.3036493,beach
Unnamed beach (way/173232423),-33.8425142,151.2812402,beach
Unnamed beach (way/176762317),-33.5586845,151.2511538,beach
Unnamed beach (way/176766944),-33.8074189,151.2523933,beach
Unnamed beach (way/179719797),-34.0053962,151.2163623,beach
Unnamed beach (way/179913208),-33.8457147,151.241789,beach
Unnamed beach (way/179913211),-33.8406852,151.2378063,beach
Unnamed beach (way/179913572),-33.8468398,151.2435636,beach
Unnamed beach (way/179913573),-33.8530016,151.2453529,beach
Unnamed beach (way/179913574),-33.8428304,151.2464001,beach
Unnamed beach (way/179913575),-33.8454903,151.2466827,beach
Unnamed beach (way/179913576),-33.848181,151.2443186,beach
Unnamed beach (way/179913579),-33.8517261,151.2473029,beach
Unnamed beach (way/179913580),-33.8532262,151.2456795,beach
Unnamed beach (way/179935738),-33.8053367,151.2470292,beach
Unnamed beach (way/179935739),-33.801553,151.2469411,beach
Unnamed beach (way/179935741),-33.8002938,151.2502051,beach
Unnamed beach (way/179935743),-33.8043906,151.2528044,beach
Unnamed beach (way/179935744),-33.8068332,151.2477277,beach
Unnamed beach (way/179935746),-33.8036743,151.2462891,beach
Unnamed beach (way/179951387),-33.7765265,151.2069207,beach
Unnamed beach (way/180522304),-33.8114247,151.2571973,beach
Unnamed beach (way/184972811),-33.5813273,151.2431283,beach
Unnamed beach (way/199299530),-33.8210519,151.2243691,beach
Unnamed beach (way/20653054),-33.990331,151.1188728,beach
Unnamed beach (way/207686211),-33.8341354,151.1663603,beach
Unnamed beach (way/223616875),-33.8624409,151.1605045,beach
Unnamed beach (way/23019501),-34.0702991,151.1567081,beach
Unnamed beach (way/243514378),-33.604469,151.2926138,beach
Unnamed beach (way/243514379),-33.6021099,151.2945224,beach
Unnamed beach (way/25830431),-33.8392437,151.2533783,beach
Unnamed beach (way/25830610),-33.8397025,151.2370189,beach
Unnamed beach (way/279680686),-33.844189,151.2072587,beach
Unnamed beach (way/279680687),-33.8443651,151.2069573,beach
Unnamed beach (way/291575791),-33.8407275,151.132797,beach
Unnamed beach (way/291575792),-33.8413765,151.1292171,beach
Unnamed beach (way/292519897),-33.838952,151.1881105,beach
Unnamed beach (way/292519898),-33.8397737,151.1894781,beach
Unnamed beach (way/292519900),-33.8377559,151.190734,beach
Unnamed beach (way/302028910),-33.9767624,151.0275666,beach
Unnamed beach (way/305534456),-33.7527817,151.194208,beach
Unnamed beach (way/314236405),-33.8718545,151.2474127,beach
Unnamed beach (way/34458501),-33.9473021,151.172012,beach
Unnamed beach (way/349356766),-33.4316721,150.8305385,beach
Unnamed beach (way/371494483),-33.7990298,151.2825489,beach
Unnamed beach (way/385073094),-34.1919216,150.7118109,beach
Unnamed beach (way/385776463),-33.9763037,151.2238761,beach
Unnamed beach (way/388946406),-33.6041929,150.8165306,beach
Unnamed beach (way/408072309),-33.9826103,151.0610625,beach
Unnamed beach (way/408072312),-33.9834567,151.0592402,beach
Unnamed beach (way/419802880),-33.546478,151.2311586,beach
Unnamed beach (way/4335896),-33.5885672,151.2725619,beach
Unnamed beach (way/4354470),-33.8514496,151.2775085,beach
Unnamed beach (way/442051431),-33.4419402,151.3512418,beach
Unnamed beach (way/4630817),-34.0490275,151.1576984,beach
Unnamed beach (way/480009625),-33.7816208,150.6193415,beach
Unnamed beach (way/481138684),-33.4179022,151.2776088,beach
Unnamed beach (way/482348773),-33.4478917,151.4489607,beach
Unnamed beach (way/482766135),-33.4364861,151.341736,beach
Unnamed beach (way/482766145),-33.4387628,151.3412301,beach
Unnamed beach (way/482766155),-33.4320781,151.3401399,beach
Unnamed beach (way/483328304),-33.4171783,151.4623704,beach
Unnamed beach (way/483832610),-33.4882301,151.353094,beach
Unnamed beach (way/483832627),-33.4885738,151.3630084,beach
Unnamed beach (way/483832628),-33.4871359,151.361653,beach
Unnamed beach (way/483832632),-33.4900639,151.3643756,beach
Unnamed beach (way/483832638),-33.4859915,151.353439,beach
Unnamed beach (way/485455918),-33.6537272,150.6683094,beach
Unnamed beach (way/485821021),-33.4367921,151.3415035,beach
Unnamed beach (way/485821022),-33.4370102,151.3411885,beach
Unnamed beach (way/48582928),-33.841886,151.1184398,beach
Unnamed beach (way/494025362),-33.7466442,151.3035687,beach
Unnamed beach (way/499192524),-33.4722906,151.33882,beach
Unnamed beach (way/515725212),-33.4996877,151.3538693,beach
Unnamed beach (way/519219350),-33.5248115,151.3575904,beach
Unnamed beach (way/519221764),-33.5223023,151.3550139,beach
Unnamed beach (way/528938307),-33.7588271,150.6760868,beach
Unnamed beach (way/553728120),-33.4843074,151.3281803,beach
Unnamed beach (way/55486822),-34.2305652,150.9903305,beach
Unnamed beach (way/55567747),-34.2445565,150.9776302,beach
Unnamed beach (way/561377760),-33.8005194,151.2735816,beach
Unnamed beach (way/566314742),-33.7833011,150.5694415,beach
Unnamed beach (way/575707431),-33.5920945,151.2254269,beach
Unnamed beach (way/576495067),-33.538413,150.8893439,beach
Unnamed beach (way/580706276),-33.9149435,151.2613257,beach
Unnamed beach (way/581576447),-33.8308013,151.1067909,beach
Unnamed beach (way/581576468),-33.8304715,151.1028948,beach
Unnamed beach (way/583428860),-33.7581964,150.676915,beach
Unnamed beach (way/583428861),-33.7571432,150.6743924,beach
Unnamed beach (way/679696411),-33.4940151,151.371471,beach
Unnamed beach (way/679696412),-33.493965,151.3706715,beach
Unnamed beach (way/679696414),-33.4941969,151.3717992,beach
Unnamed beach (way/692349062),-33.4772778,151.3797235,beach
Unnamed beach (way/702695108),-34.0724738,151.150714,beach
Unnamed beach (way/712438019),-33.8536552,151.1727512,beach
Unnamed beach (way/717895644),-33.8358806,151.1844878,beach
Unnamed beach (way/724668356),-33.4275847,151.4461994,beach
Unnamed beach (way/75034228),-33.9869872,151.0839816,beach
Unnamed beach (way/776875582),-33.8097742,151.2429211,beach
Unnamed beach (way/799772822),-33.865152,151.2560075,beach
Unnamed beach (way/8064445),-33.9993473,151.1102566,beach
Unnamed beach (way/814228916),-33.8734078,151.2420298,beach
Unnamed beach (way/817018353),-33.8724802,151.1759321,beach
Unnamed beach (way/817018354),-33.8714252,151.1839089,beach
Unnamed beach (way/817018355),-33.8720413,151.1833628,beach
Unnamed beach (way/820053772),-33.8371985,151.105667,beach
Unnamed beach (way/84272560),-33.5561699,151.3154884,beach
Unnamed beach (way/852361661),-33.6909115,151.2819736,beach
Unnamed beach (way/86484414),-34.0694811,151.1478973,beach
Unnamed beach (way/882609216),-33.5228969,151.343241,beach
Unnamed beach (way/882609217),-33.5247285,151.3441133,beach
Unnamed beach (way/883998919),-33.5371234,151.2402619,beach
Unnamed beach (way/891388919),-33.5421461,151.216114,beach
Unnamed beach (way/891388921),-33.5420867,151.2146039,beach
Unnamed beach (way/954965980),-33.8661465,151.2488395,beach
Unnamed beach (way/954965981),-33.8670703,151.2490497,beach
Unnamed beach (way/95786711),-34.2623816,150.9684864,beach
Unnamed beach (way/95786729),-34.2684894,150.9641955,beach
Unnamed beach (way/959740985),-34.2716419,150.9618019,beach
Unnamed beach (way/987563680),-33.8290485,151.1724701,beach
Unnamed beach (way/987563681),-33.828352,151.1729891,beach
Unnamed beach (way/993649445),-33.5354484,151.1406065,beach
Unnamed beach (way/99463321),-34.0019341,151.138177,beach
Unnamed beach (way/99463322),-34.0043493,151.1334657,beach
Unnamed beach (way/99463324),-34.0049275,151.1276213,beach
Unnamed beach (way/99463328),-34.005295,151.1296221,beach
Unnamed beach (way/996163704),-33.8433493,151.1148434,beach
Unnamed park (node/10651433812),-34.0092802,150.7612614,park
Unnamed park (node/12095212960),-34.0202528,150.7039975,park
Unnamed park (node/12095212961),-34.0218391,150.7062761,park
Unnamed park (node/8251166947),-34.0376266,151.1387496,park
Unnamed park (way/1000415857),-33.8505011,150.811564,park
Unnamed park (way/1000703522),-33.7025378,150.8227741,park
Unnamed park (way/1000937137),-33.7777931,150.8809975,park
Unnamed park (way/1000958896),-33.77266,150.8892551,park
Unnamed park (way/1000958951),-33.7484405,150.8869537,park
Unnamed park (way/10043822),-33.8816047,151.1259664,park
Unnamed park (way/1005242557),-33.7801697,150.8191614,park
Unnamed park (way/1005448734),-33.7596042,150.8842114,park
Unnamed park (way/1008974197),-33.883927,151.1746157,park
Unnamed park (way/1013923516),-33.830929,151.1332051,park
Unnamed park (way/1015236601),-33.7961909,150.792217,park
Unnamed park (way/1015821943),-33.9362403,151.1650073,park
Unnamed park (way/1017585052),-33.9024136,151.1902727,park
Unnamed park (way/1017723156),-33.6353487,151.3072017,park
Unnamed park (way/1019653377),-33.7734416,150.6418716,park
Unnamed park (way/1021240794),-33.7500734,151.0659584,park
Unnamed park (way/1023303220),-33.7948401,150.7945601,park
Unnamed park (way/1023303221),-33.7950708,150.7960129,park
Unnamed park (way/1023328109),-33.7941721,150.7974387,park
Unnamed park (way/1024559479),-33.8375398,150.6506926,park
Unnamed park (way/1024726782),-33.6274489,151.3392901,park
Unnamed park (way/1027536654),-34.0552311,150.6941352,park
Unnamed park (way/1027539922),-34.0549361,150.69483,park
Unnamed park (way/1027539923),-34.0547634,150.6952518,park
Unnamed park (way/102764677),-33.8933414,151.2736747,park
Unnamed park (way/1028342246),-33.884491,151.2429145,park
Unnamed park (way/1028348469),-33.884655,151.2443279,park
Unnamed park (way/1028543449),-33.7744389,150.9821278,park
Unnamed park (way/1028717162),-33.6878079,151.295533,park
Unnamed park (way/1029168896),-33.9155899,151.1775436,park
Unnamed park (way/1029170685),-33.7069018,150.7136284,park
Unnamed park (way/1029583972),-33.7303445,150.8262051,park
Unnamed park (way/1031310164),-33.6316965,150.7995662,park
Unnamed park (way/1031569880),-33.6033327,150.824045,park
Unnamed park (way/1033178054),-33.6046116,150.7386691,park
Unnamed park (way/1033478061),-33.6023978,150.7442249,park
Unnamed park (way/1033478067),-33.6016715,150.7375715,park
Unnamed park (way/1033478068),-33.6024032,150.7401137,park
Unnamed park (way/1034041095),-33.8956934,151.1946509,park
Unnamed park (way/1034336702),-33.8999941,150.6021161,park
Unnamed park (way/103494024),-33.9031553,151.1016045,park
Unnamed park (way/1035245844),-33.7614675,150.7094721,park
Unnamed park (way/1035971642),-33.5769396,150.6949127,park
Unnamed park (way/1036184769),-33.8884745,151.1897541,park
Unnamed park (way/1036487539),-33.8890193,151.1932733,park
Unnamed park (way/1036487540),-33.8891669,151.1933282,park
Unnamed park (way/1036487541),-33.8890492,151.193574,park
Unnamed park (way/1036848086),-33.7821199,150.905715,park
Unnamed park (way/1037271522),-33.7886769,150.8335363,park
Unnamed park (way/1037271552),-33.783324,150.8293757,park
Unnamed park (way/1037467187),-33.8714949,151.195253,park
Unnamed park (way/1037885790),-33.904614,151.1750515,park
Unnamed park (way/1038161985),-34.0007295,150.7281802,park
Unnamed park (way/1038589967),-33.5109774,151.3175278,park
Unnamed park (way/1038943094),-33.9820926,151.1486685,park
Unnamed park (way/1038943095),-33.9800907,151.1487195,park
Unnamed park (way/1038943231),-33.9921548,151.1464363,park
Unnamed park (way/1038951182),-33.7452465,150.7035922,park
Unnamed park (way/1038976441),-33.7495952,150.884479,park
Unnamed park (way/1039032745),-33.7734317,150.6950388,park
Unnamed park (way/1040489769),-33.6160517,150.8385409,park
Unnamed park (way/1041339672),-33.581792,150.7143805,park
Unnamed park (way/1041339685),-33.5840088,150.7150229,park
Unnamed park (way/1041359299),-33.7965845,150.7888686,park
Unnamed park (way/104364263),-33.8389055,151.1395046,park
Unnamed park (way/1044166924),-33.7600565,150.7828059,park
Unnamed park (way/1044680599),-33.7538282,150.7058997,park
Unnamed park (way/1044680600),-33.754688,150.7071501,park
Unnamed park (way/104650475),-34.0720099,151.1383719,park
Unnamed park (way/104650477),-34.0397834,151.1044334,park
Unnamed park (way/1046712560),-33.7671012,150.8243758,park
Unnamed park (way/104738058),-34.0250178,151.0970301,park
Unnamed park (way/1052622230),-33.7390038,150.7507897,park
Unnamed park (way/1054180162),-33.9149551,150.9255648,park
Unnamed park (way/1054292145),-34.05235,151.1286045,park
Unnamed park (way/1054353695),-33.7481248,150.6846542,park
Unnamed park (way/1054353699),-33.7493599,150.6841079,park
Unnamed park (way/1054611180),-33.7502935,150.6826703,park
Unnamed park (way/1059852408),-33.7176621,150.7253435,park
Unnamed park (way/1060247500),-33.8851624,150.8682287,park
Unnamed park (way/1061242623),-34.0051599,150.7544872,park
Unnamed park (way/1062102223),-33.5272505,150.7669797,park
Unnamed park (way/1062102260),-33.559069,150.7883778,park
Unnamed park (way/1062244234),-33.7213302,151.0124234,park
Unnamed park (way/106229056),-33.9900391,151.1379439,park
Unnamed park (way/1062572743),-33.694755,150.929659,park
Unnamed park (way/1062797722),-33.8327004,150.9880673,park
Unnamed park (way/1062880952),-33.8756561,150.9928082,park
Unnamed park (way/1063471246),-33.7281253,150.7379351,park
Unnamed park (way/1063511212),-33.8348378,150.9439584,park
Unnamed park (way/1064211060),-33.8883734,151.2293523,park
Unnamed park (way/1064482421),-33.7291105,150.7322169,park
Unnamed park (way/1066863779),-33.5198512,151.305891,park
Unnamed park (way/106863705),-33.9741518,151.0691802,park
Unnamed park (way/1069547687),-33.7470038,150.8190719,park
Unnamed park (way/1070144155),-33.7618597,150.7310544,park
Unnamed park (way/1070144157),-33.7600257,150.730271,park
Unnamed park (way/1070144169),-33.7258432,150.7094575,park
Unnamed park (way/1070517576),-33.714217,150.7095467,park
Unnamed park (way/1070517581),-33.7130333,150.7099781,park
Unnamed park (way/1070991194),-33.7789066,150.6962606,park
Unnamed park (way/1070991195),-33.7837574,150.70319,park
Unnamed park (way/1071450358),-33.7260709,150.7872866,park
Unnamed park (way/1074510139),-34.0136573,151.0839055,park
Unnamed park (way/1075337579),-34.0283905,151.0673485,park
Unnamed park (way/1075337605),-34.0256672,151.0716923,park
Unnamed park (way/1075634584),-33.8901314,151.1909367,park
Unnamed park (way/1075723880),-34.0092616,151.0555882,park
Unnamed park (way/107684249),-33.9875088,151.1232428,park
Unnamed park (way/1076994500),-34.013268,151.0908448,park
Unnamed park (way/1078411577),-33.8904504,151.183835,park
Unnamed park (way/1079150393),-33.8374675,151.1969689,park
Unnamed park (way/1079900957),-33.8859714,151.1837272,park
Unnamed park (way/1080676608),-33.7564366,150.6968808,park
Unnamed park (way/1082218853),-33.5118401,151.3202562,park
Unnamed park (way/1082894860),-33.8206536,151.1513671,park
Unnamed park (way/1083617923),-33.7835101,151.2751046,park
Unnamed park (way/1083985483),-33.5123385,151.3247492,park
Unnamed park (way/1087220043),-34.0262812,151.1102135,park
Unnamed park (way/1088309373),-33.7078951,150.8866737,park
Unnamed park (way/108840538),-34.0807289,151.0167388,park
Unnamed park (way/1089966715),-33.9131953,151.0554458,park
Unnamed park (way/1090237897),-34.043195,151.0803574,park
Unnamed park (way/1091639061),-33.9648285,151.0942962,park
Unnamed park (way/1095650311),-34.041395,151.1010417,park
Unnamed park (way/1096457659),-33.937962,151.045654,park
Unnamed park (way/1096863643),-33.938136,151.0460466,park
Unnamed park (way/109984982),-34.2310138,150.9876751,park
Unnamed park (way/1100770933),-33.9699243,150.8696795,park
Unnamed park (way/1101393180),-33.7025883,150.9718571,park
Unnamed park (way/1102809019),-33.6508447,150.8798152,park
Unnamed park (way/1106220779),-33.8847155,151.1055503,park
Unnamed park (way/1106220780),-33.8845817,151.1046427,park
Unnamed park (way/1106220781),-33.8844525,151.1037335,park
Unnamed park (way/1106220782),-33.8843352,151.1028902,park
Unnamed park (way/1106480637),-33.7508582,150.7768829,park
Unnamed park (way/1106506877),-34.022083,150.764613,park
Unnamed park (way/1106520554),-33.7717765,150.7406522,park
Unnamed park (way/1106520557),-33.7732462,150.7364481,park
Unnamed park (way/1106555578),-33.8018457,150.7984928,park
Unnamed park (way/1107275338),-33.6469637,150.9018155,park
Unnamed park (way/1109207831),-34.028407,150.7715986,park
Unnamed park (way/1110307948),-34.0097653,150.7715839,park
Unnamed park (way/1110705487),-33.75893,150.7536619,park
Unnamed park (way/1110705493),-33.7600084,150.7552981,park
Unnamed park (way/1110965348),-33.7534253,150.7195277,park
Unnamed park (way/1112240663),-33.719183,150.8943872,park
Unnamed park (way/1112418432),-34.0499188,150.7705848,park
Unnamed park (way/1115338380),-33.879396,151.262493,park
Unnamed park (way/1116242534),-33.8443415,151.0749576,park
Unnamed park (way/1117753991),-33.8409887,151.0493819,park
Unnamed park (way/1117753993),-33.8429065,151.0491039,park
Unnamed park (way/1117753994),-33.8445209,151.05094,park
Unnamed park (way/1117760787),-33.8402182,151.0192409,park
Unnamed park (way/1118882029),-33.9451376,151.0202187,park
Unnamed park (way/1120971488),-33.6893552,150.9295661,park
Unnamed park (way/112455684),-33.9303649,150.6326085,park
Unnamed park (way/1124638304),-33.7923879,150.7716933,park
Unnamed park (way/1125517501),-33.7379622,151.1147092,park
Unnamed park (way/1125736628),-33.4269454,151.3957848,park
Unnamed park (way/1126415078),-33.9171734,151.0720819,park
Unnamed park (way/1128122332),-34.0356418,151.0857932,park
Unnamed park (way/1131277083),-33.5186535,151.3113674,park
Unnamed park (way/113320916),-34.0294049,151.1064612,park
Unnamed park (way/1133992821),-33.9488007,150.8078937,park
Unnamed park (way/1136311986),-33.5200427,151.3078187,park
Unnamed park (way/1136334152),-33.5205085,151.3095571,park
Unnamed park (way/113885222),-33.7694782,151.0531489,park
Unnamed park (way/114320259),-33.7596063,151.0572133,park
Unnamed park (way/1143830921),-33.9612721,150.9812156,park
Unnamed park (way/114412276),-33.7843301,150.8996169,park
Unnamed park (way/1144315468),-34.0127192,150.7599465,park
Unnamed park (way/1148510169),-33.9596411,151.1010706,park
Unnamed park (way/1149321842),-33.6936292,150.8228027,park
Unnamed park (way/1149552305),-33.6661717,150.8776662,park
Unnamed park (way/1149559523),-33.8067365,150.6895334,park
Unnamed park (way/1149559524),-33.8032003,150.685677,park
Unnamed park (way/1149559525),-33.8073524,150.6844854,park
Unnamed park (way/115512018),-33.7675387,150.9053339,park
Unnamed park (way/1155202389),-33.7565838,151.1978509,park
Unnamed park (way/1155348971),-34.0030022,151.085729,park
Unnamed park (way/1157870465),-33.9067065,150.8793664,park
Unnamed park (way/1158057518),-33.5295388,151.2975332,park
Unnamed park (way/1160837840),-33.8444638,151.2823551,park
Unnamed park (way/1161397070),-33.7649069,150.7769682,park
Unnamed park (way/1161397071),-33.7648184,150.7761791,park
Unnamed park (way/1162442615),-33.991824,151.0895972,park
Unnamed park (way/1162442637),-33.9881568,151.0812058,park
Unnamed park (way/1162801026),-33.990397,151.1131113,park
Unnamed park (way/1164600336),-33.9836528,151.0694204,park
Unnamed park (way/1165338623),-33.807547,150.9882241,park
Unnamed park (way/1167385107),-33.9915812,150.7338567,park
Unnamed park (way/1167888121),-33.73308,150.9664476,park
Unnamed park (way/1168866864),-34.2301829,150.68466,park
Unnamed park (way/1169029023),-33.976385,151.2469171,park
Unnamed park (way/1173877795),-33.5148933,151.3141663,park
Unnamed park (way/1181324309),-33.9011479,151.1246649,park
Unnamed park (way/118262585),-34.0211156,151.0502864,park
Unnamed park (way/118262587),-34.0226487,151.0494729,park
Unnamed park (way/118263506),-33.9999236,151.0345273,park
Unnamed park (way/1189321009),-33.8875811,151.1245729,park
Unnamed park (way/1192526836),-33.7394744,150.7169485,park
Unnamed park (way/1193054645),-33.8811026,151.1127228,park
Unnamed park (way/1193701052),-33.8604585,151.2008588,park
Unnamed park (way/1196710855),-33.8135526,151.0242266,park
Unnamed park (way/1196710857),-33.8133093,151.0236774,park
Unnamed park (way/1196710858),-33.8131058,151.0233297,park
Unnamed park (way/1196710859),-33.8132856,151.0234636,park
Unnamed park (way/1204168643),-33.9223223,151.0752053,park
Unnamed park (way/1206018427),-33.8469154,151.0851876,park
Unnamed park (way/1206591102),-33.9123404,151.1297525,park
Unnamed park (way/1206858531),-33.9119045,151.137159,park
Unnamed park (way/1208386116),-33.9296216,151.1480392,park
Unnamed park (way/1209573898),-33.86216,151.1664019,park
Unnamed park (way/1209573903),-33.8618088,151.1653321,park
Unnamed park (way/1209573904),-33.861368,151.1645219,park
Unnamed park (way/1209658384),-33.726579,150.8929693,park
Unnamed park (way/1211485174),-34.0114466,151.2103846,park
Unnamed park (way/1214068589),-33.7491376,150.8004163,park
Unnamed park (way/1215286540),-33.9022667,151.1378869,park
Unnamed park (way/1216134774),-33.7987765,151.2233405,park
Unnamed park (way/1217731566),-34.134979,150.9913241,park
Unnamed park (way/1218928360),-33.9334037,151.1595271,park
Unnamed park (way/1219278431),-33.7317421,150.8216417,park
Unnamed park (way/1219278433),-33.7298015,150.822126,park
Unnamed park (way/1219278434),-33.7301724,150.8205379,park
Unnamed park (way/1219278435),-33.7309037,150.8200764,park
Unnamed park (way/1219278436),-33.7318104,150.8162925,park
Unnamed park (way/1219278441),-33.7309141,150.8177918,park
Unnamed park (way/1219278442),-33.7304547,150.8177325,park
Unnamed park (way/1219278443),-33.7298057,150.818708,park
Unnamed park (way/1219282271),-33.7324976,150.8055605,park
Unnamed park (way/1219402215),-33.7263981,150.81784,park
Unnamed park (way/1219469651),-33.9731401,150.8572053,park
Unnamed park (way/1219469654),-33.9727733,150.8566275,park
Unnamed park (way/1219478902),-33.9027393,151.1850835,park
Unnamed park (way/1219938053),-34.0214159,150.8009911,park
Unnamed park (way/1219938058),-34.0153171,150.8244652,park
Unnamed park (way/1220251732),-33.9235939,151.2076091,park
Unnamed park (way/1223052799),-34.2309107,150.6957592,park
Unnamed park (way/1223252482),-33.8889017,151.1143351,park
Unnamed park (way/1225862414),-33.8909692,151.2205712,park
Unnamed park (way/1226633334),-33.8291013,151.2244568,park
Unnamed park (way/1227496886),-33.8630479,151.2811926,park
Unnamed park (way/1228560129),-33.8515317,151.0625185,park
Unnamed park (way/1228565329),-33.7531474,150.9014083,park
Unnamed park (way/1228565331),-33.7493635,150.8999915,park
Unnamed park (way/1229215418),-33.8208812,151.0522653,park
Unnamed park (way/1229591685),-33.9257777,150.9124709,park
Unnamed park (way/1232062634),-33.6978128,150.5707721,park
Unnamed park (way/1232622999),-33.8136146,151.0452786,park
Unnamed park (way/1239597238),-33.7284236,151.0743984,park
Unnamed park (way/1239597239),-33.7281341,151.074732,park
Unnamed park (way/1241284684),-33.8175237,151.0243974,park
Unnamed park (way/1242402005),-33.755337,150.9900928,park
Unnamed park (way/1243075875),-33.7852923,150.9774248,park
Unnamed park (way/1249335245),-34.0801022,151.0550479,park
Unnamed park (way/1249365711),-34.0282056,151.0590803,park
Unnamed park (way/1249365712),-34.0350043,151.0689686,park
Unnamed park (way/1252288254),-33.8777482,151.2027628,park
Unnamed park (way/1253243316),-34.2265988,150.6819879,park
Unnamed park (way/1253252267),-34.2296434,150.6837604,park
Unnamed park (way/1260485945),-33.8813709,151.2216758,park
Unnamed park (way/1261367365),-33.7321874,150.9628173,park
Unnamed park (way/1263399214),-33.8435919,151.2328953,park
Unnamed park (way/1266046632),-34.0430521,151.0309193,park
Unnamed park (way/1266046633),-34.0434259,151.0303957,park
Unnamed park (way/1268055285),-33.9050524,150.8726529,park
Unnamed park (way/1268055298),-33.8985071,150.8725675,park
Unnamed park (way/1269286426),-33.7376204,150.7802699,park
Unnamed park (way/1270341858),-33.8602836,151.1844858,park
Unnamed park (way/1272172935),-33.8407358,151.1465862,park
Unnamed park (way/1272172941),-33.8385927,151.1479528,park
Unnamed park (way/1273789127),-33.933123,151.0424243,park
Unnamed park (way/1274314547),-33.891344,151.1987889,park
Unnamed park (way/1278472031),-33.8562878,151.0981877,park
Unnamed park (way/1279812581),-33.9567681,151.2058624,park
Unnamed park (way/1282073415),-33.8843543,150.9973112,park
Unnamed park (way/1285162449),-33.8494974,151.1149553,park
Unnamed park (way/1286769378),-33.9455872,151.1242482,park
Unnamed park (way/1286775448),-33.7104444,150.9488361,park
Unnamed park (way/1286801587),-33.8488595,151.0729535,park
Unnamed park (way/1287329335),-33.9077286,151.2023585,park
Unnamed park (way/1289032459),-33.7756106,151.0782042,park
Unnamed park (way/1290580873),-34.0233325,150.7741701,park
Unnamed park (way/1290580879),-34.0228005,150.7746767,park
Unnamed park (way/1290821450),-33.6716117,150.8634293,park
Unnamed park (way/1290905906),-33.9378569,150.9822009,park
Unnamed park (way/1295261051),-33.8664122,151.0891429,park
Unnamed park (way/1297581035),-33.8039255,151.2409072,park
Unnamed park (way/1297892727),-34.0142706,150.7791658,park
Unnamed park (way/1297892729),-34.013429,150.7790815,park
Unnamed park (way/1299462398),-33.8863939,151.1390767,park
Unnamed park (way/1299698503),-33.8632033,151.2032199,park
Unnamed park (way/1299909509),-34.0573459,150.6910072,park
Unnamed park (way/1301435657),-34.0672074,151.12137,park
Unnamed park (way/1301435658),-34.0646429,151.1200713,park
Unnamed park (way/1301976162),-33.7499708,151.0234201,park
Unnamed park (way/1302629046),-33.9512201,150.8629929,park
Unnamed park (way/1302656060),-33.7896244,151.2533641,park
Unnamed park (way/1302875563),-34.013015,151.0721121,park
Unnamed park (way/1303266972),-33.9197408,151.1594938,park
Unnamed park (way/1305209556),-33.9326286,151.1119062,park
Unnamed park (way/1306228465),-33.7295675,151.121096,park
Unnamed park (way/1307765735),-34.0092942,150.7612742,park
Unnamed park (way/1308133778),-33.8612152,151.2029786,park
Unnamed park (way/1310862671),-33.9366449,151.1956353,park
Unnamed park (way/1312360391),-33.6528914,151.0466713,park
Unnamed park (way/1312716357),-33.6865536,150.8171117,park
Unnamed park (way/1312716358),-33.6875186,150.8171872,park
Unnamed park (way/1312716359),-33.6852431,150.817297,park
Unnamed park (way/1312927707),-33.692498,150.9060129,park
Unnamed park (way/1313392748),-33.7290511,150.9598637,park
Unnamed park (way/1313392752),-33.729147,150.9603144,park
Unnamed park (way/1313392755),-33.7313734,150.9596704,park
Unnamed park (way/1314359309),-33.5378478,151.2421197,park
Unnamed park (way/1314609940),-33.8892815,151.1166721,park
Unnamed park (way/1321519874),-33.8203195,151.2278819,park
Unnamed park (way/1321551137),-33.81696,151.2437157,park
Unnamed park (way/1328999664),-33.8870053,151.0352669,park
Unnamed park (way/1329581479),-33.8203156,151.098127,park
Unnamed park (way/1341117873),-33.7893572,151.1912996,park
Unnamed park (way/134139599),-34.0807116,150.7957184,park
Unnamed park (way/134139600),-34.0834112,150.7930741,park
Unnamed park (way/134139601),-34.0797493,150.7954189,park
Unnamed park (way/134139603),-34.0814163,150.7963352,park
Unnamed park (way/1344684973),-33.931871,150.9087553,park
Unnamed park (way/1346637139),-34.0066003,150.7790866,park
Unnamed park (way/1347236006),-34.2898029,150.5795554,park
Unnamed park (way/1347309274),-34.0611723,151.1067792,park
Unnamed park (way/1347705803),-33.7792435,151.1949748,park
Unnamed park (way/1349507209),-33.7309285,151.2227616,park
Unnamed park (way/1349967300),-33.7443818,150.8767958,park
Unnamed park (way/1349972634),-33.7407306,150.8762146,park
Unnamed park (way/1350045292),-33.7552038,150.8807609,park
Unnamed park (way/1352813820),-34.002815,150.7522452,park
Unnamed park (way/1354130009),-33.932231,150.9481411,park
Unnamed park (way/1354622143),-33.6358417,151.3311186,park
Unnamed park (way/1355037650),-33.4492762,151.444428,park
Unnamed park (way/1355838269),-33.9493538,151.1181131,park
Unnamed park (way/1357665186),-33.9491663,150.870833,park
Unnamed park (way/1357665187),-33.943702,150.8679055,park
Unnamed park (way/13577663),-33.6967938,151.3051334,park
Unnamed park (way/1357890467),-33.8465095,151.1400165,park
Unnamed park (way/1357929077),-33.7139079,150.9305613,park
Unnamed park (way/13580577),-33.6929972,151.3073984,park
Unnamed park (way/1358234683),-33.8661826,151.1894677,park
Unnamed park (way/1362061137),-33.7123972,150.9241182,park
Unnamed park (way/1362061138),-33.7120436,150.9222865,park
Unnamed park (way/1362061139),-33.7148916,150.9215026,park
Unnamed park (way/1362551057),-34.0700391,150.7418663,park
Unnamed park (way/1364000901),-33.8244436,151.1605593,park
Unnamed park (way/1368005274),-33.940359,151.1501915,park
Unnamed park (way/137071989),-33.8956218,151.1820184,park
Unnamed park (way/1373529008),-33.7786531,150.8716141,park
Unnamed park (way/1384311670),-33.6354572,151.3056132,park
Unnamed park (way/1385471396),-33.8912612,151.182836,park
Unnamed park (way/1386321921),-33.8211044,150.9292109,park
Unnamed park (way/1389934966),-33.6854825,151.2867526,park
Unnamed park (way/1392272560),-33.9850766,151.1262143,park
Unnamed park (way/1393419819),-33.8882143,151.0912478,park
Unnamed park (way/1395890901),-33.6591938,151.2990246,park
Unnamed park (way/139841882),-33.8973204,151.1941447,park
Unnamed park (way/1410043583),-33.9286473,151.2332129,park
Unnamed park (way/1412752702),-33.729253,150.6280046,park
Unnamed park (way/1414658668),-34.0270991,151.049337,park
Unnamed park (way/1415129262),-33.9102584,151.251875,park
Unnamed park (way/1415573894),-33.7478606,151.2367315,park
Unnamed park (way/1417531350),-33.6024611,151.327269,park
Unnamed park (way/142043753),-33.8972385,151.1140971,park
Unnamed park (way/1421464753),-33.9194419,151.0306677,park
Unnamed park (way/1424032262),-33.9792394,150.8145909,park
Unnamed park (way/1424335551),-33.5842259,150.6996868,park
Unnamed park (way/1424544946),-33.5840877,150.7023326,park
Unnamed park (way/1427623886),-33.8225158,151.1500003,park
Unnamed park (way/1428456136),-33.8436889,151.1523184,park
Unnamed park (way/1431671794),-33.8968505,151.1181792,park
Unnamed park (way/1431674834),-33.9134588,151.0284338,park
Unnamed park (way/1432200096),-34.0059585,150.7504632,park
Unnamed park (way/1433553977),-33.6054551,150.7770257,park
Unnamed park (way/1434959370),-33.8708029,151.2176887,park
Unnamed park (way/1450986594),-33.847557,151.2803793,park
Unnamed park (way/1452363075),-34.0134661,151.0639893,park
Unnamed park (way/145267770),-33.8793594,151.1925533,park
Unnamed park (way/145267773),-33.8750064,151.1921196,park
Unnamed park (way/1456845814),-33.7201148,151.2982779,park
Unnamed park (way/1458666197),-33.9183718,151.0116478,park
Unnamed park (way/1459209069),-33.8032324,151.1807467,park
Unnamed park (way/1459938002),-33.9073955,151.1394246,park
Unnamed park (way/1459979804),-33.7113339,150.8190276,park
Unnamed park (way/1460031371),-33.770997,150.7338127,park
Unnamed park (way/1460042192),-33.7597437,150.7524539,park
Unnamed park (way/1460042212),-33.7610241,150.7558995,park
Unnamed park (way/1460918216),-33.9034115,151.1854034,park
Unnamed park (way/1463561394),-33.9853763,150.8245948,park
Unnamed park (way/1463561395),-33.9827312,150.8245392,park
Unnamed park (way/1464018908),-33.7014188,150.8042499,park
Unnamed park (way/1466015588),-33.9021894,150.6916283,park
Unnamed park (way/1467707163),-33.9481415,151.1623813,park
Unnamed park (way/1467707184),-33.9501248,151.157711,park
Unnamed park (way/1467713462),-33.7109313,150.9504425,park
Unnamed park (way/1471619805),-33.8107592,151.1972662,park
Unnamed park (way/1471884224),-33.7566231,151.1533185,park
Unnamed park (way/1479469730),-33.9977386,150.8994909,park
Unnamed park (way/1479493961),-34.2184083,150.6849255,park
Unnamed park (way/1479937494),-33.8580818,151.1863421,park
Unnamed park (way/1479937495),-33.8533485,151.1830205,park
Unnamed park (way/1484195886),-33.8342227,151.1943261,park
Unnamed park (way/1485910870),-34.0429868,151.1613951,park
Unnamed park (way/1490445116),-33.6935378,150.9127967,park
Unnamed park (way/1491130670),-33.6978994,150.8090447,park
Unnamed park (way/1492879647),-33.8454714,151.2043117,park
Unnamed park (way/1493373840),-33.6425261,151.2946449,park
Unnamed park (way/1493373854),-33.6414057,151.2895311,park
Unnamed park (way/1493373855),-33.6387625,151.2892853,park
Unnamed park (way/1494451527),-33.8400191,151.1999741,park
Unnamed park (way/1495753357),-33.8603735,151.1917075,park
Unnamed park (way/1495804373),-33.8415777,151.2180724,park
Unnamed park (way/1496343330),-33.7177131,151.1167623,park
Unnamed park (way/1496490078),-34.1718556,150.6032718,park
Unnamed park (way/1496490079),-34.1732764,150.6071111,park
Unnamed park (way/1496500514),-34.2061956,150.5727918,park
Unnamed park (way/1497670187),-33.7138115,150.9172178,park
Unnamed park (way/1498418847),-33.8522295,151.1610665,park
Unnamed park (way/1500242218),-33.8382369,151.1650653,park
Unnamed park (way/1500242280),-33.837425,151.1774808,park
Unnamed park (way/1500949395),-33.9921262,150.7445643,park
Unnamed park (way/1501586675),-33.7165135,150.9492712,park
Unnamed park (way/1501586682),-33.7149761,150.9493385,park
Unnamed park (way/1501586683),-33.7134942,150.9495916,park
Unnamed park (way/1502649047),-33.724099,150.9287127,park
Unnamed park (way/1502649048),-33.7232598,150.9292527,park
Unnamed park (way/1504058299),-33.6965397,150.9358502,park
Unnamed park (way/1505591860),-34.2141327,150.6898245,park
Unnamed park (way/1507652175),-33.8303457,151.2181589,park
Unnamed park (way/1507658067),-33.8315455,151.2210273,park
Unnamed park (way/1507940531),-33.8408031,151.2132003,park
Unnamed park (way/1510238139),-33.5869953,150.6997013,park
Unnamed park (way/1510884193),-33.836537,151.2080563,park
Unnamed park (way/1511157326),-33.8520511,151.1526819,park
Unnamed park (way/1512037780),-34.0643567,150.7230512,park
Unnamed park (way/1512037781),-34.0656279,150.7296572,park
Unnamed park (way/1519565466),-33.836593,151.2245018,park
Unnamed park (way/1519566562),-34.0172963,150.8053871,park
Unnamed park (way/151982837),-33.8583258,151.2037636,park
Unnamed park (way/151997169),-33.8605854,151.150585,park
Unnamed park (way/1523479858),-33.6454099,151.2823128,park
Unnamed park (way/1524452491),-34.1290098,150.7455158,park
Unnamed park (way/152447634),-34.0211155,151.1171722,park
Unnamed park (way/1525491988),-33.8463933,151.2298994,park
Unnamed park (way/1529323335),-33.8432369,151.222395,park
Unnamed park (way/1530962472),-33.816397,151.2369162,park
Unnamed park (way/1530962473),-33.8169113,151.2368578,park
Unnamed park (way/1531020946),-33.8218957,151.2435375,park
Unnamed park (way/1531183963),-33.8380783,151.1213097,park
Unnamed park (way/1531186941),-33.8360658,151.1411633,park
Unnamed park (way/1531189197),-33.8312677,151.170417,park
Unnamed park (way/1531189225),-33.8317373,151.1800442,park
Unnamed park (way/1531890044),-33.7138541,150.8725686,park
Unnamed park (way/153292011),-34.2635462,150.8050483,park
Unnamed park (way/153292012),-34.2627546,150.8085029,park
Unnamed park (way/153292013),-34.2643388,150.8050928,park
Unnamed park (way/1534236355),-33.8292655,151.1884916,park
Unnamed park (way/1534257853),-33.8260387,151.214211,park
Unnamed park (way/1535192377),-33.7324787,150.9577235,park
Unnamed park (way/1537623951),-33.8364892,151.1983848,park
Unnamed park (way/1537627900),-33.8318996,151.191603,park
Unnamed park (way/1544741284),-33.8438041,151.2120163,park
Unnamed park (way/1546717495),-33.9374336,151.0839348,park
Unnamed park (way/1546717507),-33.9381348,151.0805535,park
Unnamed park (way/1548102816),-33.8737127,151.2167118,park
Unnamed park (way/1549023152),-33.9625805,150.8985201,park
Unnamed park (way/1552197015),-33.8707792,151.1487547,park
Unnamed park (way/1553763931),-33.8721601,151.1504276,park
Unnamed park (way/1554402648),-33.8912634,151.0291254,park
Unnamed park (way/1554402649),-33.8913231,151.029533,park
Unnamed park (way/1555869029),-33.9634192,151.2443958,park
Unnamed park (way/1555869052),-33.9676984,151.2394147,park
Unnamed park (way/1555869053),-33.9683297,151.2386381,park
Unnamed park (way/1558203478),-34.0233489,151.0820604,park
Unnamed park (way/15647631),-33.7018704,151.0906499,park
Unnamed park (way/16172496),-33.766331,151.2870867,park
Unnamed park (way/162344114),-33.9350651,151.1358599,park
Unnamed park (way/162568224),-33.891727,151.0000693,park
Unnamed park (way/162568226),-33.8578897,151.001548,park
Unnamed park (way/163696093),-33.7592377,151.0535871,park
Unnamed park (way/16666004),-33.8552116,151.1869238,park
Unnamed park (way/16748361),-33.8829193,151.2050347,park
Unnamed park (way/16829218),-33.8560343,151.194951,park
Unnamed park (way/170532949),-33.9062222,151.1191199,park
Unnamed park (way/17116229),-33.8625289,151.1811714,park
Unnamed park (way/17116420),-33.8639499,151.1800159,park
Unnamed park (way/171238246),-33.820296,151.2389864,park
Unnamed park (way/172383890),-33.9397491,151.2032138,park
Unnamed park (way/172384799),-33.9470177,151.2086118,park
Unnamed park (way/172789281),-33.5917036,150.726611,park
Unnamed park (way/172840239),-33.9468351,151.2224609,park
Unnamed park (way/172857568),-33.9456731,151.2403036,park
Unnamed park (way/172996171),-33.7706101,150.690674,park
Unnamed park (way/173157860),-33.8797858,151.1984078,park
Unnamed park (way/173229579),-33.8724562,151.2786617,park
Unnamed park (way/173229684),-33.8667053,151.2836032,park
Unnamed park (way/173230363),-33.8608154,151.2831017,park
Unnamed park (way/173274332),-33.9565531,151.2443989,park
Unnamed park (way/173274333),-33.9551554,151.243087,park
Unnamed park (way/173297715),-34.0111863,151.1260352,park
Unnamed park (way/173528857),-33.9031457,151.1090262,park
Unnamed park (way/173528870),-33.9040519,151.1048531,park
Unnamed park (way/173529179),-33.9052127,151.1108405,park
Unnamed park (way/173625582),-34.0473603,150.7459696,park
Unnamed park (way/173686747),-33.8700077,150.8810361,park
Unnamed park (way/173851923),-33.9060159,151.2187859,park
Unnamed park (way/174006114),-33.9419264,151.109505,park
Unnamed park (way/174088892),-34.0303157,150.7441974,park
Unnamed park (way/174378614),-33.897109,151.1571388,park
Unnamed park (way/174445633),-33.7892526,150.6812609,park
Unnamed park (way/174548237),-33.7856309,150.6873339,park
Unnamed park (way/174756964),-33.8938668,151.1651659,park
Unnamed park (way/174906856),-33.7744718,150.6686834,park
Unnamed park (way/174909444),-33.7940963,150.6665148,park
Unnamed park (way/175579538),-33.9470704,151.0282029,park
Unnamed park (way/175624055),-33.9375357,150.9565476,park
Unnamed park (way/175773341),-33.9553048,150.9572917,park
Unnamed park (way/175884964),-33.937362,150.8291058,park
Unnamed park (way/175884973),-33.9381666,150.8290658,park
Unnamed park (way/175884975),-33.9378509,150.8290798,park
Unnamed park (way/176231284),-33.9373888,151.1192671,park
Unnamed park (way/176238357),-33.988016,151.1205306,park
Unnamed park (way/176742075),-33.8927592,151.1196422,park
Unnamed park (way/178930971),-33.8764998,151.1503682,park
Unnamed park (way/181050615),-33.8057347,150.9883655,park
Unnamed park (way/182090277),-33.8533836,151.1608108,park
Unnamed park (way/182135786),-33.8888865,151.0574959,park
Unnamed park (way/182641193),-33.9497413,151.0735155,park
Unnamed park (way/182839441),-34.1810093,150.6096237,park
Unnamed park (way/182955527),-33.9366384,150.9420305,park
Unnamed park (way/182955577),-34.0390213,150.8257266,park
Unnamed park (way/182956031),-33.9250138,150.9361747,park
Unnamed park (way/183250811),-33.92026,151.1368792,park
Unnamed park (way/183385598),-33.9224612,151.1517456,park
Unnamed park (way/183385601),-33.9212981,151.1501342,park
Unnamed park (way/183526366),-33.8060162,151.2112745,park
Unnamed park (way/183687922),-33.9184274,151.1212258,park
Unnamed park (way/183687923),-33.9176768,151.1201556,park
Unnamed park (way/184499707),-33.9013605,151.0914891,park
Unnamed park (way/185739881),-33.7877394,151.2395084,park
Unnamed park (way/187571970),-33.9077442,151.1068282,park
Unnamed park (way/189986401),-33.9871632,151.1388361,park
Unnamed park (way/191034577),-33.8203326,151.2172469,park
Unnamed park (way/191172613),-33.8426365,151.1947363,park
Unnamed park (way/191327506),-33.7723155,151.1013797,park
Unnamed park (way/192053557),-33.9013149,151.0046503,park
Unnamed park (way/193041006),-34.0375376,150.8298747,park
Unnamed park (way/194872236),-33.7490839,151.1115021,park
Unnamed park (way/194872551),-33.7544576,151.1141196,park
Unnamed park (way/195516956),-33.7488194,151.1124574,park
Unnamed park (way/196574816),-33.8713127,151.148665,park
Unnamed park (way/196574817),-33.8702889,151.1465745,park
Unnamed park (way/197979921),-33.8250786,151.2229545,park
Unnamed park (way/197979926),-33.8184879,151.2296926,park
Unnamed park (way/198585405),-34.0585162,150.731434,park
Unnamed park (way/198672294),-33.8728826,151.0444159,park
Unnamed park (way/200148269),-33.8366655,151.2266398,park
Unnamed park (way/201515777),-33.7117214,151.0837888,park
Unnamed park (way/201525050),-33.7230764,151.0804471,park
Unnamed park (way/201707237),-33.7217318,151.0774364,park
Unnamed park (way/202276476),-33.9099106,151.2493207,park
Unnamed park (way/203428825),-33.7205711,151.09676,park
Unnamed park (way/20436460),-33.7814853,151.1183941,park
Unnamed park (way/204620948),-33.8351424,151.2355971,park
Unnamed park (way/204767743),-33.7256654,150.723244,park
Unnamed park (way/205583076),-33.8255575,151.2412671,park
Unnamed park (way/205719529),-33.8145668,151.2388161,park
Unnamed park (way/205850064),-33.6942732,151.1010356,park
Unnamed park (way/206612819),-33.7045546,151.0741417,park
Unnamed park (way/206614019),-33.7833411,150.8823996,park
Unnamed park (way/206811739),-33.8092755,151.192198,park
Unnamed park (way/206943150),-33.7987376,151.1558917,park
Unnamed park (way/207568002),-33.8511467,151.1817192,park
Unnamed park (way/207667649),-33.7525669,151.0666157,park
Unnamed park (way/207686187),-33.8337814,151.1646698,park
Unnamed park (way/207686194),-33.8338694,151.1664555,park
Unnamed park (way/207716860),-33.8105825,151.1297993,park
Unnamed park (way/207716863),-33.8070547,151.1349093,park
Unnamed park (way/207716878),-33.810271,151.1261422,park
Unnamed park (way/207840952),-33.8391489,151.1820144,park
Unnamed park (way/208642595),-33.8872809,151.1897809,park
Unnamed park (way/208642636),-33.8904218,151.1917286,park
Unnamed park (way/208642642),-33.8873335,151.1896954,park
Unnamed park (way/208642645),-33.8868222,151.1896752,park
Unnamed park (way/208642653),-33.8869007,151.1896741,park
Unnamed park (way/208932921),-33.7763178,150.884438,park
Unnamed park (way/208932922),-33.7778416,150.8860851,park
Unnamed park (way/208932923),-33.7793218,150.8875078,park
Unnamed park (way/208932924),-33.7768011,150.8850971,park
Unnamed park (way/209935835),-33.7382164,151.1375031,park
Unnamed park (way/209937092),-33.696443,151.1493712,park
Unnamed park (way/210887620),-33.7649032,150.9223887,park
Unnamed park (way/217632717),-33.7389924,150.850277,park
Unnamed park (way/217632720),-33.7299145,150.8418563,park
Unnamed park (way/217632729),-33.7300202,150.8377282,park
Unnamed park (way/217632730),-33.7283998,150.8330184,park
Unnamed park (way/217632732),-33.7432426,150.848747,park
Unnamed park (way/217632733),-33.7429765,150.8463726,park
Unnamed park (way/217632737),-33.7411761,150.8520019,park
Unnamed park (way/219612776),-33.8738757,151.2279993,park
Unnamed park (way/219861938),-33.8968603,151.1910338,park
Unnamed park (way/220835027),-34.0257026,151.1044653,park
Unnamed park (way/221552141),-33.646642,151.1051607,park
Unnamed park (way/224866198),-33.7692694,151.1805195,park
Unnamed park (way/224929308),-33.9577149,151.1169036,park
Unnamed park (way/226670170),-33.8976624,150.9630001,park
Unnamed park (way/226671359),-33.8879242,150.9673101,park
Unnamed park (way/226671360),-33.9074188,150.9332103,park
Unnamed park (way/226671361),-33.9123964,150.9276574,park
Unnamed park (way/226671363),-33.9078368,150.9275189,park
Unnamed park (way/226671365),-33.8893496,150.9632722,park
Unnamed park (way/226671370),-33.8872406,150.9776629,park
Unnamed park (way/227078153),-33.7449598,151.3036122,park
Unnamed park (way/22822018),-33.9034484,150.9451527,park
Unnamed park (way/228663636),-33.737229,151.2909616,park
Unnamed park (way/228666417),-33.7370355,151.3058196,park
Unnamed park (way/229027521),-34.0895646,150.7773444,park
Unnamed park (way/229050550),-34.2114672,151.0105681,park
Unnamed park (way/22931139),-33.7273817,150.6325671,park
Unnamed park (way/22944333),-33.8477594,151.1844836,park
Unnamed park (way/229550076),-33.890846,150.889748,park
Unnamed park (way/229550077),-33.8918052,150.8913981,park
Unnamed park (way/229550078),-33.8909929,150.8864762,park
Unnamed park (way/229550497),-33.8939864,150.8737315,park
Unnamed park (way/229552630),-33.8987268,150.8790577,park
Unnamed park (way/23019474),-34.0719503,151.1534946,park
Unnamed park (way/23051805),-33.7895902,151.2450503,park
Unnamed park (way/23051807),-33.7907026,151.2496898,park
Unnamed park (way/230626001),-33.7680397,151.1024011,park
Unnamed park (way/230626376),-33.8038872,151.0644084,park
Unnamed park (way/230626377),-33.8029775,151.0656771,park
Unnamed park (way/23102436),-34.0467529,151.1517702,park
Unnamed park (way/23186626),-34.0264704,151.1141458,park
Unnamed park (way/23242036),-33.7708186,151.0601294,park
Unnamed park (way/232625517),-34.0225667,151.0748323,park
Unnamed park (way/23295670),-33.9426629,151.0635951,park
Unnamed park (way/23295742),-33.9442676,151.0624864,park
Unnamed park (way/233075378),-33.7826367,151.0301104,park
Unnamed park (way/233075380),-33.7811595,151.0299533,park
Unnamed park (way/233075391),-33.7819365,151.0300396,park
Unnamed park (way/233075414),-33.7804628,151.0298278,park
Unnamed park (way/23326420),-33.6795806,151.0280493,park
Unnamed park (way/233266432),-33.8057872,151.1605745,park
Unnamed park (way/23336742),-33.9248649,151.0561776,park
Unnamed park (way/23343453),-33.9343916,151.060402,park
Unnamed park (way/23377044),-33.7881099,150.6758928,park
Unnamed park (way/23377685),-33.8423315,151.2121168,park
Unnamed park (way/234064722),-34.0562731,151.1148771,park
Unnamed park (way/234065526),-34.0541346,151.1287565,park
Unnamed park (way/234069642),-33.7375858,150.8142937,park
Unnamed park (way/234069650),-33.7441992,150.8127523,park
Unnamed park (way/234069664),-33.7401254,150.8184238,park
Unnamed park (way/234072668),-33.752562,150.8311429,park
Unnamed park (way/234072672),-33.7495026,150.8307758,park
Unnamed park (way/234094715),-33.7538085,150.8224331,park
Unnamed park (way/234094717),-33.7279295,150.7932679,park
Unnamed park (way/234094720),-33.749964,150.8249164,park
Unnamed park (way/234094727),-33.7569298,150.8272574,park
Unnamed park (way/234094729),-33.7479624,150.8223843,park
Unnamed park (way/234094730),-33.751107,150.8216995,park
Unnamed park (way/234094731),-33.736162,150.830853,park
Unnamed park (way/234094733),-33.7282087,150.8251042,park
Unnamed park (way/234094736),-33.7317162,150.8099926,park
Unnamed park (way/234094737),-33.7415448,150.832987,park
Unnamed park (way/234094738),-33.728826,150.8279467,park
Unnamed park (way/234094739),-33.7286069,150.8033464,park
Unnamed park (way/234094746),-33.7267111,150.826475,park
Unnamed park (way/234094749),-33.7579154,150.8381855,park
Unnamed park (way/234423036),-33.7291681,151.0867451,park
Unnamed park (way/234862546),-33.7750065,150.7762489,park
Unnamed park (way/23546521),-33.9171833,151.0033136,park
Unnamed park (way/23628594),-33.9315856,151.0361266,park
Unnamed park (way/236507905),-33.8491383,150.9798092,park
Unnamed park (way/236507906),-33.8493069,150.9807142,park
Unnamed park (way/23703465),-33.6620872,151.1190284,park
Unnamed park (way/237059076),-33.8469112,151.0717917,park
Unnamed park (way/237059272),-33.847059,151.0702286,park
Unnamed park (way/240278788),-33.7821061,151.0173467,park
Unnamed park (way/240279413),-33.7738939,151.0287832,park
Unnamed park (way/24042138),-33.9540466,150.9975749,park
Unnamed park (way/241883238),-33.8664324,151.1925627,park
Unnamed park (way/241885940),-33.864721,151.1934371,park
Unnamed park (way/24263476),-33.9568881,151.0136524,park
Unnamed park (way/24263494),-33.9564368,151.0102369,park
Unnamed park (way/242649374),-33.8802475,151.0430928,park
Unnamed park (way/24278021),-33.9487269,151.0213356,park
Unnamed park (way/242783187),-33.8594411,151.0511397,park
Unnamed park (way/242789827),-33.8601805,151.0402204,park
Unnamed park (way/24367198),-33.9801261,151.0125521,park
Unnamed park (way/24427176),-33.9583897,150.9902615,park
Unnamed park (way/24430079),-33.9487754,150.9761903,park
Unnamed park (way/24430080),-33.9481559,150.9783961,park
Unnamed park (way/24430183),-33.9398446,150.9767696,park
Unnamed park (way/244493377),-34.0490857,151.0485462,park
Unnamed park (way/244924297),-33.8097211,151.0151113,park
Unnamed park (way/244924924),-33.8137833,151.013012,park
Unnamed park (way/245168348),-33.8079269,151.0062463,park
Unnamed park (way/245280118),-33.8130545,151.0091332,park
Unnamed park (way/245280122),-33.8124676,151.0072045,park
Unnamed park (way/24800384),-33.7529882,150.6561219,park
Unnamed park (way/251111503),-33.7784841,150.6999748,park
Unnamed park (way/25325336),-33.7004024,150.5583601,park
Unnamed park (way/253257621),-33.9478615,150.8701144,park
Unnamed park (way/253257650),-33.9455824,150.8688088,park
Unnamed park (way/253257651),-33.947458,150.8732136,park
Unnamed park (way/253257652),-33.9466958,150.8693854,park
Unnamed park (way/253261199),-33.9443308,150.8475909,park
Unnamed park (way/253263664),-33.9626158,150.8901634,park
Unnamed park (way/253263668),-33.9357036,150.9000353,park
Unnamed park (way/253263673),-33.962717,150.8838744,park
Unnamed park (way/253268055),-33.9957159,150.8846883,park
Unnamed park (way/253270606),-33.9985067,150.8947439,park
Unnamed park (way/253270607),-33.9957363,150.8955992,park
Unnamed park (way/253270611),-33.9856767,150.8947506,park
Unnamed park (way/253270623),-33.9981437,150.8984011,park
Unnamed park (way/253272327),-33.9760067,150.8926291,park
Unnamed park (way/253278069),-34.068536,150.75332,park
Unnamed park (way/253278070),-34.0517804,150.7543304,park
Unnamed park (way/253278071),-34.0567245,150.7514848,park
Unnamed park (way/253278074),-34.0543289,150.7533182,park
Unnamed park (way/253279422),-34.0514484,150.7714625,park
Unnamed park (way/253280471),-34.0491194,150.7456628,park
Unnamed park (way/253282692),-34.0196878,150.737944,park
Unnamed park (way/253288940),-34.0146737,150.8137628,park
Unnamed park (way/253288945),-34.0200744,150.8063932,park
Unnamed park (way/253291608),-34.0297213,150.8062984,park
Unnamed park (way/253291610),-34.0275208,150.8051787,park
Unnamed park (way/253294045),-34.0428312,150.8179712,park
Unnamed park (way/253538444),-34.0517844,150.8062654,park
Unnamed park (way/253538446),-34.0500489,150.8047722,park
Unnamed park (way/253544174),-34.0436737,150.8251407,park
Unnamed park (way/253544177),-34.031508,150.8186094,park
Unnamed park (way/253544180),-34.0339641,150.8212889,park
Unnamed park (way/253544198),-34.0449823,150.8011162,park
Unnamed park (way/253544202),-34.0460358,150.822435,park
Unnamed park (way/253544203),-34.0360904,150.8055404,park
Unnamed park (way/253546406),-34.0228743,150.825495,park
Unnamed park (way/253546407),-34.0129464,150.833864,park
Unnamed park (way/253546408),-34.0295252,150.8281758,park
Unnamed park (way/253546410),-34.0137249,150.8386037,park
Unnamed park (way/253546411),-34.016097,150.8319383,park
Unnamed park (way/253546412),-34.0176256,150.8293389,park
Unnamed park (way/253546413),-34.0178864,150.819212,park
Unnamed park (way/253546414),-34.0195875,150.8268537,park
Unnamed park (way/253546415),-34.0265484,150.8290483,park
Unnamed park (way/253546416),-34.0151365,150.8351143,park
Unnamed park (way/253546422),-34.0170701,150.8375119,park
Unnamed park (way/253553826),-34.0266329,150.811361,park
Unnamed park (way/255381344),-33.600072,150.7392912,park
Unnamed park (way/255381345),-33.5804619,150.7064775,park
Unnamed park (way/255381346),-33.6093428,150.7428947,park
Unnamed park (way/255718463),-34.043984,151.0293288,park
Unnamed park (way/255719263),-34.0414279,151.0339317,park
Unnamed park (way/256552645),-33.8504702,151.0895579,park
Unnamed park (way/256789088),-34.013297,151.0498475,park
Unnamed park (way/257033420),-33.8187711,151.2258203,park
Unnamed park (way/258242080),-34.0454775,151.0253465,park
Unnamed park (way/258743978),-34.0145902,151.0818724,park
Unnamed park (way/258785116),-34.0270472,151.0712854,park
Unnamed park (way/259042279),-33.7740324,150.7055522,park
Unnamed park (way/259042282),-33.7705836,150.7018025,park
Unnamed park (way/25946494),-33.9411908,150.8376392,park
Unnamed park (way/259501588),-34.0284397,151.0893192,park
Unnamed park (way/260223833),-33.7015816,150.9140506,park
Unnamed park (way/260559810),-33.733439,151.2256618,park
Unnamed park (way/262261151),-34.0213581,151.0946409,park
Unnamed park (way/262482784),-34.0288497,151.0909624,park
Unnamed park (way/262833996),-34.0502637,151.0147445,park
Unnamed park (way/263326304),-33.8709426,151.0723148,park
Unnamed park (way/263577054),-33.7118791,150.9733242,park
Unnamed park (way/263745061),-33.7043441,150.976162,park
Unnamed park (way/263923842),-33.7336498,151.3025778,park
Unnamed park (way/263923846),-33.7326296,151.3018756,park
Unnamed park (way/263923893),-33.73483,151.3043555,park
Unnamed park (way/264248156),-33.860331,151.0078594,park
Unnamed park (way/264271098),-33.6049012,150.7425635,park
Unnamed park (way/264271099),-33.6080551,150.7428568,park
Unnamed park (way/264271100),-33.6058156,150.7455561,park
Unnamed park (way/265353792),-33.9260451,151.0924102,park
Unnamed park (way/265353793),-33.9267872,151.0922633,park
Unnamed park (way/26538920),-33.7231587,151.1127728,park
Unnamed park (way/26556848),-34.0872132,151.145425,park
Unnamed park (way/269107853),-33.8837019,151.1868761,park
Unnamed park (way/269528087),-33.9826691,151.0753214,park
Unnamed park (way/271447448),-33.7616955,151.1400066,park
Unnamed park (way/273224396),-33.6987079,150.9710217,park
Unnamed park (way/273898154),-34.0221138,151.0152944,park
Unnamed park (way/273927274),-33.8737263,150.8923334,park
Unnamed park (way/273933522),-34.0235755,151.0163572,park
Unnamed park (way/275192225),-33.7519681,150.9424548,park
Unnamed park (way/275632571),-33.6995239,150.9501801,park
Unnamed park (way/277476805),-33.7553883,150.9341881,park
Unnamed park (way/277496756),-33.7046201,150.9488637,park
Unnamed park (way/280418166),-33.7636397,150.9425322,park
Unnamed park (way/280421440),-33.7280451,150.9267851,park
Unnamed park (way/280437577),-33.7272981,150.9329603,park
Unnamed park (way/280439959),-33.7258494,150.9357903,park
Unnamed park (way/280672039),-33.7356326,150.9310646,park
Unnamed park (way/280673025),-33.7349127,150.9366351,park
Unnamed park (way/282456312),-33.9310026,151.1230618,park
Unnamed park (way/282456316),-33.9380373,151.1122393,park
Unnamed park (way/282456322),-33.9411999,151.1095355,park
Unnamed park (way/282465538),-33.8817628,150.9370161,park
Unnamed park (way/282853373),-33.905116,151.1403509,park
Unnamed park (way/283346126),-33.7727362,150.9350512,park
Unnamed park (way/283346129),-33.7732039,150.9333977,park
Unnamed park (way/283373891),-33.7705995,150.9234588,park
Unnamed park (way/284562180),-33.8254161,151.0871772,park
Unnamed park (way/284778243),-33.893846,151.0584476,park
Unnamed park (way/285877506),-33.6087898,150.7784405,park
Unnamed park (way/286016836),-33.7335161,150.9409208,park
Unnamed park (way/286017798),-33.7365307,150.9412241,park
Unnamed park (way/286363405),-33.710845,150.9304666,park
Unnamed park (way/286363406),-33.7172148,150.9307457,park
Unnamed park (way/286363407),-33.7156667,150.9336397,park
Unnamed park (way/286366812),-33.7136414,150.9240921,park
Unnamed park (way/286834008),-33.7348676,150.9143791,park
Unnamed park (way/287000661),-33.7079545,150.9287865,park
Unnamed park (way/287005393),-33.6961924,150.9103284,park
Unnamed park (way/288180522),-33.7862725,150.7728638,park
Unnamed park (way/288423417),-33.7110952,150.9055834,park
Unnamed park (way/288448375),-33.7390809,150.8911974,park
Unnamed park (way/288578247),-33.75227,150.899541,park
Unnamed park (way/289011300),-33.9752443,151.0195758,park
Unnamed park (way/291608767),-34.0705279,151.0065417,park
Unnamed park (way/293693675),-33.8699455,151.1904242,park
Unnamed park (way/297846944),-33.8778225,151.0965483,park
Unnamed park (way/299943556),-33.8836766,151.1881634,park
Unnamed park (way/301177713),-33.9038484,151.1825329,park
Unnamed park (way/303278875),-33.7715588,150.6858685,park
Unnamed park (way/303278881),-33.7816837,150.6990831,park
Unnamed park (way/303607038),-34.0550461,151.0038963,park
Unnamed park (way/304124334),-33.867206,151.1678379,park
Unnamed park (way/305837658),-33.7202717,150.8988251,park
Unnamed park (way/305837684),-33.7160542,150.8912145,park
Unnamed park (way/305837693),-33.7185062,150.9019778,park
Unnamed park (way/305959264),-33.6762448,150.9274098,park
Unnamed park (way/305959273),-33.6804993,150.9213403,park
Unnamed park (way/307717346),-34.0872069,150.8225708,park
Unnamed park (way/307847786),-34.1007841,150.8072115,park
Unnamed park (way/307863227),-34.1110238,150.8003038,park
Unnamed park (way/307876914),-34.1042056,150.7983425,park
Unnamed park (way/308858312),-33.7923679,150.7815945,park
Unnamed park (way/308996219),-34.0163715,150.8555526,park
Unnamed park (way/309851151),-33.7103546,150.8883591,park
Unnamed park (way/309851156),-33.6754686,150.9291613,park
Unnamed park (way/309853391),-33.6968168,151.0294086,park
Unnamed park (way/309853397),-33.7253549,151.0355815,park
Unnamed park (way/310044750),-34.0064996,150.866934,park
Unnamed park (way/310176161),-33.9986823,150.8711275,park
Unnamed park (way/310457813),-33.7041519,151.0977813,park
Unnamed park (way/31091832),-33.9913157,151.1281449,park
Unnamed park (way/311099875),-33.7850221,150.795303,park
Unnamed park (way/312180738),-33.7264317,150.8939833,park
Unnamed park (way/313059543),-33.9802597,151.1412391,park
Unnamed park (way/313220530),-33.7559124,151.0354988,park
Unnamed park (way/313362593),-33.7390317,150.9871184,park
Unnamed park (way/313363627),-33.7058222,150.922004,park
Unnamed park (way/313526427),-33.7263394,150.9250896,park
Unnamed park (way/313526434),-33.6990589,150.9200856,park
Unnamed park (way/313532372),-33.7397591,150.8268346,park
Unnamed park (way/313532390),-33.7447531,150.8510726,park
Unnamed park (way/313532436),-33.7405447,150.82853,park
Unnamed park (way/313532450),-33.7349907,150.8630338,park
Unnamed park (way/313532474),-33.7445369,150.8540086,park
Unnamed park (way/313535290),-33.7571798,150.8424757,park
Unnamed park (way/313535292),-33.7576987,150.8415339,park
Unnamed park (way/313535296),-33.755831,150.8448033,park
Unnamed park (way/313536371),-33.7919232,150.839863,park
Unnamed park (way/313536372),-33.7837272,150.8250923,park
Unnamed park (way/313662090),-33.7723962,151.0194975,park
Unnamed park (way/313662103),-33.7886585,151.0386621,park
Unnamed park (way/313760842),-33.7575326,150.8654976,park
Unnamed park (way/313760847),-33.7570695,150.8682884,park
Unnamed park (way/313760850),-33.7616746,150.8760745,park
Unnamed park (way/313761030),-33.7618959,150.8798288,park
Unnamed park (way/313770194),-33.7494076,150.7335284,park
Unnamed park (way/313770776),-33.7360769,150.709996,park
Unnamed park (way/313770777),-33.7390202,150.7141307,park
Unnamed park (way/313770782),-33.7419474,150.7100152,park
Unnamed park (way/313770784),-33.7378067,150.710581,park
Unnamed park (way/313770786),-33.7420715,150.7126072,park
Unnamed park (way/313770866),-33.731074,150.7089634,park
Unnamed park (way/313773341),-33.7143935,150.7175874,park
Unnamed park (way/313773345),-33.7144939,150.7211011,park
Unnamed park (way/313773346),-33.7194461,150.7136729,park
Unnamed park (way/313773347),-33.7159626,150.7215248,park
Unnamed park (way/313899036),-33.7151592,150.7067966,park
Unnamed park (way/313899055),-33.7278713,150.7118679,park
Unnamed park (way/313899062),-33.7169437,150.7120155,park
Unnamed park (way/313899078),-33.727249,150.7052158,park
Unnamed park (way/314353529),-33.7775301,150.8775442,park
Unnamed park (way/314353853),-33.7841801,150.8876412,park
Unnamed park (way/314353890),-33.7826833,150.8905249,park
Unnamed park (way/317621417),-33.8218345,150.9293111,park
Unnamed park (way/317621418),-33.8130263,150.931478,park
Unnamed park (way/317633178),-33.8587226,150.9059284,park
Unnamed park (way/317768646),-33.8863214,150.8852927,park
Unnamed park (way/319050191),-33.7870474,150.936443,park
Unnamed park (way/319968370),-33.7867009,150.9125734,park
Unnamed park (way/320144603),-33.8277506,151.0689526,park
Unnamed park (way/320897798),-33.7283774,150.906477,park
Unnamed park (way/321407824),-33.7766802,150.8898698,park
Unnamed park (way/322590426),-33.893677,151.1249956,park
Unnamed park (way/322859079),-33.7876617,150.7764242,park
Unnamed park (way/323213534),-33.87486,151.0454262,park
Unnamed park (way/324888319),-33.9118124,151.1051997,park
Unnamed park (way/325182137),-33.801661,150.8075897,park
Unnamed park (way/330709493),-33.7592002,151.092489,park
Unnamed park (way/331769890),-33.8943678,151.2188492,park
Unnamed park (way/331769891),-33.8912036,151.2215976,park
Unnamed park (way/332357880),-33.9507187,151.0698347,park
Unnamed park (way/335305650),-33.795761,150.9805877,park
Unnamed park (way/335305669),-33.8624469,150.9163585,park
Unnamed park (way/336955695),-34.0346668,151.0913351,park
Unnamed park (way/336955697),-34.0348526,151.0918013,park
Unnamed park (way/337986671),-33.8086396,150.8065838,park
Unnamed park (way/337986672),-33.8074786,150.7749431,park
Unnamed park (way/339555404),-33.6220757,150.8198396,park
Unnamed park (way/342885770),-33.7084038,151.1029789,park
Unnamed park (way/34353819),-33.9038047,151.1417677,park
Unnamed park (way/34551291),-33.842284,151.2093722,park
Unnamed park (way/34618945),-34.0867475,150.6924638,park
Unnamed park (way/34940916),-34.0986736,150.7027493,park
Unnamed park (way/34991195),-34.043147,150.7255245,park
Unnamed park (way/353447984),-33.7955482,150.7738812,park
Unnamed park (way/353447991),-33.8009943,150.7719293,park
Unnamed park (way/354346870),-33.9156265,150.9339468,park
Unnamed park (way/354346877),-33.9123204,150.9384026,park
Unnamed park (way/354356763),-33.9123237,150.9363757,park
Unnamed park (way/35564536),-33.9458565,151.0953253,park
Unnamed park (way/35569705),-34.1581652,150.6110051,park
Unnamed park (way/361224381),-33.9791805,151.1132576,park
Unnamed park (way/365627417),-33.9101815,150.8456056,park
Unnamed park (way/365627424),-33.9099569,150.8395983,park
Unnamed park (way/365630549),-33.8952466,150.8694318,park
Unnamed park (way/365630577),-33.8915171,150.8645134,park
Unnamed park (way/365639519),-33.8709526,150.9068956,park
Unnamed park (way/365639529),-33.8782566,150.9145592,park
Unnamed park (way/365639532),-33.8776098,150.9097082,park
Unnamed park (way/365639544),-33.8689226,150.9063738,park
Unnamed park (way/365639547),-33.8659903,150.895875,park
Unnamed park (way/365643073),-33.8485424,150.917326,park
Unnamed park (way/365643075),-33.8462048,150.9288734,park
Unnamed park (way/365648138),-33.8606946,150.8892041,park
Unnamed park (way/365648140),-33.8603541,150.8874375,park
Unnamed park (way/365648143),-33.8668043,150.8680438,park
Unnamed park (way/365786775),-33.8967751,150.8736096,park
Unnamed park (way/365793952),-33.9577944,150.8934307,park
Unnamed park (way/365799724),-33.7938185,150.6900443,park
Unnamed park (way/365800679),-33.7485873,150.707086,park
Unnamed park (way/366101931),-33.8941957,151.228192,park
Unnamed park (way/366272980),-33.9295106,151.1486542,park
Unnamed park (way/366401826),-33.7250511,151.1227464,park
Unnamed park (way/368418533),-33.8192484,150.9299075,park
Unnamed park (way/370017498),-33.7618932,150.990904,park
Unnamed park (way/370370546),-34.2043644,150.5704905,park
Unnamed park (way/37223020),-33.8489838,151.1366615,park
Unnamed park (way/373716465),-33.7825172,150.8323156,park
Unnamed park (way/37520167),-34.063559,150.691306,park
Unnamed park (way/377716768),-33.72276,151.1455002,park
Unnamed park (way/378384682),-33.7948009,151.1806071,park
Unnamed park (way/37900053),-33.8506381,151.1340924,park
Unnamed park (way/380040624),-33.9039365,150.9035312,park
Unnamed park (way/380040628),-33.8615651,150.9259071,park
Unnamed park (way/383559068),-33.8736262,150.9622522,park
Unnamed park (way/383562127),-33.8777744,150.9607639,park
Unnamed park (way/383699532),-33.8703683,150.9622982,park
Unnamed park (way/383700306),-33.865169,150.959903,park
Unnamed park (way/385523583),-33.9749032,151.2519609,park
Unnamed park (way/385775966),-33.7503333,150.8434151,park
Unnamed park (way/385784868),-33.5242501,150.8805196,park
Unnamed park (way/38610817),-33.8436679,151.2002908,park
Unnamed park (way/38811987),-33.8381542,151.2022552,park
Unnamed park (way/388385083),-33.6758107,150.8721024,park
Unnamed park (way/388396219),-33.7535796,150.9324663,park
Unnamed park (way/388958264),-33.8267503,151.2418009,park
Unnamed park (way/39018900),-33.606053,150.8184024,park
Unnamed park (way/391513147),-33.7387868,150.7982733,park
Unnamed park (way/39158577),-34.0747035,150.6902712,park
Unnamed park (way/39521591),-33.8248638,151.1995821,park
Unnamed park (way/396206448),-33.764203,150.7167172,park
Unnamed park (way/396206449),-33.7631568,150.7185212,park
Unnamed park (way/396635733),-33.858261,151.2026912,park
Unnamed park (way/396819767),-33.7313735,151.1293733,park
Unnamed park (way/396824941),-33.7267348,151.1427335,park
Unnamed park (way/396824946),-33.7401218,151.1407219,park
Unnamed park (way/39948756),-34.0817574,150.5631803,park
Unnamed park (way/400760415),-33.9736201,150.8902976,park
Unnamed park (way/400916002),-33.7041552,151.2705924,park
Unnamed park (way/403199463),-33.7870164,150.7809614,park
Unnamed park (way/403199473),-33.7975357,150.7727549,park
Unnamed park (way/403199474),-33.7855338,150.7735551,park
Unnamed park (way/403199484),-33.8071932,150.7783242,park
Unnamed park (way/403199490),-33.7913805,150.7874481,park
Unnamed park (way/403199501),-33.7920797,150.7946273,park
Unnamed park (way/403199503),-33.7921575,150.7994942,park
Unnamed park (way/403202993),-33.8012165,150.7762154,park
Unnamed park (way/403202994),-33.8099687,150.7925937,park
Unnamed park (way/403203009),-33.80249,150.8020564,park
Unnamed park (way/403203016),-33.8049772,150.8095412,park
Unnamed park (way/403203019),-33.8032681,150.786899,park
Unnamed park (way/403203023),-33.808421,150.8096622,park
Unnamed park (way/403203025),-33.7987963,150.8071438,park
Unnamed park (way/403203026),-33.8088275,150.8008755,park
Unnamed park (way/403203027),-33.7939329,150.8041377,park
Unnamed park (way/403203032),-33.800554,150.794945,park
Unnamed park (way/403203576),-33.776417,150.7737108,park
Unnamed park (way/403203593),-33.7762922,150.7746125,park
Unnamed park (way/403218357),-33.7680424,150.7241581,park
Unnamed park (way/403218358),-33.7704435,150.7226011,park
Unnamed park (way/403224855),-33.780287,150.7469881,park
Unnamed park (way/403224857),-33.7753392,150.7315435,park
Unnamed park (way/403431688),-33.7504701,150.7444504,park
Unnamed park (way/403441470),-33.7419,150.7428437,park
Unnamed park (way/403441498),-33.7387927,150.7200235,park
Unnamed park (way/403441499),-33.7417307,150.7226575,park
Unnamed park (way/403547231),-33.7207567,151.1458836,park
Unnamed park (way/403547242),-33.7213577,151.1484556,park
Unnamed park (way/403547243),-33.7210896,151.1486502,park
Unnamed park (way/403559634),-33.6526786,151.1543702,park
Unnamed park (way/403569143),-33.6629168,151.1573138,park
Unnamed park (way/403758096),-33.6605038,151.1604228,park
Unnamed park (way/403981389),-33.7091085,151.1636209,park
Unnamed park (way/405791464),-33.8973684,150.8487798,park
Unnamed park (way/405791466),-33.8880371,150.8423857,park
Unnamed park (way/407079235),-33.7571583,150.7568599,park
Unnamed park (way/407436777),-33.7545753,150.7373789,park
Unnamed park (way/407441388),-33.7395644,150.7066741,park
Unnamed park (way/407449294),-33.7259983,150.7175893,park
Unnamed park (way/407449309),-33.7262108,150.7154953,park
Unnamed park (way/407449313),-33.7248972,150.7145981,park
Unnamed park (way/407449316),-33.7241853,150.7159487,park
Unnamed park (way/407449317),-33.7260349,150.7205613,park
Unnamed park (way/407449325),-33.7163191,150.7182715,park
Unnamed park (way/407449328),-33.7136265,150.7137795,park
Unnamed park (way/407449330),-33.7155228,150.7154379,park
Unnamed park (way/407449334),-33.7166152,150.7237048,park
Unnamed park (way/407449336),-33.7153574,150.7242742,park
Unnamed park (way/407461640),-33.7195504,150.7069892,park
Unnamed park (way/407461659),-33.7056147,150.7169053,park
Unnamed park (way/407461680),-33.7125262,150.7196128,park
Unnamed park (way/407478344),-33.7271767,150.7281239,park
Unnamed park (way/407478346),-33.7253987,150.7332627,park
Unnamed park (way/407482147),-33.724122,150.7297403,park
Unnamed park (way/408253079),-33.7484935,150.6992795,park
Unnamed park (way/408277735),-33.7428894,150.7132381,park
Unnamed park (way/408277740),-33.7371796,150.7120866,park
Unnamed park (way/408277743),-33.74222,150.72041,park
Unnamed park (way/408277752),-33.7396801,150.7278427,park
Unnamed park (way/408277757),-33.7408387,150.7470026,park
Unnamed park (way/408278933),-33.7563571,150.7244693,park
Unnamed park (way/40949837),-33.8288819,151.2024071,park
Unnamed park (way/409797592),-33.7341568,150.7225184,park
Unnamed park (way/409797599),-33.7448918,150.7255887,park
Unnamed park (way/409797600),-33.7442617,150.7228559,park
Unnamed park (way/409797602),-33.7475321,150.7015081,park
Unnamed park (way/410527686),-33.7553421,150.6566785,park
Unnamed park (way/410992171),-33.7533529,150.7116099,park
Unnamed park (way/410992172),-33.7537588,150.7111932,park
Unnamed park (way/410992173),-33.753853,150.7117285,park
Unnamed park (way/410992174),-33.7539493,150.7124506,park
Unnamed park (way/410992175),-33.7541481,150.7104839,park
Unnamed park (way/411027939),-33.7597114,150.7171407,park
Unnamed park (way/412713320),-34.1919384,150.98323,park
Unnamed park (way/413071356),-33.7276006,150.7805579,park
Unnamed park (way/413071370),-33.730195,150.7872593,park
Unnamed park (way/413071371),-33.7295849,150.7849956,park
Unnamed park (way/413075338),-33.7462726,150.7728098,park
Unnamed park (way/413101274),-33.7363273,150.7797781,park
Unnamed park (way/413122683),-33.7260742,150.7825941,park
Unnamed park (way/413122690),-33.7233027,150.7833449,park
Unnamed park (way/413134980),-33.7506977,150.7784565,park
Unnamed park (way/413134984),-33.7515099,150.7782735,park
Unnamed park (way/413134989),-33.7534012,150.777559,park
Unnamed park (way/413134992),-33.7555146,150.7796703,park
Unnamed park (way/414889383),-33.8951738,151.2074367,park
Unnamed park (way/414889400),-33.896717,151.2120382,park
Unnamed park (way/415193229),-33.836512,151.2139586,park
Unnamed park (way/415676282),-33.9264953,150.8413037,park
Unnamed park (way/415679691),-33.9332865,150.8329806,park
Unnamed park (way/416517223),-33.9538096,150.9511456,park
Unnamed park (way/422146986),-33.5538797,150.8408286,park
Unnamed park (way/422746614),-33.7586953,150.7045382,park
Unnamed park (way/422749251),-33.7667472,150.7140925,park
Unnamed park (way/422749254),-33.7764016,150.7094882,park
Unnamed park (way/422749261),-33.7787938,150.7043974,park
Unnamed park (way/422766703),-33.7932806,150.6734393,park
Unnamed park (way/422766710),-33.7948367,150.6804296,park
Unnamed park (way/424023681),-33.6811706,150.8725581,park
Unnamed park (way/424023682),-33.6743426,150.86914,park
Unnamed park (way/424023687),-33.6804506,150.8720445,park
Unnamed park (way/425701928),-33.7145078,151.1068509,park
Unnamed park (way/430004039),-33.7295046,150.8860666,park
Unnamed park (way/430004065),-33.7254487,150.8898105,park
Unnamed park (way/430004069),-33.7310766,150.891948,park
Unnamed park (way/430311072),-33.7737985,150.7192606,park
Unnamed park (way/431550093),-33.7211726,151.0967538,park
Unnamed park (way/431615290),-33.7088771,151.0932265,park
Unnamed park (way/431615772),-33.7080812,151.0918649,park
Unnamed park (way/433787977),-33.7676598,150.7165395,park
Unnamed park (way/435897043),-33.9375738,150.8434396,park
Unnamed park (way/435904666),-33.9456735,150.8734139,park
Unnamed park (way/435904668),-33.9442162,150.8733755,park
Unnamed park (way/435933771),-33.8776067,151.2104451,park
Unnamed park (way/436688728),-33.7304701,150.7993953,park
Unnamed park (way/436688729),-33.7407054,150.8193241,park
Unnamed park (way/436688730),-33.7394428,150.7942256,park
Unnamed park (way/436688733),-33.7418363,150.8010743,park
Unnamed park (way/437136275),-33.7477562,150.8074601,park
Unnamed park (way/4375602),-33.8796171,151.1465836,park
Unnamed park (way/437893401),-33.7354132,150.7990904,park
Unnamed park (way/44116385),-33.7990157,151.2745249,park
Unnamed park (way/44707789),-33.7596758,150.9575441,park
Unnamed park (way/448895605),-33.7735335,151.1501665,park
Unnamed park (way/450292242),-33.8942096,151.1207155,park
Unnamed park (way/450491077),-33.8999911,151.2715889,park
Unnamed park (way/452012024),-33.8044165,151.1741512,park
Unnamed park (way/452074936),-33.9990605,150.8895902,park
Unnamed park (way/45299998),-33.4585828,151.3915661,park
Unnamed park (way/45418352),-33.7459917,150.9975147,park
Unnamed park (way/45490160),-33.9156857,151.226175,park
Unnamed park (way/45604250),-33.9165936,151.2329428,park
Unnamed park (way/456663813),-33.7911564,151.1754768,park
Unnamed park (way/456709919),-33.8847587,151.1209996,park
Unnamed park (way/456768100),-34.0392086,150.8522779,park
Unnamed park (way/45840011),-33.7953794,150.8082028,park
Unnamed park (way/45840187),-33.8064126,150.7978136,park
Unnamed park (way/459492090),-33.9018203,150.9912217,park
Unnamed park (way/45980288),-34.0641266,150.7350286,park
Unnamed park (way/45980291),-34.0640427,150.7355339,park
Unnamed park (way/45980292),-34.0639134,150.7355089,park
Unnamed park (way/461641879),-33.741631,151.0242013,park
Unnamed park (way/461641884),-33.7400157,151.0260126,park
Unnamed park (way/46208180),-33.890107,151.1936138,park
Unnamed park (way/462894160),-33.7753497,150.9858739,park
Unnamed park (way/46380943),-33.8870187,151.1885242,park
Unnamed park (way/46414775),-33.7170824,150.8965826,park
Unnamed park (way/46414782),-33.7265506,150.9026304,park
Unnamed park (way/46414792),-33.7163213,150.902181,park
Unnamed park (way/464464805),-33.7308096,150.7318535,park
Unnamed park (way/46703590),-34.0451584,150.7351931,park
Unnamed park (way/467680333),-33.4896367,151.4314984,park
Unnamed park (way/467717406),-33.7333864,150.8355713,park
Unnamed park (way/467717412),-33.7322108,150.8379589,park
Unnamed park (way/468263499),-33.7812387,151.288294,park
Unnamed park (way/468561529),-33.8331254,151.1846119,park
Unnamed park (way/468586837),-33.9701534,151.0733039,park
Unnamed park (way/468587964),-34.0240843,151.112964,park
Unnamed park (way/469995111),-33.4993483,151.3127442,park
Unnamed park (way/470118821),-33.9052025,151.0972712,park
Unnamed park (way/47117727),-33.8332063,151.1945291,park
Unnamed park (way/47117728),-33.8332234,151.1949288,park
Unnamed park (way/471661429),-33.9716775,151.0759078,park
Unnamed park (way/471661431),-33.9713266,151.072272,park
Unnamed park (way/472922930),-33.8052834,151.2085139,park
Unnamed park (way/473457266),-33.7260088,151.2158204,park
Unnamed park (way/473457272),-33.7263337,151.2178645,park
Unnamed park (way/473457273),-33.7261661,151.2173508,park
Unnamed park (way/47346827),-34.0548359,150.745864,park
Unnamed park (way/474563658),-33.7705799,151.1906537,park
Unnamed park (way/475535258),-33.918019,151.0347354,park
Unnamed park (way/47657517),-33.8197361,151.2308201,park
Unnamed park (way/4769479),-33.9857403,151.1204128,park
Unnamed park (way/477053872),-33.7683278,151.2128448,park
Unnamed park (way/478362965),-33.906912,151.2076382,park
Unnamed park (way/479533206),-33.7453804,150.6951993,park
Unnamed park (way/480146055),-33.7801206,151.2228852,park
Unnamed park (way/481138621),-33.4187257,151.2772977,park
Unnamed park (way/481685808),-33.5133153,150.8965932,park
Unnamed park (way/481709033),-33.6920649,151.1095442,park
Unnamed park (way/481871669),-34.0265799,150.7423987,park
Unnamed park (way/481898909),-34.0867987,151.0166769,park
Unnamed park (way/481903295),-33.5243303,151.321098,park
Unnamed park (way/482766121),-33.4329905,151.3411582,park
Unnamed park (way/482766140),-33.4378201,151.3414715,park
Unnamed park (way/482766148),-33.4334022,151.3423041,park
Unnamed park (way/48276743),-33.8492346,151.2137364,park
Unnamed park (way/48276766),-33.8270558,151.2305141,park
Unnamed park (way/482973507),-33.4365337,151.3419344,park
Unnamed park (way/483657997),-33.7114152,151.0246191,park
Unnamed park (way/484304551),-33.6227947,151.1509295,park
Unnamed park (way/48534215),-33.8936814,151.14318,park
Unnamed park (way/485455926),-33.6537317,150.6687354,park
Unnamed park (way/48582877),-33.8455123,151.1124451,park
Unnamed park (way/48582878),-33.8454519,151.1132803,park
Unnamed park (way/48623406),-33.8002105,150.7891046,park
Unnamed park (way/48623407),-33.801288,150.7917178,park
Unnamed park (way/48623408),-33.7975895,150.8015803,park
Unnamed park (way/487240373),-33.836519,150.9862481,park
Unnamed park (way/488088861),-33.7972075,151.0900625,park
Unnamed park (way/488797386),-33.764774,151.2970401,park
Unnamed park (way/489008503),-33.4908075,151.4313479,park
Unnamed park (way/490232509),-33.9463491,151.0808348,park
Unnamed park (way/490311201),-33.6986134,151.1451841,park
Unnamed park (way/490337322),-33.7745179,150.7484889,park
Unnamed park (way/490337324),-33.7768328,150.7465308,park
Unnamed park (way/490337325),-33.7712888,150.7493771,park
Unnamed park (way/490337327),-33.7697754,150.7475496,park
Unnamed park (way/490337329),-33.7699087,150.7453639,park
Unnamed park (way/490337331),-33.7703911,150.7504225,park
Unnamed park (way/490345095),-33.7738524,150.7452413,park
Unnamed park (way/490462515),-33.7294043,151.0407663,park
Unnamed park (way/49404704),-33.8221377,151.1310477,park
Unnamed park (way/496107049),-33.9021487,151.207023,park
Unnamed park (way/49678357),-33.7912781,150.9867822,park
Unnamed park (way/49966038),-33.8030352,151.0308313,park
Unnamed park (way/499880056),-33.5282386,151.3731012,park
Unnamed park (way/499882369),-33.4958915,151.3794125,park
Unnamed park (way/499888241),-33.4701051,151.4000559,park
Unnamed park (way/499892088),-33.4725334,151.4013809,park
Unnamed park (way/501337751),-33.5088116,151.3445905,park
Unnamed park (way/501347322),-33.4902921,151.3429426,park
Unnamed park (way/501347324),-33.4938731,151.3476192,park
Unnamed park (way/501347327),-33.4997923,151.3442665,park
Unnamed park (way/501347333),-33.4947979,151.3437507,park
Unnamed park (way/502799084),-33.733263,151.0860991,park
Unnamed park (way/502800741),-33.9395829,151.1145988,park
Unnamed park (way/502885485),-33.7845153,150.8989314,park
Unnamed park (way/503146874),-33.8800134,151.2295806,park
Unnamed park (way/50329757),-34.0808236,150.8194621,park
Unnamed park (way/503717182),-33.900385,151.2626025,park
Unnamed park (way/504626105),-33.5272959,151.3147161,park
Unnamed park (way/504626109),-33.5215666,151.3316626,park
Unnamed park (way/504652866),-33.9088914,151.2123469,park
Unnamed park (way/505416375),-33.5317336,151.3594925,park
Unnamed park (way/511862334),-34.0084844,150.8714116,park
Unnamed park (way/512240055),-33.7966296,151.2846721,park
Unnamed park (way/512240061),-33.7967051,151.2846667,park
Unnamed park (way/515726358),-33.4947884,151.3648222,park
Unnamed park (way/521921597),-33.8946775,150.8439839,park
Unnamed park (way/522713258),-33.7986391,150.9248071,park
Unnamed park (way/52567000),-33.8504923,151.1550783,park
Unnamed park (way/526960147),-33.8414768,151.2265233,park
Unnamed park (way/527148272),-33.818683,151.0538705,park
Unnamed park (way/527148279),-33.8190429,151.0563724,park
Unnamed park (way/52741758),-33.8965172,151.1369317,park
Unnamed park (way/527671602),-33.7916958,150.899287,park
Unnamed park (way/527972509),-33.7930925,150.9165187,park
Unnamed park (way/527972510),-33.7925646,150.9156503,park
Unnamed park (way/531014884),-33.4150943,151.3481342,park
Unnamed park (way/53151771),-33.9305928,150.9072257,park
Unnamed park (way/532091012),-33.7833371,150.9455052,park
Unnamed park (way/532091058),-33.7860998,150.9404215,park
Unnamed park (way/532429468),-33.782218,150.9618842,park
Unnamed park (way/53266270),-33.814331,151.2390392,park
Unnamed park (way/532708180),-33.9486019,151.1098542,park
Unnamed park (way/533987102),-33.5990733,151.1201159,park
Unnamed park (way/533987108),-33.5989373,151.119646,park
Unnamed park (way/534137195),-33.8084798,150.97433,park
Unnamed park (way/536237266),-33.7935693,151.1784397,park
Unnamed park (way/537552479),-33.8903335,150.6042681,park
Unnamed park (way/537552549),-33.8828555,150.6089203,park
Unnamed park (way/537552561),-33.8849529,150.6060238,park
Unnamed park (way/537565774),-33.9063142,151.1841827,park
Unnamed park (way/538069045),-33.7679396,150.9768267,park
Unnamed park (way/538105511),-33.7644294,150.9872459,park
Unnamed park (way/538858042),-33.7658184,150.8897397,park
Unnamed park (way/538858046),-33.7673342,150.8898652,park
Unnamed park (way/538858049),-33.7700682,150.883622,park
Unnamed park (way/538858055),-33.7712607,150.8771777,park
Unnamed park (way/539751239),-33.782116,150.9087671,park
Unnamed park (way/539755137),-33.785313,150.9110312,park
Unnamed park (way/539755722),-33.7844063,150.9083533,park
Unnamed park (way/541555581),-33.7704527,150.9151088,park
Unnamed park (way/542926928),-33.7347192,150.9034496,park
Unnamed park (way/542926933),-33.7384508,150.886904,park
Unnamed park (way/543220765),-33.8624434,151.2132815,park
Unnamed park (way/543421958),-33.7739596,150.8698206,park
Unnamed park (way/543435251),-33.7720891,150.8680099,park
Unnamed park (way/543457832),-33.7727775,150.8719642,park
Unnamed park (way/544074583),-33.7613045,150.9633105,park
Unnamed park (way/544226343),-33.9113088,151.1158546,park
Unnamed park (way/544226344),-33.909309,151.1159091,park
Unnamed park (way/544227587),-33.9113514,151.1160307,park
Unnamed park (way/544924043),-33.6366329,151.3310627,park
Unnamed park (way/545139231),-34.0392101,151.0729104,park
Unnamed park (way/545355454),-33.7605025,151.0410844,park
Unnamed park (way/545367554),-33.8880793,151.1384079,park
Unnamed park (way/545367557),-33.8879641,151.1392616,park
Unnamed park (way/545948928),-33.7294337,151.0086521,park
Unnamed park (way/546258289),-33.7078316,151.1053348,park
Unnamed park (way/546703217),-34.0440715,151.0722726,park
Unnamed park (way/547137937),-34.0321546,151.0660816,park
Unnamed park (way/547858908),-33.954426,151.137239,park
Unnamed park (way/548053149),-33.722284,151.0257267,park
Unnamed park (way/548117132),-33.9294171,151.1548533,park
Unnamed park (way/548117134),-33.9283193,151.1559108,park
Unnamed park (way/548269452),-33.8888051,150.9063393,park
Unnamed park (way/548269915),-33.8927478,150.9018385,park
Unnamed park (way/548271753),-33.8968493,150.8956098,park
Unnamed park (way/548272423),-33.8796873,150.9201754,park
Unnamed park (way/548273050),-33.8755419,150.921165,park
Unnamed park (way/548273758),-33.8767415,150.9281648,park
Unnamed park (way/548273978),-33.8796495,150.9331452,park
Unnamed park (way/548274567),-33.8845504,150.9420166,park
Unnamed park (way/548478521),-33.879865,150.9046938,park
Unnamed park (way/548478814),-33.8818842,150.9000329,park
Unnamed park (way/548480002),-33.8874574,150.8796801,park
Unnamed park (way/548487254),-33.8822943,150.8938965,park
Unnamed park (way/548488095),-33.8779921,150.8953666,park
Unnamed park (way/548488848),-33.8807005,150.8886604,park
Unnamed park (way/548632964),-33.8918441,151.1870518,park
Unnamed park (way/548781407),-33.9065464,151.1874602,park
Unnamed park (way/548781428),-33.9063821,151.1846828,park
Unnamed park (way/548918559),-33.8840218,151.1983781,park
Unnamed park (way/549044305),-34.0745515,151.007251,park
Unnamed park (way/549703590),-33.8882602,150.8415599,park
Unnamed park (way/550043726),-33.808121,150.7827908,park
Unnamed park (way/550235245),-33.8842773,150.9013675,park
Unnamed park (way/550964174),-34.0327255,151.0824938,park
Unnamed park (way/551514285),-34.0434869,151.123271,park
Unnamed park (way/551739933),-33.7408774,151.1394562,park
Unnamed park (way/552066067),-33.7194138,151.1021766,park
Unnamed park (way/55220892),-33.8926796,151.1184419,park
Unnamed park (way/55224184),-33.7793449,150.8993301,park
Unnamed park (way/55224614),-33.782779,150.8990068,park
Unnamed park (way/55224615),-33.783632,150.8988554,park
Unnamed park (way/55224616),-33.7815171,150.8993626,park
Unnamed park (way/55224617),-33.7803083,150.8998286,park
Unnamed park (way/552356855),-33.490512,151.4322884,park
Unnamed park (way/55304842),-33.7195066,150.8870122,park
Unnamed park (way/55304843),-33.7152264,150.885174,park
Unnamed park (way/553728121),-33.4847063,151.3309834,park
Unnamed park (way/554124877),-33.8659217,151.1922227,park
Unnamed park (way/554170378),-33.901854,151.2072872,park
Unnamed park (way/55427795),-34.0737709,150.8048189,park
Unnamed park (way/55470732),-33.9349246,150.8398471,park
Unnamed park (way/55470737),-33.935604,150.8315133,park
Unnamed park (way/554791477),-33.8402442,151.2077121,park
Unnamed park (way/55486829),-34.2315541,150.9859575,park
Unnamed park (way/555308177),-33.9182493,151.2315968,park
Unnamed park (way/55544792),-34.2295104,150.9876267,park
Unnamed park (way/55567749),-34.2447704,150.9750454,park
Unnamed park (way/556423516),-33.4235827,151.4406191,park
Unnamed park (way/556726915),-33.807042,150.9809245,park
Unnamed park (way/558479186),-33.900728,151.1063153,park
Unnamed park (way/558689546),-33.9486841,151.1088606,park
Unnamed park (way/560322760),-33.7636384,151.2525013,park
Unnamed park (way/560421385),-33.9578256,151.1383593,park
Unnamed park (way/560426487),-33.9531759,151.1372265,park
Unnamed park (way/560477252),-33.4326428,151.3261399,park
Unnamed park (way/560604528),-33.6134285,150.8390738,park
Unnamed park (way/560604531),-33.6170927,150.8404253,park
Unnamed park (way/560676896),-33.4473257,151.4454904,park
Unnamed park (way/560985294),-33.8715815,151.1519438,park
Unnamed park (way/562090532),-33.8161638,151.0028605,park
Unnamed park (way/562116435),-33.8126471,151.0046336,park
Unnamed park (way/562323362),-34.013186,151.0271537,park
Unnamed park (way/56236109),-34.0308724,150.7428192,park
Unnamed park (way/562380765),-34.0761571,150.7208223,park
Unnamed park (way/562380779),-34.0707072,150.722155,park
Unnamed park (way/562380786),-34.0692963,150.7301091,park
Unnamed park (way/562380806),-34.0731428,150.7217594,park
Unnamed park (way/56254545),-33.9387145,151.2288272,park
Unnamed park (way/562893769),-33.8439908,151.0662355,park
Unnamed park (way/562893770),-33.8443163,151.0668026,park
Unnamed park (way/562893771),-33.8430988,151.0657035,park
Unnamed park (way/562893772),-33.8418448,151.0680531,park
Unnamed park (way/562893773),-33.8419411,151.0684556,park
Unnamed park (way/562933936),-33.7368452,151.0647053,park
Unnamed park (way/563169809),-34.0326003,151.1234432,park
Unnamed park (way/563493952),-33.8004423,151.2156124,park
Unnamed park (way/564836296),-34.071545,150.7382675,park
Unnamed park (way/564845861),-34.0673797,150.7308665,park
Unnamed park (way/566657712),-33.8776058,151.0683542,park
Unnamed park (way/567646646),-33.6696557,151.3043789,park
Unnamed park (way/571120941),-33.8005277,151.114943,park
Unnamed park (way/574627781),-33.7761127,150.7044632,park
Unnamed park (way/575198002),-33.7458443,150.6979727,park
Unnamed park (way/57908119),-33.7271437,151.0454381,park
Unnamed park (way/580408478),-33.9332155,151.2515853,park
Unnamed park (way/581576431),-33.8269637,151.1135221,park
Unnamed park (way/581576436),-33.8274957,151.1129535,park
Unnamed park (way/581576442),-33.8298743,151.1056294,park
Unnamed park (way/581576444),-33.8303463,151.1045228,park
Unnamed park (way/581576465),-33.8300269,151.1029935,park
Unnamed park (way/581576480),-33.8244596,151.1000625,park
Unnamed park (way/581729277),-33.8482207,151.1078806,park
Unnamed park (way/581729303),-33.8488243,151.1059426,park
Unnamed park (way/581732142),-33.8623893,151.1113582,park
Unnamed park (way/583124102),-33.6899924,150.9317608,park
Unnamed park (way/583124104),-33.6914615,150.9323824,park
Unnamed park (way/583431938),-33.7622818,150.7127765,park
Unnamed park (way/583471543),-33.7199891,150.7298265,park
Unnamed park (way/584342135),-33.9151059,151.2096219,park
Unnamed park (way/584342143),-33.9154369,151.2112813,park
Unnamed park (way/585993657),-33.8996066,151.1846903,park
Unnamed park (way/586414026),-33.8408967,151.011369,park
Unnamed park (way/586786575),-33.7779213,150.8742158,park
Unnamed park (way/587171868),-33.7398182,151.0996838,park
Unnamed park (way/587171873),-33.7387597,151.1036859,park
Unnamed park (way/588541389),-33.705339,150.8835477,park
Unnamed park (way/589536940),-33.4294444,151.428834,park
Unnamed park (way/590713295),-33.9393382,150.9815924,park
Unnamed park (way/591445641),-33.9942225,150.9009357,park
Unnamed park (way/591686596),-33.6883313,151.1090274,park
Unnamed park (way/594817266),-33.9956506,150.7929486,park
Unnamed park (way/597377724),-33.8146905,151.0111567,park
Unnamed park (way/597945881),-33.91039,151.1403531,park
Unnamed park (way/598046258),-33.9681479,151.0074281,park
Unnamed park (way/598046271),-33.9642483,151.0062291,park
Unnamed park (way/598046282),-33.9621961,151.0080417,park
Unnamed park (way/598076168),-33.9250374,151.2141588,park
Unnamed park (way/598086983),-33.910618,150.9388573,park
Unnamed park (way/598086984),-33.9116037,150.936704,park
Unnamed park (way/598807486),-33.6025032,150.7390828,park
Unnamed park (way/598807487),-33.5983147,150.7421546,park
Unnamed park (way/599090714),-33.8481355,151.0852504,park
Unnamed park (way/599101967),-33.7554268,151.078604,park
Unnamed park (way/599192994),-33.913015,151.2650862,park
Unnamed park (way/599192995),-33.9140443,151.2684311,park
Unnamed park (way/599234465),-33.7959345,150.805767,park
Unnamed park (way/599495693),-33.7772083,150.6786489,park
Unnamed park (way/599495700),-33.7829613,150.7894132,park
Unnamed park (way/599495701),-33.7834093,150.7986709,park
Unnamed park (way/599820931),-33.9173167,151.020258,park
Unnamed park (way/601424439),-33.7396294,151.0342713,park
Unnamed park (way/601441302),-33.757829,151.0597956,park
Unnamed park (way/601441304),-33.7537002,151.0628431,park
Unnamed park (way/601441307),-33.7618583,151.0695887,park
Unnamed park (way/603242644),-33.946634,151.0348641,park
Unnamed park (way/604471256),-33.7801732,151.0624706,park
Unnamed park (way/604484051),-33.786068,151.0455598,park
Unnamed park (way/604484058),-33.791589,151.0437388,park
Unnamed park (way/604484071),-33.7895142,151.0392006,park
Unnamed park (way/604484073),-33.7901656,151.0396894,park
Unnamed park (way/604484117),-33.8046773,151.0377085,park
Unnamed park (way/604484137),-33.8051246,151.0322817,park
Unnamed park (way/604496898),-33.8081024,151.0392515,park
Unnamed park (way/604496905),-33.8084822,151.0342006,park
Unnamed park (way/604512751),-33.8113236,151.0562541,park
Unnamed park (way/604512752),-33.8084195,151.0606447,park
Unnamed park (way/604512756),-33.8000019,151.0635611,park
Unnamed park (way/604512757),-33.7988437,151.0632392,park
Unnamed park (way/604512778),-33.7982031,151.0653981,park
Unnamed park (way/604512784),-33.7985084,151.0564595,park
Unnamed park (way/604512785),-33.7988416,151.0531354,park
Unnamed park (way/604512786),-33.8005462,151.0542605,park
Unnamed park (way/604512787),-33.8026687,151.0542493,park
Unnamed park (way/604512792),-33.8042542,151.0538247,park
Unnamed park (way/604512793),-33.8062692,151.0678962,park
Unnamed park (way/604515365),-33.8207211,151.0549765,park
Unnamed park (way/604515366),-33.8210653,151.0573339,park
Unnamed park (way/604515367),-33.822555,151.057583,park
Unnamed park (way/604515368),-33.8228237,151.0526825,park
Unnamed park (way/605155318),-33.7694455,151.0618131,park
Unnamed park (way/605155333),-33.7664514,151.0629208,park
Unnamed park (way/605155336),-33.7635578,151.053382,park
Unnamed park (way/605155343),-33.76805,151.0416356,park
Unnamed park (way/605160545),-33.7733849,151.0425603,park
Unnamed park (way/605160569),-33.7730308,151.0192233,park
Unnamed park (way/605160571),-33.7734079,151.0213202,park
Unnamed park (way/605163940),-33.7910598,151.0244296,park
Unnamed park (way/605171174),-33.7765515,151.1522051,park
Unnamed park (way/605171180),-33.7797265,151.1453148,park
Unnamed park (way/605171190),-33.7715661,151.1462533,park
Unnamed park (way/605171198),-33.7571433,151.1387968,park
Unnamed park (way/605171206),-33.746369,151.1440252,park
Unnamed park (way/605187362),-33.6809083,151.2866479,park
Unnamed park (way/605187398),-33.6969847,151.2939968,park
Unnamed park (way/605187425),-33.7073738,151.2827953,park
Unnamed park (way/605187445),-33.7003151,151.2849772,park
Unnamed park (way/605187479),-33.6912078,151.2873357,park
Unnamed park (way/605187491),-33.6893603,151.2908822,park
Unnamed park (way/605187528),-33.6733408,151.2885587,park
Unnamed park (way/605200018),-33.6634755,151.3155398,park
Unnamed park (way/605200051),-33.6522141,151.3209816,park
Unnamed park (way/605295061),-33.7328936,151.2678504,park
Unnamed park (way/605295087),-33.741658,151.2763245,park
Unnamed park (way/605305116),-33.733981,151.2780724,park
Unnamed park (way/605305118),-33.7490519,151.2661325,park
Unnamed park (way/605305120),-33.7509562,151.2682748,park
Unnamed park (way/605305129),-33.7453108,151.2724377,park
Unnamed park (way/605305155),-33.7335407,151.2879618,park
Unnamed park (way/605419696),-33.7831877,151.2683956,park
Unnamed park (way/605419706),-33.803047,151.2614701,park
Unnamed park (way/605419708),-33.8057089,151.2652324,park
Unnamed park (way/605425195),-33.8042052,151.2141367,park
Unnamed park (way/606947400),-33.9151968,151.1139739,park
Unnamed park (way/607261281),-33.8595079,151.1379184,park
Unnamed park (way/607261299),-33.8520245,151.1576644,park
Unnamed park (way/607261315),-33.854463,151.1438648,park
Unnamed park (way/607261319),-33.8581013,151.1325155,park
Unnamed park (way/607261324),-33.8670329,151.1171823,park
Unnamed park (way/607261325),-33.865833,151.1171798,park
Unnamed park (way/608531123),-33.6241153,151.3170624,park
Unnamed park (way/608547710),-33.6555315,151.3206411,park
Unnamed park (way/608555943),-33.6647239,151.2984447,park
Unnamed park (way/608775577),-33.7335892,151.209974,park
Unnamed park (way/608775578),-33.7336112,151.2123786,park
Unnamed park (way/608775583),-33.7389913,151.2149996,park
Unnamed park (way/608775593),-33.7398175,151.2244764,park
Unnamed park (way/608775595),-33.7428905,151.2321364,park
Unnamed park (way/608775600),-33.7473386,151.2293862,park
Unnamed park (way/608775646),-33.730775,151.2077034,park
Unnamed park (way/608779109),-33.7230674,151.1744856,park
Unnamed park (way/608779119),-33.6930124,151.1479647,park
Unnamed park (way/608842010),-33.7498681,150.925479,park
Unnamed park (way/608842039),-33.738964,150.926055,park
Unnamed park (way/608842057),-33.7435682,150.9466137,park
Unnamed park (way/608842072),-33.7552935,150.9500041,park
Unnamed park (way/608842082),-33.7605168,150.9442002,park
Unnamed park (way/608842083),-33.7603959,150.9430156,park
Unnamed park (way/608890461),-33.752009,150.9666231,park
Unnamed park (way/608890462),-33.7509764,150.9639465,park
Unnamed park (way/608890470),-33.7491545,150.9768473,park
Unnamed park (way/608890476),-33.7597017,150.9882291,park
Unnamed park (way/608890529),-33.7412876,150.978351,park
Unnamed park (way/608890530),-33.7417668,150.9825571,park
Unnamed park (way/608890532),-33.7362297,150.977103,park
Unnamed park (way/608890534),-33.738269,150.9652693,park
Unnamed park (way/608950908),-33.7438057,151.0032434,park
Unnamed park (way/608950909),-33.7436077,151.0041208,park
Unnamed park (way/608950925),-33.738777,151.0155748,park
Unnamed park (way/608950933),-33.7373137,151.015563,park
Unnamed park (way/608950934),-33.7351182,151.0093544,park
Unnamed park (way/608950940),-33.7485964,151.001983,park
Unnamed park (way/608950942),-33.7394914,151.017919,park
Unnamed park (way/608950943),-33.7399338,151.0186746,park
Unnamed park (way/608950945),-33.7430443,151.0172356,park
Unnamed park (way/608950952),-33.7306535,151.0280652,park
Unnamed park (way/608950963),-33.7473661,151.0322031,park
Unnamed park (way/608950970),-33.7345211,150.9991352,park
Unnamed park (way/608950978),-33.7623443,150.9944054,park
Unnamed park (way/609060876),-33.4515023,151.3621253,park
Unnamed park (way/609066139),-33.8066045,151.0691508,park
Unnamed park (way/609085945),-33.7383239,150.9568269,park
Unnamed park (way/609085950),-33.7344625,150.9689171,park
Unnamed park (way/609091747),-33.7300753,151.0006556,park
Unnamed park (way/609091748),-33.7294526,151.0022384,park
Unnamed park (way/609091750),-33.7266697,150.9954917,park
Unnamed park (way/609091757),-33.7247578,151.0051732,park
Unnamed park (way/609091762),-33.7260474,151.0374286,park
Unnamed park (way/609091766),-33.7219619,151.0516093,park
Unnamed park (way/609091767),-33.7244466,151.0537969,park
Unnamed park (way/609091768),-33.725891,151.0529085,park
Unnamed park (way/609091770),-33.7266547,151.0478425,park
Unnamed park (way/610370780),-33.761128,151.0991041,park
Unnamed park (way/612277287),-33.7169201,151.047381,park
Unnamed park (way/612315184),-33.9830934,150.8041961,park
Unnamed park (way/613592451),-33.6928158,150.9314306,park
Unnamed park (way/613592453),-33.6938311,150.9296518,park
Unnamed park (way/613592456),-33.6949882,150.9277882,park
Unnamed park (way/613602999),-33.7748984,151.0303483,park
Unnamed park (way/613968626),-34.0222333,151.0995318,park
Unnamed park (way/615419225),-33.5500668,151.2752808,park
Unnamed park (way/615795826),-33.9518647,151.2417031,park
Unnamed park (way/615795827),-33.9495828,151.2411998,park
Unnamed park (way/615795828),-33.9473278,151.2406825,park
Unnamed park (way/615795830),-33.9536492,151.2421269,park
Unnamed park (way/615795832),-33.9377523,151.238405,park
Unnamed park (way/615795833),-33.9390458,151.2387825,park
Unnamed park (way/615795834),-33.9358906,151.2380021,park
Unnamed park (way/615795835),-33.9339317,151.2375821,park
Unnamed park (way/615795836),-33.932217,151.2371442,park
Unnamed park (way/615795837),-33.9301316,151.2359906,park
Unnamed park (way/615795838),-33.9286372,151.234015,park
Unnamed park (way/615795839),-33.9272749,151.2319947,park
Unnamed park (way/616482539),-33.6954094,150.8099451,park
Unnamed park (way/617907267),-33.8950249,151.1517879,park
Unnamed park (way/61849389),-33.8903085,151.2520433,park
Unnamed park (way/619977479),-33.7243567,150.7331138,park
Unnamed park (way/619977480),-33.7236793,150.7330376,park
Unnamed park (way/62060687),-33.7777557,150.6928875,park
Unnamed park (way/623234112),-33.9861467,151.0953248,park
Unnamed park (way/624149217),-33.8855649,151.2732596,park
Unnamed park (way/628924141),-33.8078527,150.6869107,park
Unnamed park (way/629142236),-33.754827,151.2287183,park
Unnamed park (way/637481516),-33.9159768,151.2405354,park
Unnamed park (way/641038449),-33.7131611,150.9126394,park
Unnamed park (way/641453469),-33.7467627,150.6896609,park
Unnamed park (way/643239107),-33.7472024,150.6968236,park
Unnamed park (way/644052454),-34.0126974,150.734344,park
Unnamed park (way/645193366),-33.9298225,151.0121681,park
Unnamed park (way/646120707),-33.9300057,151.1408283,park
Unnamed park (way/646128182),-33.9590034,151.129462,park
Unnamed park (way/647025656),-33.7695603,151.0762543,park
Unnamed park (way/647895582),-33.7984579,151.0725412,park
Unnamed park (way/648898677),-33.7910617,150.94931,park
Unnamed park (way/649012567),-33.911633,151.1175642,park
Unnamed park (way/649012568),-33.9115034,151.1174557,park
Unnamed park (way/649268673),-33.6894245,150.9497399,park
Unnamed park (way/649340487),-34.0049701,150.724406,park
Unnamed park (way/650383407),-33.7998225,151.0752936,park
Unnamed park (way/650383408),-33.8002669,151.0757655,park
Unnamed park (way/651881746),-33.9336567,151.2581968,park
Unnamed park (way/652987846),-33.77411,150.7331186,park
Unnamed park (way/653685749),-33.4935952,151.3332914,park
Unnamed park (way/654132532),-34.2119201,150.9999202,park
Unnamed park (way/65623825),-33.8203965,151.21594,park
Unnamed park (way/657774606),-33.7987812,151.075628,park
Unnamed park (way/661312864),-33.6049247,150.7407316,park
Unnamed park (way/661312989),-33.6030182,150.7371186,park
Unnamed park (way/661314067),-33.629074,150.7964732,park
Unnamed park (way/663061314),-34.066682,150.7547052,park
Unnamed park (way/666188934),-33.9605147,151.0986402,park
Unnamed park (way/667768870),-33.9740544,150.8145288,park
Unnamed park (way/670503119),-33.7810918,150.7551894,park
Unnamed park (way/670605371),-33.5294123,151.3013466,park
Unnamed park (way/671450546),-33.8939075,151.1445418,park
Unnamed park (way/671742721),-33.5065426,151.3133294,park
Unnamed park (way/672001468),-33.8598932,151.1691382,park
Unnamed park (way/674314436),-33.6980029,150.8675371,park
Unnamed park (way/674758255),-33.7597274,150.8912691,park
Unnamed park (way/674905392),-33.7514885,150.8855178,park
Unnamed park (way/675354691),-33.7962643,151.0682168,park
Unnamed park (way/675568854),-33.7300794,151.0156556,park
Unnamed park (way/675766019),-33.9474673,151.0480212,park
Unnamed park (way/675914985),-33.9730893,151.2508046,park
Unnamed park (way/676705142),-33.9197902,150.8990398,park
Unnamed park (way/676724275),-33.9776023,150.8169466,park
Unnamed park (way/676777021),-33.9089417,150.6090999,park
Unnamed park (way/676777023),-33.9088877,150.6101405,park
Unnamed park (way/679672409),-33.6224969,150.7986818,park
Unnamed park (way/682335550),-33.8972751,151.1786363,park
Unnamed park (way/683039268),-33.6609948,151.3014364,park
Unnamed park (way/683786460),-34.065359,150.7558945,park
Unnamed park (way/685419586),-33.912093,151.201003,park
Unnamed park (way/685526817),-33.8989501,151.1465086,park
Unnamed park (way/685762233),-33.8875031,151.0777202,park
Unnamed park (way/685763085),-33.8873229,150.8491227,park
Unnamed park (way/685764033),-33.8629124,150.8985617,park
Unnamed park (way/685849511),-33.727283,151.101231,park
Unnamed park (way/686391167),-33.6999182,151.0967552,park
Unnamed park (way/686391168),-33.7000242,151.0969468,park
Unnamed park (way/689046618),-34.0826852,150.5690695,park
Unnamed park (way/689433435),-33.7605264,150.813645,park
Unnamed park (way/692345845),-33.4705843,151.3818789,park
Unnamed park (way/692726907),-33.9841733,151.0221273,park
Unnamed park (way/692726909),-33.9823398,151.0199581,park
Unnamed park (way/693286741),-33.9805316,151.0280972,park
Unnamed park (way/693890915),-33.9925326,151.0260769,park
Unnamed park (way/693890917),-33.9964078,151.0245298,park
Unnamed park (way/694035412),-33.9921628,151.0289643,park
Unnamed park (way/694390005),-34.0024991,150.7370026,park
Unnamed park (way/696374583),-33.7530748,150.8451828,park
Unnamed park (way/698173705),-33.4734846,151.3549147,park
Unnamed park (way/698803241),-34.009805,151.0168156,park
Unnamed park (way/699011154),-33.8821161,151.1322022,park
Unnamed park (way/699035627),-33.88382,151.2719553,park
Unnamed park (way/699077450),-33.8890265,151.1317763,park
Unnamed park (way/699084380),-33.8307035,151.0744451,park
Unnamed park (way/699084381),-33.8309261,151.0748058,park
Unnamed park (way/699541978),-33.966186,151.0132551,park
Unnamed park (way/699800343),-33.7306504,150.9608363,park
Unnamed park (way/699831070),-34.0178195,150.7792779,park
Unnamed park (way/700978292),-33.9778291,150.8658994,park
Unnamed park (way/700984284),-33.9747388,150.8711247,park
Unnamed park (way/701502432),-33.8606041,151.0497879,park
Unnamed park (way/702164489),-33.7644777,150.9721703,park
Unnamed park (way/702351184),-33.7144294,150.7366449,park
Unnamed park (way/703092933),-33.7461336,150.8443585,park
Unnamed park (way/704094105),-33.8648096,151.0911961,park
Unnamed park (way/704232298),-33.8594778,151.1665325,park
Unnamed park (way/704905227),-33.9478481,150.9459039,park
Unnamed park (way/705295520),-33.9054728,150.886238,park
Unnamed park (way/705900979),-33.8862852,151.004485,park
Unnamed park (way/706083843),-33.754367,150.8924649,park
Unnamed park (way/706084085),-33.7816842,150.9115046,park
Unnamed park (way/706539200),-33.7190927,150.9917387,park
Unnamed park (way/706826452),-33.8799378,151.0038345,park
Unnamed park (way/710768185),-33.4995384,151.306431,park
Unnamed park (way/713291378),-33.8311385,150.9969127,park
Unnamed park (way/716005660),-33.8507196,151.1785092,park
Unnamed park (way/717038734),-33.8795987,151.2019717,park
Unnamed park (way/717038735),-33.8800202,151.2021573,park
Unnamed park (way/718799241),-33.8662023,151.1551183,park
Unnamed park (way/719657615),-33.8536299,151.1775869,park
Unnamed park (way/719657616),-33.8540005,151.1779572,park
Unnamed park (way/719657617),-33.854456,151.1784311,park
Unnamed park (way/720108051),-33.9762798,150.8153572,park
Unnamed park (way/720150924),-33.854995,151.1688782,park
Unnamed park (way/720150925),-33.8550682,151.1687665,park
Unnamed park (way/720150926),-33.8552876,151.1687732,park
Unnamed park (way/720150927),-33.8552511,151.1688583,park
Unnamed park (way/720150928),-33.8557027,151.1688403,park
Unnamed park (way/720150929),-33.8559171,151.1688573,park
Unnamed park (way/720150930),-33.8561374,151.1689566,park
Unnamed park (way/720156558),-33.8666437,151.1752774,park
Unnamed park (way/720851318),-33.8551442,151.1688589,park
Unnamed park (way/721040401),-33.8786242,151.1574571,park
Unnamed park (way/721342202),-33.7775706,150.8455781,park
Unnamed park (way/721346386),-33.779156,150.8466382,park
Unnamed park (way/721361407),-33.7825294,150.838927,park
Unnamed park (way/722109042),-33.9752531,150.8636392,park
Unnamed park (way/722369294),-33.7720638,150.6767965,park
Unnamed park (way/722484187),-34.0258726,151.1095287,park
Unnamed park (way/722837096),-33.8051507,150.981743,park
Unnamed park (way/723620167),-33.8791061,151.1673451,park
Unnamed park (way/723937096),-33.9240088,151.1875543,park
Unnamed park (way/723937097),-33.9227599,151.1863836,park
Unnamed park (way/723937100),-33.9223919,151.1864388,park
Unnamed park (way/723937102),-33.9224721,151.1847385,park
Unnamed park (way/723937103),-33.922725,151.1846974,park
Unnamed park (way/723937105),-33.9215051,151.1854378,park
Unnamed park (way/723937515),-33.9240654,151.1878423,park
Unnamed park (way/723941820),-33.9247706,151.1875184,park
Unnamed park (way/724668355),-33.4279709,151.4463014,park
Unnamed park (way/725730597),-34.0178514,150.7580102,park
Unnamed park (way/726017181),-33.7375889,150.7406636,park
Unnamed park (way/727184205),-33.8758161,151.1050532,park
Unnamed park (way/732339055),-33.8074077,151.1915337,park
Unnamed park (way/732339056),-33.8063573,151.1903971,park
Unnamed park (way/732339057),-33.8058459,151.1889635,park
Unnamed park (way/73323331),-33.9845528,151.0953948,park
Unnamed park (way/733460757),-33.8911033,151.0766997,park
Unnamed park (way/733462762),-33.8967406,151.0808392,park
Unnamed park (way/733738107),-34.0024708,150.7189674,park
Unnamed park (way/733738108),-34.005288,150.7198264,park
Unnamed park (way/733739261),-34.0241691,150.7385258,park
Unnamed park (way/733830025),-33.709144,150.9764508,park
Unnamed park (way/734035998),-33.8597005,151.1672127,park
Unnamed park (way/734035999),-33.8595769,151.1679448,park
Unnamed park (way/734036000),-33.8595882,151.1686179,park
Unnamed park (way/734036001),-33.8595559,151.169218,park
Unnamed park (way/734300114),-33.8815141,151.1217766,park
Unnamed park (way/737739228),-33.9550702,150.9046761,park
Unnamed park (way/738379349),-33.87486,151.1355837,park
Unnamed park (way/738797353),-33.8577437,151.1694827,park
Unnamed park (way/740123519),-33.939181,151.0983329,park
Unnamed park (way/740583660),-33.887147,151.1897783,park
Unnamed park (way/740583661),-33.887264,151.1896963,park
Unnamed park (way/74635468),-33.9545535,151.1502507,park
Unnamed park (way/746514021),-33.7986171,151.2849148,park
Unnamed park (way/746823657),-33.7952067,151.1395725,park
Unnamed park (way/74950892),-33.7890444,150.8010153,park
Unnamed park (way/74951178),-33.783098,150.8009603,park
Unnamed park (way/74951359),-33.7820082,150.803802,park
Unnamed park (way/74953456),-33.7610369,150.8026609,park
Unnamed park (way/74955763),-33.7455954,150.7960863,park
Unnamed park (way/754804920),-33.8624874,151.1753885,park
Unnamed park (way/755607153),-33.7351503,150.4783722,park
Unnamed park (way/755772542),-33.8939584,151.1420647,park
Unnamed park (way/75620011),-33.9727985,151.0709106,park
Unnamed park (way/758095679),-33.7762646,150.7895282,park
Unnamed park (way/758255451),-33.774116,150.7814962,park
Unnamed park (way/760415246),-33.7113021,151.2978686,park
Unnamed park (way/760415248),-33.7203874,151.2910071,park
Unnamed park (way/76134899),-33.8329128,151.0968656,park
Unnamed park (way/766573835),-33.4576988,151.146979,park
Unnamed park (way/768997316),-33.8904061,151.1405242,park
Unnamed park (way/770793050),-33.7951479,150.9829156,park
Unnamed park (way/770821117),-33.8935027,151.145962,park
Unnamed park (way/770825081),-33.8942666,151.1467828,park
Unnamed park (way/77090182),-33.9886214,151.1304404,park
Unnamed park (way/770926135),-33.8953346,151.1433046,park
Unnamed park (way/771545837),-33.9761702,150.8636835,park
Unnamed park (way/771545838),-33.9759243,150.8643332,park
Unnamed park (way/771545839),-33.9733624,150.8622777,park
Unnamed park (way/771857940),-33.8991445,150.9863034,park
Unnamed park (way/773749939),-33.8405889,151.0537453,park
Unnamed park (way/773749940),-33.8404049,151.0532914,park
Unnamed park (way/774965083),-33.7758743,150.9882857,park
Unnamed park (way/775431703),-33.8416431,151.0524785,park
Unnamed park (way/77579251),-33.835285,151.0977537,park
Unnamed park (way/776124773),-33.5516168,150.6715186,park
Unnamed park (way/776208049),-33.9495534,151.0102783,park
Unnamed park (way/776472734),-33.9397876,151.2370477,park
Unnamed park (way/777403755),-33.8927942,151.1436195,park
Unnamed park (way/781188535),-33.72357,150.9737221,park
Unnamed park (way/781658619),-33.9041536,151.2064266,park
Unnamed park (way/783959966),-33.8978505,151.1897459,park
Unnamed park (way/784749421),-33.953333,150.9891566,park
Unnamed park (way/784749424),-33.9545849,150.9886932,park
Unnamed park (way/785276268),-33.9758487,151.2444206,park
Unnamed park (way/785276271),-33.9763021,151.2478569,park
Unnamed park (way/785656237),-34.070637,150.7808715,park
Unnamed park (way/786117289),-33.8654693,151.0948603,park
Unnamed park (way/788214820),-33.9337402,151.1580032,park
Unnamed park (way/788731833),-33.7021334,150.9027302,park
Unnamed park (way/790779853),-33.7403277,150.7666911,park
Unnamed park (way/790879915),-33.9966003,150.9022514,park
Unnamed park (way/792893694),-33.8766688,150.9950213,park
Unnamed park (way/793366919),-33.8324817,150.9661663,park
Unnamed park (way/793370132),-33.8438522,150.9596829,park
Unnamed park (way/793444478),-33.9327704,151.1130555,park
Unnamed park (way/793444479),-33.9334354,151.111037,park
Unnamed park (way/795459769),-33.9376034,151.1048493,park
Unnamed park (way/796333984),-33.8912967,150.9985694,park
Unnamed park (way/796440463),-33.7565827,150.8254108,park
Unnamed park (way/796440481),-33.7864536,150.8294025,park
Unnamed park (way/796440490),-33.7730788,150.8105181,park
Unnamed park (way/796850362),-33.8623513,151.167018,park
Unnamed park (way/799035028),-33.9391869,150.9421556,park
Unnamed park (way/799035034),-33.9403435,150.9521674,park
Unnamed park (way/800711175),-33.7322455,151.0617729,park
Unnamed park (way/800751864),-34.0360814,151.0866586,park
Unnamed park (way/800751865),-34.0363756,151.0877522,park
Unnamed park (way/803297289),-33.8571684,151.0019712,park
Unnamed park (way/803515329),-33.7563236,150.9020211,park
Unnamed park (way/803515330),-33.7570255,150.900173,park
Unnamed park (way/804200744),-33.914314,151.0300892,park
Unnamed park (way/804200745),-33.9142458,151.0279357,park
Unnamed park (way/804533779),-33.8835067,150.9366499,park
Unnamed park (way/804533780),-33.8842411,150.9365083,park
Unnamed park (way/804824788),-33.7342883,150.8248224,park
Unnamed park (way/804824804),-33.7458105,150.8537481,park
Unnamed park (way/804890848),-33.7545776,150.9423406,park
Unnamed park (way/805210566),-33.8628731,150.9241528,park
Unnamed park (way/805902531),-33.7625082,151.1261406,park
Unnamed park (way/805902532),-33.7624619,151.1256813,park
Unnamed park (way/806032273),-33.880229,150.9984207,park
Unnamed park (way/806408136),-33.7839422,150.906,park
Unnamed park (way/806649507),-33.7852235,150.8990868,park
Unnamed park (way/806649508),-33.7864463,150.8991088,park
Unnamed park (way/806649509),-33.7890603,150.9027451,park
Unnamed park (way/806649511),-33.7809219,150.8933981,park
Unnamed park (way/806649513),-33.7798679,150.8864576,park
Unnamed park (way/806718253),-33.7225302,150.8994285,park
Unnamed park (way/806784082),-33.7794777,150.789035,park
Unnamed park (way/806794346),-33.8775717,150.9470737,park
Unnamed park (way/806794347),-33.8788355,150.9460294,park
Unnamed park (way/807150104),-33.8053674,150.6732966,park
Unnamed park (way/807397478),-33.7360663,150.7534814,park
Unnamed park (way/807462446),-33.6994414,150.9360369,park
Unnamed park (way/807462452),-33.7153595,150.9680522,park
Unnamed park (way/807473096),-33.7296052,150.9489617,park
Unnamed park (way/807859575),-34.0475309,150.8202048,park
Unnamed park (way/808457259),-33.8818921,150.9434041,park
Unnamed park (way/808457260),-33.8821731,150.9164414,park
Unnamed park (way/808618083),-33.9454376,151.1488717,park
Unnamed park (way/808618084),-33.9507115,151.1516906,park
Unnamed park (way/808618086),-33.9519546,151.1420324,park
Unnamed park (way/808966801),-33.8832435,151.2079696,park
Unnamed park (way/809076897),-34.0561301,150.7392875,park
Unnamed park (way/809082050),-34.0502784,150.7598517,park
Unnamed park (way/809082053),-34.0416888,150.7762424,park
Unnamed park (way/809083919),-33.8973101,150.8889768,park
Unnamed park (way/809372693),-33.9659121,151.1418576,park
Unnamed park (way/809839403),-34.2276126,150.9824259,park
Unnamed park (way/810079658),-33.9974853,151.1265846,park
Unnamed park (way/810079659),-33.9965336,151.1271699,park
Unnamed park (way/810116905),-33.9327128,151.1233302,park
Unnamed park (way/810618385),-33.9857493,151.1390582,park
Unnamed park (way/810677583),-33.6896264,151.2946448,park
Unnamed park (way/810677589),-33.6908632,151.2954162,park
Unnamed park (way/810677590),-33.6919362,151.2966296,park
Unnamed park (way/810709356),-33.9193545,150.8811965,park
Unnamed park (way/810709357),-33.9212291,150.8823283,park
Unnamed park (way/812694665),-33.6905187,151.2956248,park
Unnamed park (way/812698145),-33.6737143,151.2857535,park
Unnamed park (way/813336732),-33.931663,150.8745288,park
Unnamed park (way/813366037),-33.8886019,150.96603,park
Unnamed park (way/813405225),-34.0041777,150.7211506,park
Unnamed park (way/813405229),-33.9997808,150.7196806,park
Unnamed park (way/813405236),-33.9976702,150.7204541,park
Unnamed park (way/813623405),-33.9110474,150.957533,park
Unnamed park (way/814122067),-33.7927436,151.1347366,park
Unnamed park (way/814407139),-33.7461025,151.1210016,park
Unnamed park (way/814536857),-33.9526164,150.9421805,park
Unnamed park (way/815389607),-33.9593984,150.943271,park
Unnamed park (way/815430411),-33.9205492,151.1858271,park
Unnamed park (way/815844284),-33.697745,150.8922377,park
Unnamed park (way/817752178),-33.95779,150.9017678,park
Unnamed park (way/820398884),-33.7812814,150.7929121,park
Unnamed park (way/820398886),-33.7655271,150.7858123,park
Unnamed park (way/820398887),-33.7645916,150.7852931,park
Unnamed park (way/820398888),-33.7669483,150.7792364,park
Unnamed park (way/820398891),-33.7651034,150.7796406,park
Unnamed park (way/820952808),-33.931183,151.2597674,park
Unnamed park (way/823023838),-33.9779073,151.2435801,park
Unnamed park (way/823076520),-33.8432784,151.0502899,park
Unnamed park (way/823076521),-33.8431796,151.0497259,park
Unnamed park (way/823076522),-33.8429335,151.0483573,park
Unnamed park (way/823991293),-33.8846926,151.1741179,park
Unnamed park (way/825388864),-33.8464571,151.0160324,park
Unnamed park (way/830145455),-33.8777293,151.1849807,park
Unnamed park (way/831697213),-33.8191982,151.076688,park
Unnamed park (way/835782154),-33.8395955,151.0654859,park
Unnamed park (way/835782155),-33.8401784,151.0660467,park
Unnamed park (way/837305131),-33.4485241,151.3664532,park
Unnamed park (way/839493877),-33.8900944,151.1815301,park
Unnamed park (way/841621284),-33.8925075,151.0234034,park
Unnamed park (way/842343700),-33.9422634,151.118674,park
Unnamed park (way/843482989),-33.7137523,151.1023856,park
Unnamed park (way/843735053),-33.6845182,151.2906777,park
Unnamed park (way/843735054),-33.6836993,151.2896483,park
Unnamed park (way/844101352),-33.8869464,151.1449359,park
Unnamed park (way/844962860),-33.8591812,151.2847046,park
Unnamed park (way/844962861),-33.858626,151.2849584,park
Unnamed park (way/848241365),-34.0126913,150.7778138,park
Unnamed park (way/850315846),-33.6497441,150.9049175,park
Unnamed park (way/850315865),-33.616228,150.9106709,park
Unnamed park (way/850336469),-33.6828302,151.2885698,park
Unnamed park (way/850338294),-33.6816826,151.286497,park
Unnamed park (way/850339394),-33.6828206,151.2875221,park
Unnamed park (way/850683588),-33.6973517,150.7996094,park
Unnamed park (way/851768380),-33.8022864,151.1461683,park
Unnamed park (way/852012665),-33.8792153,151.1682859,park
Unnamed park (way/855187050),-33.8203285,151.0174285,park
Unnamed park (way/85614593),-34.2593712,150.9694593,park
Unnamed park (way/860906031),-33.821266,151.190568,park
Unnamed park (way/86297048),-33.8012725,151.0490042,park
Unnamed park (way/863045592),-33.6994283,150.8854981,park
Unnamed park (way/86475500),-34.0462257,150.8404635,park
Unnamed park (way/865565332),-33.7904566,150.8309025,park
Unnamed park (way/865579234),-33.7809259,150.8453989,park
Unnamed park (way/865776029),-33.7864963,150.8403154,park
Unnamed park (way/866164412),-33.8888766,151.1901211,park
Unnamed park (way/866963015),-34.0442988,151.1246453,park
Unnamed park (way/866963017),-34.0459593,151.1291625,park
Unnamed park (way/874455736),-33.7894715,151.0412432,park
Unnamed park (way/875163696),-33.753421,151.2477786,park
Unnamed park (way/875352333),-33.7545985,150.9235946,park
Unnamed park (way/878042105),-33.8620318,151.0832277,park
Unnamed park (way/878623297),-33.7519382,150.6629772,park
Unnamed park (way/878804788),-33.7798447,150.8407938,park
Unnamed park (way/878804789),-33.7819244,150.8404562,park
Unnamed park (way/878804800),-33.7708619,150.8359398,park
Unnamed park (way/878804803),-33.7784672,150.8409201,park
Unnamed park (way/878815758),-33.7560889,150.8260844,park
Unnamed park (way/878815760),-33.763159,150.8148055,park
Unnamed park (way/878815761),-33.7625728,150.8100774,park
Unnamed park (way/878815772),-33.7590198,150.8399845,park
Unnamed park (way/878815774),-33.7593313,150.8435238,park
Unnamed park (way/878815775),-33.7599222,150.846249,park
Unnamed park (way/878815776),-33.7665493,150.8329682,park
Unnamed park (way/879573354),-33.7740879,150.8118123,park
Unnamed park (way/879573355),-33.7730792,150.8130777,park
Unnamed park (way/879573356),-33.7711918,150.8097982,park
Unnamed park (way/879573357),-33.770584,150.8059922,park
Unnamed park (way/879573360),-33.768353,150.8103455,park
Unnamed park (way/879603366),-33.9046589,150.9279824,park
Unnamed park (way/879609940),-33.8880719,150.8932072,park
Unnamed park (way/881465353),-33.9139598,151.0466109,park
Unnamed park (way/881468901),-33.8975755,151.0555331,park
Unnamed park (way/881484581),-33.9232406,151.1056534,park
Unnamed park (way/881484583),-33.9281942,151.1173721,park
Unnamed park (way/881488508),-33.8518318,150.9457091,park
Unnamed park (way/881490788),-33.7890277,151.0267877,park
Unnamed park (way/881493802),-33.7646298,150.9449609,park
Unnamed park (way/88183997),-33.992208,151.1118902,park
Unnamed park (way/88184015),-33.9920228,151.1104682,park
Unnamed park (way/881844733),-33.9048708,151.0075413,park
Unnamed park (way/88457912),-33.9534874,150.9875976,park
Unnamed park (way/88461483),-33.9478631,150.9963302,park
Unnamed park (way/88463932),-33.9490139,150.9927643,park
Unnamed park (way/886856966),-33.8408163,151.0311481,park
Unnamed park (way/888519148),-33.9035535,150.9516008,park
Unnamed park (way/89183390),-33.9423826,151.0981192,park
Unnamed park (way/892184196),-33.9201784,151.185525,park
Unnamed park (way/892185036),-33.9198519,151.1858191,park
Unnamed park (way/893226863),-33.8152803,151.0172687,park
Unnamed park (way/896063444),-33.9012937,151.2014665,park
Unnamed park (way/899277183),-33.9551004,150.8436286,park
Unnamed park (way/90086539),-33.6874892,150.9300139,park
Unnamed park (way/902187432),-33.8716684,151.2191783,park
Unnamed park (way/902294124),-33.7425903,150.8981332,park
Unnamed park (way/902294130),-33.7400488,150.8966714,park
Unnamed park (way/902903189),-33.8150357,151.0172023,park
Unnamed park (way/902903190),-33.8114273,151.0018201,park
Unnamed park (way/903329217),-33.8130272,151.0230085,park
Unnamed park (way/904632345),-33.7719303,151.2573436,park
Unnamed park (way/90581397),-34.0440127,151.1170899,park
Unnamed park (way/90581485),-34.0493926,151.1542114,park
Unnamed park (way/907704852),-33.8825404,151.2315818,park
Unnamed park (way/907710814),-33.8820692,151.2322399,park
Unnamed park (way/90789482),-34.0318561,151.1327677,park
Unnamed park (way/90812029),-33.9677244,151.0096385,park
Unnamed park (way/909380857),-33.6654021,151.1196567,park
Unnamed park (way/910404865),-33.7667119,151.255239,park
Unnamed park (way/910404866),-33.7573096,151.2474737,park
Unnamed park (way/911442727),-33.8147077,151.0113654,park
Unnamed park (way/911708149),-33.8875563,150.9605611,park
Unnamed park (way/920597375),-34.0181315,151.1082746,park
Unnamed park (way/923128545),-34.0236693,151.0120018,park
Unnamed park (way/926631052),-33.7529088,150.7059587,park
Unnamed park (way/931902065),-33.7800571,150.872729,park
Unnamed park (way/933071862),-33.7464371,151.1444884,park
Unnamed park (way/935211077),-33.7012768,150.8828124,park
Unnamed park (way/935211103),-33.701709,150.8108883,park
Unnamed park (way/935404174),-33.7757117,150.9936876,park
Unnamed park (way/93544955),-33.8923468,151.2150405,park
Unnamed park (way/936315589),-33.8530733,151.0829327,park
Unnamed park (way/936583645),-33.7136144,150.9146275,park
Unnamed park (way/937482392),-33.8866126,151.1725529,park
Unnamed park (way/940232939),-33.4439347,151.4425557,park
Unnamed park (way/94033756),-33.9488013,151.0024669,park
Unnamed park (way/940858249),-33.886978,151.1725661,park
Unnamed park (way/942468101),-33.8841609,151.1772233,park
Unnamed park (way/942468102),-33.8840996,151.1765716,park
Unnamed park (way/944898210),-33.9865931,150.813869,park
Unnamed park (way/945315450),-33.8061214,150.8004652,park
Unnamed park (way/947549269),-33.7428453,150.7148471,park
Unnamed park (way/952213833),-33.7137559,150.4518704,park
Unnamed park (way/952213834),-33.7163987,150.4515232,park
Unnamed park (way/95322075),-34.2794138,150.9551849,park
Unnamed park (way/953891122),-33.9236777,151.1852595,park
Unnamed park (way/958052919),-33.7706074,150.9110271,park
Unnamed park (way/960023174),-33.9029177,151.1844096,park
Unnamed park (way/96023003),-33.9449421,151.0060307,park
Unnamed park (way/962469950),-34.0225746,151.0418648,park
Unnamed park (way/962773729),-34.0377066,151.0027748,park
Unnamed park (way/963070855),-33.7713685,150.6283583,park
Unnamed park (way/963330947),-33.8986606,151.1012356,park
Unnamed park (way/963330948),-33.8991082,151.1027659,park
Unnamed park (way/964360302),-33.5790053,150.7130143,park
Unnamed park (way/965192591),-33.8402041,151.0651234,park
Unnamed park (way/965192592),-33.8384838,151.0639279,park
Unnamed park (way/965192593),-33.8408122,151.0576916,park
Unnamed park (way/965192594),-33.8355737,151.0622027,park
Unnamed park (way/965192595),-33.845891,151.055563,park
Unnamed park (way/965192596),-33.8457091,151.0525393,park
Unnamed park (way/965192597),-33.8377097,151.0723327,park
Unnamed park (way/965303714),-33.8006987,151.2304029,park
Unnamed park (way/965547223),-33.7686516,150.7511449,park
Unnamed park (way/965547227),-33.7708387,150.7477141,park
Unnamed park (way/965653248),-33.7852164,150.6600142,park
Unnamed park (way/966218941),-33.749127,150.8005465,park
Unnamed park (way/966218945),-33.7454716,150.8017946,park
Unnamed park (way/966218954),-33.7308377,150.800866,park
Unnamed park (way/966324757),-33.9475244,151.0716504,park
Unnamed park (way/968448802),-33.7686974,151.0467426,park
Unnamed park (way/968667250),-33.8597745,150.9341701,park
Unnamed park (way/968667251),-33.8608405,150.933773,park
Unnamed park (way/973262159),-33.6953494,150.5507083,park
Unnamed park (way/975660837),-33.5767243,150.6970089,park
Unnamed park (way/975660842),-33.5767459,150.6970138,park
Unnamed park (way/976235507),-33.7767817,150.7415338,park
Unnamed park (way/978596790),-33.7982295,150.7895873,park
Unnamed park (way/979183758),-33.767145,150.6970321,park
Unnamed park (way/981893253),-33.8866429,151.2467621,park
Unnamed park (way/983435296),-33.8877219,151.1898497,park
Unnamed park (way/983435297),-33.8878124,151.1898159,park
Unnamed park (way/983435298),-33.8879397,151.1898314,park
Unnamed park (way/984366007),-33.9646462,151.1319668,park
Unnamed park (way/984861754),-34.0348715,151.0059701,park
Unnamed park (way/984870285),-33.7990269,150.7903224,park
Unnamed park (way/984994155),-34.0614347,151.0009766,park
Unnamed park (way/985288789),-33.8192189,151.2481194,park
Unnamed park (way/985288790),-33.8197348,151.246651,park
Unnamed park (way/985428020),-33.8183764,151.2509979,park
Unnamed park (way/987563682),-33.8279205,151.1732004,park
Unnamed park (way/989348479),-33.894487,151.2159779,park
Unnamed park (way/98971010),-33.9666904,151.1020281,park
Unnamed park (way/991854038),-33.8796841,151.1751342,park
Unnamed park (way/99273855),-33.9513753,151.0212052,park
Unnamed park (way/993401839),-33.7990616,150.6901462,park
Unnamed park (way/993778105),-34.0359335,151.0576091,park
Unnamed park (way/995525550),-33.9575724,150.8987898,park
Unnamed park (way/997796449),-33.8063223,151.2296739,park
Unnamed park (way/998354279),-33.9076913,151.2179847,park
Unnamed park (way/998396072),-33.9061891,151.220131,park
Unnamed park (way/99964177),-33.9437354,151.0185032,park
Unnamed school (way/1038878937),-33.9968371,150.7370332,school
Unnamed school (way/1075791150),-33.9415293,151.1029969,school
Unnamed school (way/1078682247),-33.8733113,151.2747054,school
Unnamed school (way/1197833773),-33.9054235,151.1345903,school
Unnamed school (way/1208386109),-33.9324112,151.1485123,school
Unnamed school (way/1290807844),-33.8161159,150.9804655,school
Unnamed school (way/1324088820),-33.9350687,151.2365389,school
Unnamed school (way/1368005270),-33.9575365,151.1516874,school
Unnamed school (way/1424032263),-33.9813161,150.8157185,school
Unnamed school (way/1469131821),-33.8326017,151.2039181,school
Unnamed school (way/1498418788),-33.847224,151.12362,school
Unnamed school (way/1533931661),-33.6988271,150.8008203,school
Unnamed school (way/258279916),-33.696233,151.2138829,school
Unnamed school (way/397040477),-33.7208005,150.6662203,school
Unnamed school (way/420403238),-33.7155387,151.1273742,school
Unnamed school (way/437524042),-33.7152029,151.1272831,school
Unnamed school (way/437524047),-33.7159031,151.1281903,school
Unnamed school (way/542669399),-33.7475306,150.8903123,school
Unnamed school (way/600611114),-34.0617414,150.8243264,school
Unnamed school (way/695883792),-33.9689551,150.8799742,school
Unnamed school (way/949585684),-33.7805016,151.0735085,school
Unnamed school (way/949586013),-33.7784616,151.0728835,school
Unnamed supermarket (node/10303457339),-33.731971,151.0798497,supermarket
Unnamed supermarket (node/1042215468),-33.711244,151.1372141,supermarket
Unnamed supermarket (node/13183618643),-33.7969215,151.2518483,supermarket
Unnamed supermarket (node/13935126747),-33.8490745,151.0306803,supermarket
Unnamed supermarket (node/14074864321),-33.9674531,151.1066404,supermarket
Unnamed supermarket (node/1798158409),-33.7208831,151.0822937,supermarket
Unnamed supermarket (node/18261437),-34.0115367,151.2095823,supermarket
Unnamed supermarket (node/1926778484),-33.7197827,151.0690256,supermarket
Unnamed supermarket (node/2397171196),-33.9099077,151.0966387,supermarket
Unnamed supermarket (node/48770839),-33.671131,151.0965049,supermarket
Unnamed supermarket (node/5875641846),-33.9991841,150.8661415,supermarket
Unnamed supermarket (node/5875641847),-33.9991242,150.8662196,supermarket
Unnamed supermarket (node/5875641848),-33.9985832,150.8657959,supermarket
Unnamed supermarket (node/5875641872),-33.9977243,150.8656945,supermarket
Unnamed supermarket (node/60788117),-33.6763531,151.0985312,supermarket
Unnamed supermarket (node/6842453459),-33.8279801,151.0740304,supermarket
Unnamed supermarket (node/9369124972),-34.0684207,150.813596,supermarket
Unnamed supermarket (way/264251713),-34.0256143,150.8196475,supermarket
Unnamed supermarket (way/616031744),-33.9105316,151.1414011,supermarket
Unnamed supermarket (way/718299665),-34.0173585,151.0109865,supermarket
Urban Grocer,-33.8668243,151.2052488,supermarket
Urimbirra Park,-33.8608876,151.0060343,park
Ustore,-33.9014042,151.212825,supermarket
Utz Reserve,-33.8438491,151.1527822,park
Vale Reserve,-34.0427804,150.746673,park
Vale Street Park,-33.8414472,150.9581111,park
Valencia Park,-33.7973252,150.9313017,park
Valerie Park,-33.7950838,151.0864232,park
Valley Heights Reserve,-33.715179,150.5900094,park
Valley Reserve,-34.0705872,150.8279102,park
Valley View Public School,-33.4002053,151.3619312,school
Valley View Reserve,-34.037771,150.7250477,park
Valley View Reserve,-33.6841955,151.2922441,park
Van Diemen Park,-33.7221967,150.7867863,park
Vanardi Green,-33.861554,151.1820399,park
Vanardi Green,-33.8612368,151.1799277,park
Vancouver Reserve,-33.7966865,150.9283326,park
Vardys Road Public School,-33.7571679,150.9427533,school
Varley Park,-33.949411,150.8566397,park
Varna Park,-33.9067978,151.2563931,park
Vasta Park,-33.9442829,150.9525579,park
Vasta Reserve,-33.9426315,150.9779172,park
Vaucluse House,-33.8558878,151.2736198,park
Vaucluse Park,-33.8601104,151.2732414,park
Vaucluse Public School,-33.8504319,151.2812687,school
Veno Street Reserve,-34.0864745,151.008633,park
Ventura Reserve,-33.6876805,151.3016152,park
Vernon Avenue Reserve,-33.9301249,151.2123183,park
Vernon Park,-33.5103118,151.3131009,park
Vernon Street Park,-33.8257963,150.9471052,park
Verona School,-33.8678166,150.9711492,school
Veronica Reserve,-34.0527508,150.751937,park
Vice Chancellor's Oval,-33.8968365,151.1962189,park
Vicolo Market,-33.7548582,151.2848532,supermarket
Victor Brazier Park,-33.8601538,151.000201,park
Victoria Ave community precinct,-33.8479694,151.0832167,school
Victoria Avenue Public School,-33.8495673,151.0829817,school
Victoria Park,-34.1760783,150.6130981,park
Victoria Park,-34.0182444,150.8481969,park
Victoria Park,-33.9001773,151.2507182,park
Victoria Park,-33.7705465,150.7695763,park
Victoria Park Supermarket,-33.9070258,151.2088065,supermarket
Victoria Square,-33.8968775,151.1310345,park
Victoria Wharf Reserve,-33.8412594,151.2783207,park
Victory Reserve,-33.960854,151.1419241,park
View Street Reserve,-33.8367141,151.1767755,park
Viking Street Reserve,-33.9230972,151.1044802,park
Villa Maria Catholic Primary School,-33.8300887,151.1395194,school
Villa Maria Reserve,-33.8359605,151.1397434,park
Villa Maria Reserve,-33.8355792,151.1370061,park
Village Green,-33.8421261,151.0842323,park
Village Green,-33.7713198,150.9089426,park
Village Green,-33.7618664,151.1291612,park
Village Green,-33.7430074,150.9607789,park
Village Green,-33.7319715,150.7816469,park
Village Park,-33.6769296,151.3047838,park
Village Square,-33.9295044,151.1534038,park
Villawood East Public School,-33.8901517,150.986002,school
Villawood Family Park,-33.8816024,150.9759772,park
Villawood North Public School,-33.8771179,150.9724711,school
Villiers Reserve,-33.9675747,151.0372794,park
Vimera Reserve,-33.7815693,151.0883592,park
Vincent Cresent Reserve,-33.8828364,150.9562736,park
Vine Street Playground,-33.8888655,151.1968586,park
Vine Street Reserve,-33.8889985,151.1970294,park
Vinegar Hill Reserve,-33.6969047,150.9249711,park
Vineyard Creek Reserve,-33.79525,151.0368763,park
Vineyard Park,-33.6330869,150.8430687,park
Vineyard Public School,-33.6472656,150.8579189,school
Vineyard Reserve,-33.853003,150.9461896,park
Viret Street Reserve,-33.8340691,151.1611856,park
Virginius Reserve,-33.9581833,151.022501,park
Vivian Crescent Reserve,-33.8705784,151.0353971,park
Volunteer Park,-33.9990429,150.7510077,park
Voyager Park,-33.9606843,150.9741758,park
W S Williams Memorial Park,-34.0770878,150.5707048,park
W. V. McCall Memorial Park,-34.0835366,150.6977549,park
WCA Supermarket,-33.952655,151.1374616,supermarket
Wadangali Public School,-33.7412109,150.7114492,school
Wadanggari Park,-33.8239329,151.1945329,park
Waddell Brothers Park,-33.9185986,150.918422,park
Wadim Bill Jegorow Reserve,-33.8737376,151.1308147,park
Wahroonga Adventist Primary,-33.7353832,151.0990894,school
Wahroonga Adventist School,-33.7321658,151.1013876,school
Wahroonga Park,-33.7165711,151.1173817,park
Wahroonga Preparatory School,-33.7149969,151.1172522,school
Wahroonga Public School,-33.7155805,151.128462,school
Wainwright Park,-33.7613238,150.7192385,park
Wainwright Street Park,-33.8477035,150.9782271,park
Wairoa Reserve,-33.8866513,151.2792301,park
Wairoa School,-33.8866335,151.2784769,school
Waitara Jaycee Park,-33.713208,151.1091975,park
Waitara Parade Reserve,-33.9759815,151.0933919,park
Waitara Park,-33.7078704,151.1064899,park
Waitara Public School,-33.7081216,151.1115655,school
Waite Reserve,-33.7329252,150.9169407,park
Wakehurst Public School,-33.7385323,151.2180864,school
Wakelin Reserve,-33.8384619,151.1986789,park
Wal Buckingham Memorial Garden,-33.6010138,151.0076609,park
Walker Street Road Reserve,-33.843553,151.2079215,park
Wall Reserve,-33.9476577,151.2012314,park
Wallaby Reserve,-33.5039951,151.3297253,park
Wallace Park Reserve,-33.8026433,151.1751187,park
Wallacia Primary School,-33.8626873,150.6415721,school
Wallaga Reserve,-34.0566079,150.8470612,park
Wallamulla Park,-33.8729953,151.2192982,park
Wallawa Reserve,-33.8259934,151.0014222,park
Wallis Reserve,-33.8842228,151.0801029,park
Walsh Avenue Reserve,-33.9004432,151.0897665,park
Walshe Grove Park,-33.7316658,150.8122697,park
Walter Baldrey Park,-33.9238596,150.8423203,park
Walter Brown Park,-33.7889787,151.0340999,park
Walter Gors Park,-33.752513,151.2901106,park
Walter Street Reserve,-33.9654595,151.075381,park
Walter Williamson Park,-33.9372865,151.2447897,park
Walters Road Park,-33.7775617,150.8944555,park
Walters Road Primary School,-33.7839814,150.8919366,school
Wamberal Beach,-33.4308329,151.4507152,beach
Wamberal Park,-33.4222436,151.4430898,park
Wamberal Public School,-33.4122088,151.4482422,school
Wambiri Reserdve,-33.7364714,151.2666828,park
Waminda Oval,-34.0657443,150.8354784,park
Wanawong Drive Park,-33.7280723,151.0768966,park
Wanda Beach,-34.042407,151.1635187,beach
Wanda Reserve,-34.04099,151.1634623,park
Wandella Reserve,-33.774983,151.2578683,park
Wandoo Reserve,-33.8166705,151.1031492,park
Wangal Nura Park,-33.8866135,151.1501047,park
Wangal Park,-33.873988,151.1142335,park
Wangee Park School,-33.9082997,151.0955956,school
War Memorial Park,-33.8784251,151.1637432,park
Waratah Park,-34.0407981,151.0556261,park
Waratah Street Reserve,-33.874849,151.2283217,park
Ward Crescent Reserve,-34.0019887,151.0899503,park
Ward Park,-33.8886574,151.2116802,park
Wardell Drive Reserve,-33.7797709,150.7067872,park
Wareham Reserve,-33.7473157,151.2237753,park
Warners Park,-33.8058954,151.2109143,park
Warnock Park,-33.8525434,150.9835901,park
Warragamba Civic Park,-33.8890783,150.6050709,park
Warragamba Memorial Park,-33.8895081,150.6043603,park
Warragamba Public School,-33.8909326,150.6053695,school
Warragamba Reserve,-33.8539779,150.8811296,park
Warrah Specialist School,-33.7061201,151.035705,school
Warrane Reserve,-33.7887079,151.2013219,park
Warraroon Reserve,-33.8241893,151.1679577,park
Warrawong Reserve,-33.7979263,151.0736682,park
Warren Park,-33.9220028,151.1497739,park
Warren Reserve,-33.9543097,151.1035278,park
Warren Try Reserve,-33.8416422,150.9839675,park
Warren Zines Reserve,-33.8808631,151.2803293,park
Warri Reserve,-33.75134,151.2699155,park
Warriewood Beach,-33.6905029,151.3087208,beach
Warriewood Valley Sportsgound,-33.6978388,151.297112,park
Warrimoo Public School,-33.7280648,150.6001918,school
Warrina Reserve,-33.7724752,150.8839577,park
Warrina Street Oval,-33.6140171,151.1470589,park
Warringa Park,-33.8379049,151.2133272,park
Warrumbungle Park,-33.8683519,150.9279073,park
Warumbul Picnic Area,-34.0759412,151.1034198,park
Warung Reserve,-33.7439411,151.2033046,park
Warwick Farm Public School,-33.9097235,150.9294528,school
Wascoe Park,-33.7609735,150.6120631,park
Washaway Beach,-33.8151891,151.2633703,beach
Wassell Street Reserve,-33.9645681,151.2363697,park
Wassell Street Rockery,-33.9631725,151.2381227,park
Watchful Harry Square,-33.8996492,151.2148989,park
Wategora Reserve,-33.8667477,151.0128362,park
Water Street Park,-33.8923436,150.9154165,park
Waterfall Park,-33.7086694,150.9050395,park
Waterfall Public School,-34.1375339,150.9959832,school
Waterford Reserve,-33.7701667,151.2116886,park
Waterfront Green,-33.8654778,151.1578425,park
Waterfront Park,-33.9280426,151.1555548,park
Waterfront Park,-33.8676238,151.1882281,park
Waterfront Reserve,-33.5447621,151.307304,park
Waterhole Park,-33.702922,150.5310094,park
Waterloo Asian Supermarket,-33.900753,151.2114517,supermarket
Waterloo Green,-33.8973153,151.2030864,park
Waterloo Green,-33.8961681,151.2018419,park
Waterloo Park,-33.9014924,151.205281,park
Waterloo Park,-33.8997836,151.2051816,park
Waterloo Park,-33.767583,151.108502,park
Waterworth Park,-33.9258543,151.1521801,park
Waterworth Reserve,-34.0519595,150.7515623,park
Watson Road Reserve,-33.8586777,151.2052633,park
Watsons Bay,-33.8442395,151.2815769,beach
Watt Park,-33.8436267,151.2064001,park
Wattawa Heights Primary,-33.914919,151.012084,school
Wattawa Reserve,-33.9186706,151.0127491,park
Wattle Avenue Reserve,-33.7562039,150.7810753,park
Wattle Forest,-34.0827063,151.0549339,park
Wattle Grove Public School,-33.9586305,150.9374891,school
Watts Park,-33.7929178,151.1034035,park
Waverley Bus Shelter,-33.89761,151.2545604,school
Waverley College Preparatory School,-33.9004034,151.2576353,school
Waverley College Senior Campus,-33.8973347,151.256011,school
Waverley Park,-33.8950231,151.2577543,park
Waverley Public School,-33.8983981,151.2515285,school
Wawarrawarri Park,-33.779593,150.8693188,park
Wayne Game Reserve,-33.7587414,150.9027845,park
Wayne Gardner Reserve,-34.003524,150.7437491,park
Wayne Schimanski Reserve,-33.7378016,151.1924982,park
Wearns Reserve,-33.8573739,151.1599227,park
Weaver Park,-33.830651,151.2268168,park
Webber Street Reserve,-34.0163364,151.0985512,park
Webster Park,-33.924158,150.9615671,park
Wedmore Road & Annie Spence Close Reserve,-33.7367866,150.6505277,park
Weekley Park,-33.891241,151.1656174,park
Weerona Park,-33.7924446,151.272526,park
Weerona Reserve,-33.7652462,151.1044993,park
Weeronga Park,-33.7804266,150.8885088,park
Weetawaa Road Reserve,-33.6403725,151.3205939,park
Weir Reserve,-33.7441459,150.6843973,park
Welcome Asian Supermarket,-33.967299,151.1055643,supermarket
Welcome Mart,-33.8999297,151.1845753,supermarket
Welcome Street Park,-33.872157,150.9064442,park
Wellman Reserve,-33.7529676,151.2207365,park
Wendlebury Park,-33.9231308,150.9571336,park
Wendy Park,-33.8030679,151.0673316,park
Wenona Girls School,-33.834238,151.2103337,school
Wentworth Common,-33.8371394,151.0746147,park
Wentworth Point High School,-33.824018,151.0805449,school
Wentworth Point Public School,-33.8233765,151.0800989,school
Wentworth Reserve,-33.858784,151.0780345,park
Wentworth Reserve,-33.7399091,151.2229198,park
Wentworthville Public School,-33.8140076,150.9686024,school
Weroona Park,-33.7308624,150.4748915,park
Werrell Reserve,-33.8440838,151.1289233,park
Werrington County Public School,-33.7451141,150.7474218,school
Werrington Public School,-33.7551294,150.745273,school
Werrong Beach,-34.204277,151.0207792,beach
West Denistone Park,-33.8017112,151.0775289,park
West Epping Park,-33.7706684,151.0679728,park
West Esplanade Park,-33.7987559,151.2827679,park
West Head Beach,-33.5814556,151.3091448,beach
West Pennant Hills Public School,-33.7460471,151.0504527,school
West Pymble Public School,-33.7640005,151.1243852,school
West Ryde Public School,-33.8083606,151.0850861,school
West Street Reserve,-33.9799632,151.1153727,park
Western Grammar School,-33.7495422,150.8358146,school
Western Suburbs Lawn Tennis,-33.8921531,151.1240303,park
Western Sydney Parklands,-33.780001,150.8650399,park
Western Sydney Parklands (Woodfarm Reserve),-33.7476276,150.8636879,park
Westfields Sports High School,-33.866937,150.920407,school
Westland Memorial Park,-33.9970702,150.8769658,park
Westlands Reserve,-34.0561191,150.7018306,park
Westleigh Lane Road Reserve,-33.8346356,151.2192987,park
Westleigh Street Road Reserve,-33.8358764,151.2199354,park
Westmead Catholic Community,-33.8056062,150.984462,school
Westmead Public School,-33.8101793,150.9852806,school
Westminster Park,-33.8221151,151.1274323,park
Westminster Park,-33.7262824,151.0288025,park
Westmore Drive Reserve,-33.7600221,151.033671,park
Westmorland Reserve,-33.7434348,151.2965914,park
Wetherill Park Preschool,-33.8556574,150.9150652,school
Wetherill Park Reserve,-33.8486235,150.9083298,park
Whalan Public School,-33.7529205,150.8096513,school
Whale Beach,-33.6104462,151.3321166,beach
Whale Beach Reserve,-33.6107132,151.3321618,park
Wharf Reserve,-33.4595722,151.3544814,park
Wharf Road Reserve,-33.8320515,151.1624137,park
Wheat Park,-33.9140752,150.8910568,park
Wheeler Heights Public School,-33.7277921,151.2847437,school
Wheeler Park,-33.7647271,150.9262829,park
Wheeler Park,-33.7208868,151.2945182,park
Wheelie Park,-33.6294981,150.8986049,park
Wheeller Park,-33.856898,150.8965929,park
Whiddon Reserve,-33.9017818,151.0932148,park
Whitbread Park,-33.9408938,151.1155356,park
White Gum Reserve,-33.8149972,150.9501861,park
White Horse Beach,-33.5799021,151.2809891,beach
Whiteley Reserve,-33.8914865,151.1684088,park
Whitemore Reserve,-33.9047018,150.9867774,park
Whiteoak Reserve,-33.9521524,151.1523661,park
Whites Creek Valley Park,-33.878456,151.1681378,park
Whitfield Parade Reserve,-33.9804668,151.0931797,park
Whiting Beach,-33.8444102,151.2382212,beach
Whitlam Park,-33.9059218,150.88254,park
Whitney Reserve,-33.6727137,151.2917615,park
Whitton Park,-33.7996853,151.1778233,park
Whitton Park,-33.7636666,150.6178981,park
Whyman Park,-33.829223,150.9619414,park
Wianamatta Park,-33.9249225,150.8887576,park
Wickham Park,-33.8099038,151.1806498,park
Wicks Park,-33.9096429,151.1630969,park
Widemere Public School,-33.834177,150.9398814,school
Wideview Public School,-33.6085059,151.1414918,school
Wiggins Reserve,-33.9549592,151.0740052,park
Wilberforce Park,-33.5564802,150.8447388,park
Wilberforce Public School,-33.5587086,150.8398089,school
Wild Street Reserve,-34.1834298,150.609306,park
Wiley Park,-33.9276936,151.0730969,park
Wiley Park Girls High School,-33.9242996,151.0665042,school
Wiley Park Public School,-33.9241419,151.0684749,school
Wilga Park,-33.7807977,151.117952,park
Wilkes Park,-33.9403831,150.9492346,park
Wilkins Public School,-33.9020814,151.1550653,school
Willan Park,-33.926711,150.8907949,park
William Campbell Reserve,-34.0348594,150.7336711,park
William Carey Christian School,-33.9496995,150.8508379,school
William Carlton Gardens,-33.8767595,151.1865588,park
William Clarke College,-33.7114225,150.9760878,school
William Dean Public School,-33.7342651,150.8586777,school
William Harvey Reserve,-33.6795484,150.9247825,park
William Lamb Park,-33.8530012,151.0088829,park
William Lewis Park,-33.7290084,151.1094443,park
William Long Reserve,-33.9124335,150.9602929,park
William Mason Reserve,-33.7610409,150.8219826,park
William Rose School,-33.7700379,150.9374694,school
William Stimson Public School,-33.8547023,150.9057714,school
William Wade Park,-33.7991146,151.0386729,park
William Woods Reserve,-34.2071568,150.7864432,park
Williams Park,-33.9262494,150.9535861,park
Williams Reserve,-33.8047939,151.0400603,park
Willington Street Rockery,-33.9320201,151.139928,park
Willis Park,-34.0805685,150.5119179,park
Willmington Reserve,-33.8807489,150.6925852,park
Willmot Public School,-33.725737,150.7942253,school
Willmot Reserve,-33.7869992,150.9582689,park
Willmot Reserve,-33.7243373,150.7940311,park
Willoughby Girls High School,-33.8029838,151.1992864,school
Willoughby Park,-33.7967756,151.2068666,park
Willoughby Public School,-33.802253,151.2000597,school
Willow Foreshore Reserve,-33.9002454,150.9670847,park
Willow Park,-33.899668,150.968752,park
Willow Park,-33.7059439,151.1052844,park
Willow Tree Avenue Reserve,-33.7481917,150.6724113,park
Willow Tree Flat,-34.077943,151.0563382,park
Willowdale Dog Park,-33.9840334,150.8153995,park
Willowdale Park,-33.9809508,150.8108565,park
Wills Reserve,-34.0022489,150.8971467,park
Wills Reserve,-33.9079478,151.2195429,park
Willsford Homes Reserve,-33.7952412,150.9951413,park
Wilson Park,-33.8913785,150.8707131,park
Wilson Park,-33.8264678,151.0535377,park
Wilson Park,-33.7187428,150.4263993,park
Wilson Park,-33.7067897,150.7482835,park
Wilton Public School,-34.2283534,150.6857129,school
Wilton Recreation Ground,-34.2338908,150.6936255,park
Wilton Reserve,-33.9013882,150.9861034,park
Wiltshire Park,-33.6007605,151.325295,park
Wimbledon Reserve,-33.7143011,151.2924926,park
Wimbo Park,-33.8898927,151.2160667,park
Windarra Reserve,-33.944329,151.068685,park
Windeyer Scout Camp,-33.6266278,151.1079837,park
Windmill Park,-33.7963609,150.6924736,park
Windrush Circuit Reserve,-33.8024804,150.7792538,park
Windrush Reserve,-33.7290033,151.2111171,park
Windsor High School,-33.6186613,150.8335543,school
Windsor Park Public School,-33.6406513,150.8134769,school
Windsor Public School,-33.6103718,150.816375,school
Windsor South Public School,-33.6182115,150.8040398,school
Windsor Street Reserve,-33.8847377,151.2330262,park
Wingara Reserve,-33.7374594,151.209919,park
Winji jimmi Reserve,-33.6628423,151.3065646,park
Winjoy Reserve,-33.8046275,151.0325601,park
Winmalee High School,-33.6760515,150.615127,school
Winmalee Public School,-33.6702729,150.610771,school
Winnal Reserve,-33.9077733,150.8699396,park
Winnereremy Bay Foreshore Reserve,-33.6670074,151.3041695,park
Winnie Street Laneway Reserve,-33.8283238,151.2275321,park
Winsor Park,-33.9013882,151.0445369,park
Winston Heights Public School,-33.77485,150.9678769,school
Winston Hills Lions Park,-33.776551,150.9894872,park
Winston Hills Public School,-33.7734708,150.9811956,school
Wire Mill Reserve,-33.849535,151.1319873,park
Wirra Birra Park,-33.8437869,151.2177127,park
Wirralee Street Park,-33.8241477,150.9663308,park
Wise Reserve,-33.9424996,151.0617621,park
Wollemi College,-33.7644683,150.7558543,school
Wollondilly Anglican College,-34.2513503,150.5721613,school
Wollundry Park Playground,-33.7368941,151.0722755,park
Wombarra Beach,-34.2787222,150.9565903,beach
Womerah Gardens,-33.8768338,151.2265014,park
Wonga Road Reserve,-34.0483318,151.1040385,park
Wongalee Corner,-33.739523,151.0989355,park
Woniora Gardens,-33.9691225,151.1024713,park
Woniora Road School,-33.9710046,151.1031536,school
Wood Park,-34.0071897,150.8698228,park
Woodbine Reserve,-33.7876056,151.2541102,park
Woodburn Reserve,-33.8687161,151.0349488,park
Woodbury Park,-33.5326102,150.7628022,park
Woodcroft Reserve,-33.7532542,150.8802212,park
Woodford Bay Park,-33.827556,151.1735074,park
Woodhill Reserve,-34.011266,150.7705642,park
Woodland Reserve,-33.8718686,150.9952499,park
Woodland Road Public School,-34.0970754,150.8150661,school
Woodlands Park,-33.5495454,150.8595116,park
Woodpark Reserve,-33.8408196,150.9612513,park
Woodport Public School,-33.439342,151.3784782,school
Woodriff Gardens,-33.749083,150.6866346,park
Woodside Park,-33.9120826,150.8571084,park
Woodstock Park,-33.881868,151.1043248,park
Woodstock Reserve,-33.771552,151.0462423,park
Woodville Reserve,-33.9653869,151.1084156,park
Woodville Street Reserve,-33.9649852,151.1042527,park
Woodward Park,-33.9263586,150.9156296,park
Wooglemai Environmental Education Centre,-34.134567,150.499162,school
Woolgoolga Reserve,-33.7851245,151.2462668,park
Woollahra Park,-33.8761867,151.2641029,park
Woollahra Public School,-33.8863872,151.2411646,school
Woolooware High School,-34.0397909,151.1456572,school
Woolooware Oval,-34.0492705,151.1419922,park
Woolooware Public School,-34.0454544,151.1462143,school
Woolwash Park,-33.907309,151.208003,park
Woolway Park,-33.8950337,150.8554961,park
Woolway Reserve,-33.8144768,151.0892438,park
Woolwich Baths Beach,-33.8392907,151.1694519,beach
Woolwich Lookout,-33.8377943,151.1719867,park
Woolworths,-34.2282957,150.6835063,supermarket
Woolworths,-34.2231181,150.5925944,supermarket
Woolworths,-34.1011299,150.799585,supermarket
Woolworths,-34.0754121,150.7980966,supermarket
Woolworths,-34.0714712,150.8038638,supermarket
Woolworths,-34.0699631,150.7286456,supermarket
Woolworths,-34.0683942,150.8101469,supermarket
Woolworths,-34.0640468,151.0137778,supermarket
Woolworths,-34.0540691,150.6936738,supermarket
Woolworths,-34.0481635,150.759667,supermarket
Woolworths,-34.0436411,151.1183731,supermarket
Woolworths,-34.0419437,150.7384975,supermarket
Woolworths,-34.0384197,151.1420573,supermarket
Woolworths,-34.0349243,151.0989592,supermarket
Woolworths,-34.0344795,151.0734026,supermarket
Woolworths,-34.0329589,150.8164863,supermarket
Woolworths,-34.0302192,150.8495955,supermarket
Woolworths,-34.0270745,150.7778457,supermarket
Woolworths,-34.0160052,151.0660093,supermarket
Woolworths,-34.0133477,151.0160731,supermarket
Woolworths,-34.0105957,151.1034746,supermarket
Woolworths,-34.0003644,150.7405423,supermarket
Woolworths,-33.9990316,150.8639334,supermarket
Woolworths,-33.9965386,150.7920619,supermarket
Woolworths,-33.9872443,150.8909891,supermarket
Woolworths,-33.9684191,151.0648948,supermarket
Woolworths,-33.9673466,151.1111388,supermarket
Woolworths,-33.9660028,151.106241,supermarket
Woolworths,-33.962419,151.1328907,supermarket
Woolworths,-33.9619452,150.8063384,supermarket
Woolworths,-33.9583382,151.1406466,supermarket
Woolworths,-33.9578094,151.2313441,supermarket
Woolworths,-33.9539986,150.8968658,supermarket
Woolworths,-33.9538666,151.0343184,supermarket
Woolworths,-33.9527939,151.0512303,supermarket
Woolworths,-33.95191,150.8553215,supermarket
Woolworths,-33.9515717,151.0127164,supermarket
Woolworths,-33.9511631,151.2305818,supermarket
Woolworths,-33.9445458,151.2249659,supermarket
Woolworths,-33.9410869,151.1001385,supermarket
Woolworths,-33.9369318,150.8457869,supermarket
Woolworths,-33.9353534,151.0690219,supermarket
Woolworths,-33.9334853,150.9492869,supermarket
Woolworths,-33.9305917,151.1541661,supermarket
Woolworths,-33.926105,151.058126,supermarket
Woolworths,-33.9229274,151.1858394,supermarket
Woolworths,-33.9200959,151.2538217,supermarket
Woolworths,-33.9197639,150.8830457,supermarket
Woolworths,-33.9182121,150.9239052,supermarket
Woolworths,-33.9181527,151.0757911,supermarket
Woolworths,-33.9165951,151.1503796,supermarket
Woolworths,-33.9151746,151.0409224,supermarket
Woolworths,-33.914704,151.2407291,supermarket
Woolworths,-33.914039,151.1029731,supermarket
Woolworths,-33.9125035,151.1180258,supermarket
Woolworths,-33.9078123,150.8676258,supermarket
Woolworths,-33.9071953,151.1711557,supermarket
Woolworths,-33.9041623,151.1899282,supermarket
Woolworths,-33.9027374,151.1946733,supermarket
Woolworths,-33.8945995,151.2049073,supermarket
Woolworths,-33.8939774,151.2630931,supermarket
Woolworths,-33.8932306,150.9385289,supermarket
Woolworths,-33.891633,151.2515022,supermarket
Woolworths,-33.8913331,150.6190303,supermarket
Woolworths,-33.889077,151.1232776,supermarket
Woolworths,-33.8868041,150.8489957,supermarket
Woolworths,-33.8867361,150.8897456,supermarket
Woolworths,-33.8849317,151.1483629,supermarket
Woolworths,-33.8810537,151.2027041,supermarket
Woolworths,-33.8809551,151.1317423,supermarket
Woolworths,-33.8785274,151.243768,supermarket
Woolworths,-33.8744396,151.1050072,supermarket
Woolworths,-33.8733505,151.207381,supermarket
Woolworths,-33.8684498,150.9566816,supermarket
Woolworths,-33.8642366,150.9388534,supermarket
Woolworths,-33.8600863,150.8977335,supermarket
Woolworths,-33.8579345,151.1811878,supermarket
Woolworths,-33.8320703,151.2235314,supermarket
Woolworths,-33.8287181,150.9514309,supermarket
Woolworths,-33.8274991,151.2016989,supermarket
Woolworths,-33.8181755,150.9331628,supermarket
Woolworths,-33.815448,150.9714286,supermarket
Woolworths,-33.8151359,151.1691258,supermarket
Woolworths,-33.8118455,151.1074631,supermarket
Woolworths,-33.8102799,151.2085435,supermarket
Woolworths,-33.8067023,151.08824,supermarket
Woolworths,-33.8027349,150.95554,supermarket
Woolworths,-33.796376,150.9050362,supermarket
Woolworths,-33.7953772,150.7882171,supermarket
Woolworths,-33.7921756,151.08149,supermarket
Woolworths,-33.7919122,150.9993311,supermarket
Woolworths,-33.789278,150.6684464,supermarket
Woolworths,-33.7876851,151.2672814,supermarket
Woolworths,-33.7876027,150.9492426,supermarket
Woolworths,-33.7862293,151.198138,supermarket
Woolworths,-33.7836728,150.85313,supermarket
Woolworths,-33.778528,151.107676,supermarket
Woolworths,-33.7776776,151.1201923,supermarket
Woolworths,-33.776417,151.0528086,supermarket
Woolworths,-33.7755774,150.9312462,supermarket
Woolworths,-33.774145,150.696101,supermarket
Woolworths,-33.7726145,150.9700783,supermarket
Woolworths,-33.7703388,150.9071803,supermarket
Woolworths,-33.769139,150.7346232,supermarket
Woolworths,-33.7679775,150.8197084,supermarket
Woolworths,-33.7669754,150.7699916,supermarket
Woolworths,-33.7658958,151.2647602,supermarket
Woolworths,-33.7586008,150.9923688,supermarket
Woolworths,-33.755084,151.1518233,supermarket
Woolworths,-33.7530672,151.2876039,supermarket
Woolworths,-33.7527934,150.6587882,supermarket
Woolworths,-33.7506749,150.6905954,supermarket
Woolworths,-33.7505958,151.2246462,supermarket
Woolworths,-33.7492979,151.0646824,supermarket
Woolworths,-33.7465487,150.9522412,supermarket
Woolworths,-33.7460229,150.8361623,supermarket
Woolworths,-33.7451415,151.0302737,supermarket
Woolworths,-33.7443556,150.8094212,supermarket
Woolworths,-33.7434269,150.9223303,supermarket
Woolworths,-33.7399817,150.8858965,supermarket
Woolworths,-33.7392464,151.2094431,supermarket
Woolworths,-33.7337606,150.928205,supermarket
Woolworths,-33.7313049,151.0819032,supermarket
Woolworths,-33.7298013,151.1598144,supermarket
Woolworths,-33.7269341,150.7251381,supermarket
Woolworths,-33.7252298,150.8452528,supermarket
Woolworths,-33.7200867,150.7109507,supermarket
Woolworths,-33.7190008,150.9543384,supermarket
Woolworths,-33.7131678,150.9710841,supermarket
Woolworths,-33.7121947,151.2979876,supermarket
Woolworths,-33.7060477,150.9114223,supermarket
Woolworths,-33.7047506,151.0993583,supermarket
Woolworths,-33.703851,150.8759113,supermarket
Woolworths,-33.70122,150.8061774,supermarket
Woolworths,-33.6957119,151.2952831,supermarket
Woolworths,-33.6932248,151.018303,supermarket
Woolworths,-33.6902023,150.9275802,supermarket
Woolworths,-33.6860202,150.9513799,supermarket
Woolworths,-33.6753959,151.3024229,supermarket
Woolworths,-33.6243037,150.9102301,supermarket
Woolworths,-33.6051584,150.8214583,supermarket
Woolworths,-33.6015297,151.0069111,supermarket
Woolworths,-33.6010009,150.753114,supermarket
Woolworths,-33.5213038,151.3204781,supermarket
Woolworths,-33.439013,151.3952262,supermarket
Woolworths,-33.4257529,151.3440886,supermarket
Woolworths Auburn,-33.8502351,151.0319064,supermarket
Woolworths Bass Hill,-33.899708,150.9932269,supermarket
Woolworths Berala,-33.8716758,151.0320995,supermarket
Woolworths Burwood Plaza,-33.8774571,151.1019714,supermarket
Woolworths Carter St Metro,-33.8506453,151.0603977,supermarket
Woolworths Cherrybrook Village,-33.7204955,151.044149,supermarket
Woolworths Chester Hill,-33.8821986,151.0002949,supermarket
Woolworths Chullora,-33.892446,151.0616339,supermarket
Woolworths Cowper St Metro,-33.8323973,151.0134885,supermarket
Woolworths Ermington,-33.8146313,151.0543895,supermarket
Woolworths Granville,-33.8417343,151.0093121,supermarket
Woolworths Lidcombe,-33.8490044,151.0479237,supermarket
Woolworths Merrylands,-33.8350097,150.9902499,supermarket
Woolworths Metro,-34.0538968,151.1524304,supermarket
Woolworths Metro,-33.9512672,151.2499369,supermarket
Woolworths Metro,-33.9390492,151.1149829,supermarket
Woolworths Metro,-33.9242586,151.2119291,supermarket
Woolworths Metro,-33.9140572,151.2062247,supermarket
Woolworths Metro,-33.9112971,151.1551523,supermarket
Woolworths Metro,-33.906189,151.2625303,supermarket
Woolworths Metro,-33.9061256,151.2044827,supermarket
Woolworths Metro,-33.8985898,151.1817036,supermarket
Woolworths Metro,-33.8920493,151.1998321,supermarket
Woolworths Metro,-33.8891922,151.2756023,supermarket
Woolworths Metro,-33.8847889,151.200639,supermarket
Woolworths Metro,-33.8846881,151.26863,supermarket
Woolworths Metro,-33.8837104,151.2084909,supermarket
Woolworths Metro,-33.8833118,151.2159415,supermarket
Woolworths Metro,-33.882121,151.2278436,supermarket
Woolworths Metro,-33.8743762,151.22275,supermarket
Woolworths Metro,-33.8738128,151.2162076,supermarket
Woolworths Metro,-33.870859,151.2684341,supermarket
Woolworths Metro,-33.870228,151.1929945,supermarket
Woolworths Metro,-33.8701406,151.2252405,supermarket
Woolworths Metro,-33.8693268,151.2081628,supermarket
Woolworths Metro,-33.865314,151.2026518,supermarket
Woolworths Metro,-33.8648113,151.2064613,supermarket
Woolworths Metro,-33.8611384,151.1712289,supermarket
Woolworths Metro,-33.8377281,151.2069538,supermarket
Woolworths Metro,-33.8220911,151.1339111,supermarket
Woolworths Metro,-33.8149771,151.0097863,supermarket
Woolworths Metro,-33.8015601,150.6814063,supermarket
Woolworths Metro,-33.7974078,151.1816974,supermarket
Woolworths Metro,-33.7131375,150.9941859,supermarket
Woolworths Metro,-33.7127575,151.1469335,supermarket
Woolworths Metro,-33.6361287,151.3298692,supermarket
Woolworths Newington,-33.8340473,151.0556606,supermarket
Woolworths North Strathfield (Metro),-33.8588325,151.0927084,supermarket
Woolworths Parramatta,-33.8180336,151.0029769,supermarket
Woolworths Parramatta Station (Metro),-33.8175801,151.0044795,supermarket
Woolworths Rhodes,-33.8301207,151.0860029,supermarket
Woolworths Rosehill,-33.8197618,151.0203386,supermarket
Woolworths Strathfield,-33.8727087,151.0930478,supermarket
Woolworths Woy Woy,-33.4862746,151.3257188,supermarket
Woomera Reserve,-33.9786503,151.2382288,park
Woorarra Lookout Reserve,-33.7062684,151.2795782,park
Wooroona Reserve,-33.9367802,151.1478641,park
Woronora Heights Oval,-34.0343475,151.0249017,park
Woronora River Public School,-34.0264499,151.0414134,school
Worrell Park,-34.0695185,150.8411061,park
Worrell Park,-33.4077117,151.3526753,park
Worthing Creek Reserve,-33.438633,151.3997752,park
Woy Woy Lions Park,-33.4846951,151.3359439,park
Woy Woy Memorial Park,-33.4840678,151.3271603,park
Woy Woy South Public School,-33.5035784,151.3214112,school
Wren Reserve,-33.9191827,151.0083546,park
Wright Reserve,-33.7834703,151.1944658,park
Wright Reserve,-33.7334174,150.8935301,park
Writtle Park,-33.9146488,151.2364876,park
Wrixton Park,-33.8456889,151.2158124,park
Wu Ming Market,-33.79671,151.1819491,supermarket
Wulaba Park,-33.9026419,151.2137408,park
Wyagdon Street North Reserve,-33.8314781,151.2141373,park
Wyagdon Street Reserve,-33.8317781,151.2151288,park
Wyanda Reserve,-33.7471887,150.8113278,park
Wyangala Reserve,-34.0497863,150.8465154,park
Wyargine Reserve,-33.8191795,151.2524583,park
Wyatt Avenue Reserve,-33.8848665,151.1045707,park
Wyatt Park,-33.8567397,151.0403875,park
Wyatt Reserve,-33.7238732,151.2149537,park
Wycliffe Christian School,-33.720673,150.6153643,school
Wylde Mountain Bike Trails,-33.8825175,150.8245615,park
Wylde Park,-33.8704434,150.8901644,park
Wylie Street Reserve,-34.0256438,151.0704406,park
Wyndham College,-33.7254808,150.8792882,school
Wynyard Park,-33.8660701,151.206072,park
Wyoming Public School,-33.4091973,151.3557199,school
Xavier College,-33.7142803,150.7330626,school
Xpress Supermarket,-33.7703928,150.9094159,supermarket
Yagoona Public School,-33.9087808,151.0265529,school
Yakima Park,-33.8653272,150.8882635,park
Yallambee Road Park Playground,-33.6289953,151.1447665,park
Yamba Woora Reserve,-33.9476433,151.1315706,park
Yamble Reserve,-33.8006803,151.1080782,park
Yampi Park,-33.9251216,150.8870513,park
Yanco Close Reserve,-33.7490616,151.2146102,park
Yandelora School,-34.0433829,150.7324915,school
Yanginanook School,-33.7125199,151.2142816,school
Yanung Reserve,-33.763818,151.0598131,park
Yaochii,-33.8238568,151.195115,supermarket
Yaralla Estate,-33.8414549,151.097245,park
Yarluke Reserve,-33.8251731,151.1231764,park
Yarra Park,-33.6940962,150.8856543,park
Yarra Recreation Reserve,-33.979855,151.2316099,park
Yarra Vista Court Reserve,-34.0557247,151.0366309,park
Yarrabung Reserve,-33.7370527,151.1678072,park
Yarram Road Park,-33.5051638,151.3911178,park
Yarraman Park,-33.8843853,150.852761,park
Yarranabbe Park,-33.8700788,151.2355387,park
Yarrawarrah Public School,-34.0565056,151.0266486,school
Yarrawarrah Reserve,-34.0561156,151.0337152,park
Yarrawonga Reserve,-33.7439356,151.1525492,park
Yatama Park,-33.9263007,151.1042294,park
Yates Avenue Public School,-33.7956271,151.0583676,school
Yattenden Oval,-33.7662034,150.9944705,park
Yellomundee Park,-33.8906294,151.19766,park
Yellow Rock Park,-33.6972073,150.6443291,park
Yennora Park,-33.8686029,150.9742452,park
Yennora Public School,-33.8662932,150.9709745,school
Yeo Park,-33.9015496,151.1306901,park
Yeo Park Infants School,-33.9023681,151.1296469,school
Yeomans Park,-33.5811526,150.6977794,park
Yeomans Park,-33.5793554,150.6995883,park
Yeramba Street Reserve,-33.7441685,151.1169213,park
Yiraaldiya National Park,-33.7113321,150.7911722,park
Yonghui Supermarket,-33.7968814,151.1845363,supermarket
York Public School,-33.7769678,150.698125,school
York Street Park,-34.2171698,150.5932398,park
York Street Park,-33.8727626,151.0282835,park
Young Mart,-33.7944387,151.1819228,supermarket
Young Park,-33.8302418,150.9912812,park
Young Reserve,-34.0436457,150.8026246,park
Younger Reserve,-33.8433088,151.1036374,park
Yowie Bay Public School,-34.0481511,151.1027419,school
Yu Fu Supermarket,-33.8878465,151.1234083,supermarket
Yudi Gunyi School,-33.9040319,151.2030802,school
Yumbayumba Reserve,-34.0352788,151.0714217,park
Yuroka Street Playground,-33.4199763,151.3589972,park
Yuruga Reserve,-33.9528597,151.0666993,park
Yurulbin Park,-33.8468448,151.1862248,park
Zahra Grammar School,-34.0431686,150.8486717,school
Zaytouna Supermarket,-33.924182,150.9617477,supermarket
Zeldaline Gardens,-33.7323785,150.8194727,park
Zetciti Asian Grocery,-33.8248322,151.0784589,supermarket
beach,-34.02996,150.9203954,beach
park v,-33.7444046,150.9334997,park
Đại Thành,-33.8837857,150.926014,supermarket
